Name,Team,G,PA,AB,H,2B,3B,HR,R,RBI,BB,SO,HBP,SB,CS,-1,AVG,OBP,SLG,OPS,wOBA,-1,BsR,Fld,-1,Off,Def,WAR,playerid
Juan Soto,WSN,118,516,404,122,22,2,26,90,83,108,79,2,10,4,,0.303,0.451,0.563,1.014,0.436,,0.2,-1.2,,49.5,-6.5,6.4,20123
Aaron Judge,NYY,104,449,389,110,18,0,30,71,76,55,120,3,4,1,,0.281,0.371,0.559,0.93,0.403,,0.1,7.1,,35.5,3.6,5.7,15640
José Ramírez,CLE,111,477,413,114,27,4,26,75,86,57,63,5,18,4,,0.276,0.368,0.545,0.913,0.394,,1.9,2.8,,35.4,2.5,5.7,13510
Mike Trout,LAA,82,356,285,81,17,2,24,64,60,63,85,7,6,1,,0.283,0.421,0.602,1.024,0.435,,0.4,0.8,,36.8,1.4,5.3,10155
Mookie Betts,LAD,104,474,409,115,24,2,22,88,59,57,72,5,13,3,,0.282,0.375,0.509,0.884,0.386,,1,7.3,,30.3,2.6,5.2,13611
Vladimir Guerrero Jr.,TOR,120,511,444,133,22,1,31,85,83,59,78,5,2,1,,0.3,0.386,0.569,0.954,0.412,,-1,-0.1,,40,-9.6,5,19611
Trea Turner,LAD,112,500,458,136,26,3,19,75,69,35,89,4,25,4,,0.298,0.35,0.495,0.845,0.369,,3,-2.7,,27.4,2.3,4.9,16252
Kyle Tucker,HOU,114,465,416,117,27,3,23,68,81,45,87,2,18,2,,0.281,0.352,0.521,0.873,0.379,,2.4,4.9,,31.2,-0.1,4.9,18345
Manny Machado,SDP,117,494,440,126,23,1,22,67,78,49,81,2,10,2,,0.288,0.36,0.493,0.853,0.37,,1.2,2.7,,26.1,3.3,4.9,11493
Corey Seager,TEX,108,460,412,117,23,1,21,70,70,43,78,3,3,0,,0.284,0.353,0.5,0.853,0.372,,0.5,0.5,,25.9,4.9,4.9,13624
Freddie Freeman,LAD,116,510,441,131,27,2,23,79,76,61,88,5,5,2,,0.296,0.385,0.524,0.909,0.392,,0.3,2.5,,34.2,-6.1,4.8,5361
Rafael Devers,BOS,120,519,472,138,34,2,28,82,86,41,106,3,4,3,,0.292,0.35,0.546,0.896,0.387,,-0.6,-4.1,,30.6,-2.7,4.7,17350
Yordan Alvarez,HOU,110,464,408,116,25,1,31,74,90,49,108,4,1,1,,0.285,0.365,0.575,0.939,0.404,,-0.3,-0.8,,37.4,-9.8,4.5,19556
Nolan Arenado,STL,114,478,433,116,25,1,23,59,78,40,73,2,1,1,,0.268,0.331,0.492,0.823,0.356,,-0.2,6.9,,18.9,7.4,4.5,9777
Alex Bregman,HOU,99,429,360,96,24,1,17,62,65,60,59,5,2,1,,0.266,0.375,0.48,0.855,0.376,,-0.1,0.8,,25.4,2.2,4.4,17678
Xander Bogaerts,BOS,112,480,427,126,29,1,19,68,66,46,89,4,6,1,,0.294,0.366,0.497,0.863,0.378,,0.5,-4.7,,26.1,-0.5,4.4,12161
Matt Olson,ATL,114,485,412,111,27,0,28,69,88,65,102,6,2,1,,0.27,0.376,0.54,0.915,0.395,,-1.2,4,,29.4,-4.6,4.4,14344
Trevor Story,BOS,109,467,415,108,28,4,19,67,61,42,120,6,17,5,,0.26,0.335,0.482,0.817,0.357,,1.2,5.4,,18.6,7.1,4.3,12564
Carlos Correa,MIN,103,437,387,106,24,1,17,63,63,45,86,3,1,0,,0.274,0.353,0.468,0.821,0.361,,-1.1,3.4,,18.7,7.9,4.3,14162
Francisco Lindor,NYM,103,456,400,104,20,1,19,68,57,45,81,5,13,5,,0.259,0.338,0.455,0.794,0.347,,0.4,4.6,,16.8,8.4,4.3,12916
Marcus Semien,TEX,119,530,474,121,26,2,21,74,59,50,98,2,10,3,,0.255,0.326,0.453,0.779,0.343,,0.9,3.4,,18.1,5.4,4.3,12533
Bo Bichette,TOR,120,516,477,135,26,2,21,80,74,33,102,3,18,4,,0.283,0.332,0.476,0.808,0.355,,1.9,-2.5,,20.6,2.9,4.3,19612
Bryce Harper,PHI,108,463,382,106,28,1,26,75,76,73,109,4,11,2,,0.277,0.395,0.559,0.954,0.409,,0.8,-0.8,,35.2,-10.8,4.2,11579
Matt Chapman,TOR,114,469,410,94,20,3,24,64,66,52,133,5,1,1,,0.231,0.322,0.466,0.788,0.347,,-0.3,8.1,,14,9.7,4.1,16505
Will Smith,LAD,97,368,315,81,16,1,19,54,66,43,80,8,2,0,,0.256,0.358,0.5,0.857,0.375,,0.1,1,,19.7,6.5,4.1,19197
Ronald Acuña Jr.,ATL,86,387,327,90,17,1,24,71,57,51,103,7,16,5,,0.276,0.384,0.554,0.937,0.407,,0.9,2.9,,28.7,-3.3,4.1,18401
Tommy Edman,STL,120,510,467,128,23,5,10,70,48,33,77,6,23,4,,0.275,0.328,0.413,0.742,0.329,,3.3,5.8,,13,7.5,4,19470
Ozzie Albies,ATL,120,525,481,130,29,5,20,78,67,36,91,4,14,4,,0.271,0.324,0.475,0.799,0.348,,1.4,2.5,,15.5,4.3,4,16556
Wander Franco,TBR,96,424,388,109,22,6,12,67,54,30,55,2,7,4,,0.281,0.333,0.463,0.796,0.349,,0,3.2,,17.7,5.9,4,23667
Pete Alonso,NYM,115,491,428,112,19,1,31,66,87,48,113,12,2,0,,0.262,0.35,0.529,0.879,0.381,,-0.2,-0.4,,30.1,-9.9,3.9,19251
Cedric Mullins,BAL,119,505,456,120,23,4,18,63,48,37,95,6,21,5,,0.263,0.324,0.45,0.774,0.34,,1.9,3.5,,15.6,4.4,3.9,17929
Jose Altuve,HOU,100,453,407,112,20,1,20,74,55,40,69,3,5,3,,0.275,0.343,0.478,0.821,0.36,,-0.9,-0.9,,20.7,0.6,3.8,5417
Jorge Polanco,MIN,117,505,458,125,27,3,20,70,71,41,94,3,8,5,,0.273,0.335,0.476,0.81,0.356,,-0.6,-1.9,,20.2,-0.8,3.8,13152
Brandon Lowe,TBR,106,435,382,92,20,2,24,64,68,44,124,6,5,1,,0.241,0.327,0.494,0.82,0.358,,0.7,-0.8,,22.1,-0.9,3.7,18882
Luis Robert,CHW,90,388,359,101,17,3,17,54,53,22,92,6,13,4,,0.282,0.332,0.489,0.821,0.359,,1.5,2.6,,18.8,3.6,3.7,20043
Max Muncy,LAD,106,427,353,83,16,2,23,66,72,66,100,6,2,1,,0.234,0.362,0.482,0.844,0.371,,0,0.6,,21.4,-0.9,3.7,13301
Tim Anderson,CHW,104,450,427,130,23,1,15,69,47,17,87,4,16,5,,0.304,0.334,0.468,0.802,0.351,,0.9,-3.5,,18.4,1.2,3.6,15172
Julio Rodríguez,SEA,77,338,309,86,15,1,12,43,40,24,85,4,15,4,,0.279,0.337,0.448,0.784,0.346,,0.9,7.6,,14,8.8,3.6,23697
Ty France,SEA,119,495,439,127,23,1,16,62,67,34,83,19,1,1,,0.289,0.363,0.459,0.822,0.364,,-0.4,0.1,,25.9,-8.9,3.5,17982
Jonathan India,CIN,105,441,375,99,23,1,14,68,50,48,100,15,8,2,,0.264,0.369,0.445,0.814,0.363,,-0.1,1.1,,15.3,2.5,3.5,21523
J.T. Realmuto,PHI,103,419,378,97,19,2,14,57,55,33,98,6,8,1,,0.258,0.326,0.432,0.759,0.335,,1,2.7,,8.3,9.6,3.4,11739
Paul Goldschmidt,STL,114,486,429,119,25,1,19,66,67,52,106,2,6,1,,0.278,0.356,0.476,0.832,0.365,,1.1,0.2,,24.1,-8.5,3.4,9218
Austin Riley,ATL,118,490,440,117,24,1,24,62,71,40,132,7,1,1,,0.267,0.336,0.491,0.827,0.362,,-0.5,-4.1,,17.6,-2.3,3.4,18360
Bobby Witt Jr.,KCR,100,446,407,106,22,3,16,53,50,28,101,5,18,6,,0.261,0.315,0.446,0.761,0.335,,1.1,3.6,,11.2,5.9,3.3,25764
Shohei Ohtani,LAA,115,454,393,102,20,4,28,70,77,56,128,2,16,7,,0.26,0.354,0.543,0.897,0.384,,0.2,0,,28.6,-12.1,3.3,19755
Joey Gallo,NYY,104,407,332,67,10,1,27,60,63,69,152,4,4,1,,0.201,0.343,0.482,0.825,0.362,,0.4,2.4,,19.5,-1.5,3.3,14128
Yoán Moncada,CHW,99,428,376,97,20,3,15,54,48,45,116,4,4,1,,0.257,0.341,0.44,0.781,0.346,,0.4,0.4,,15.3,2,3.3,17232
Willy Adames,MIL,114,453,404,100,21,1,20,61,57,45,130,1,4,3,,0.248,0.323,0.454,0.777,0.342,,-0.9,1.3,,9.7,5.8,3.3,15986
Bryan Reynolds,PIT,120,490,430,116,23,5,16,65,57,53,104,4,4,2,,0.27,0.355,0.462,0.817,0.359,,-1,-4.5,,17.8,-3.6,3.3,19326
Byron Buxton,MIN,71,272,251,67,17,1,18,45,44,14,70,4,8,1,,0.265,0.313,0.563,0.876,0.378,,1,5.8,,17,4.7,3.2,14161
DJ LeMahieu,NYY,109,485,438,123,21,1,9,67,47,41,67,3,4,2,,0.28,0.345,0.399,0.745,0.333,,-0.5,4,,11.3,3.4,3.2,9874
Jake Cronenworth,SDP,110,468,416,110,23,5,12,63,49,41,74,6,5,3,,0.264,0.337,0.431,0.768,0.339,,-0.6,2.1,,11.7,2.5,3.2,18036
Max Kepler,MIN,100,405,353,86,19,2,17,54,51,44,71,5,6,2,,0.243,0.332,0.457,0.789,0.347,,-0.3,6.8,,13.8,2.7,3.1,12144
J.P. Crawford,SEA,118,492,439,117,23,2,9,59,42,43,89,6,4,4,,0.265,0.336,0.391,0.727,0.325,,-1.2,-1.5,,10.1,3.6,3.1,15491
Dansby Swanson,ATL,117,474,428,105,23,2,18,61,59,39,127,4,8,2,,0.246,0.312,0.435,0.747,0.327,,0.7,2.5,,5.8,7.8,3.1,18314
Andrés Giménez,CLE,107,375,345,90,18,3,12,46,42,16,89,9,15,3,,0.26,0.31,0.435,0.744,0.327,,1.1,6.6,,8.3,8.9,3.1,19950
Cody Bellinger,LAD,101,405,357,85,19,3,19,57,62,44,102,2,9,2,,0.238,0.323,0.467,0.79,0.343,,0.9,1.6,,12.5,3.2,3.1,15998
Myles Straw,CLE,122,485,429,114,20,3,3,65,29,50,93,1,25,5,,0.266,0.342,0.343,0.685,0.311,,3.1,5.4,,6.4,7.1,3.1,17620
Austin Meadows,DET,107,440,392,105,23,4,19,59,75,40,84,5,5,3,,0.267,0.342,0.489,0.831,0.363,,-0.6,0.4,,19.8,-4.9,3.1,15672
Josh Donaldson,NYY,98,398,337,82,17,0,18,51,53,55,92,4,1,1,,0.244,0.355,0.454,0.809,0.359,,-1,1.9,,16.7,-0.6,3.1,5038
Brandon Nimmo,NYM,82,336,278,73,15,4,8,45,28,47,69,7,3,3,,0.264,0.382,0.436,0.818,0.366,,-0.7,0,,16.2,1.2,3,12927
Ketel Marte,ARI,100,413,374,105,26,4,12,51,44,32,68,3,4,1,,0.281,0.341,0.469,0.81,0.355,,0.4,-0.3,,13.6,1.2,3,13613
Anthony Rendon,LAA,84,363,314,83,20,1,13,47,54,43,58,4,2,0,,0.266,0.359,0.459,0.817,0.36,,-0.1,-0.1,,15.8,1.1,3,12861
Yasmani Grandal,CHW,93,367,299,68,11,1,16,42,50,62,87,3,1,1,,0.226,0.361,0.426,0.787,0.354,,-0.6,2.3,,14.2,2.5,3,11368
Javier Báez,DET,108,432,404,102,21,2,18,55,58,19,122,6,11,4,,0.254,0.296,0.447,0.743,0.324,,0.4,2.2,,7.7,6.8,3,12979
Tyler O'Neill,STL,113,425,381,97,18,2,24,66,68,32,134,8,11,3,,0.255,0.323,0.5,0.823,0.359,,0.2,0.6,,18.2,-4.5,3,15711
Brandon Crawford,SFG,104,404,361,90,18,2,12,49,50,36,81,5,5,2,,0.25,0.325,0.409,0.734,0.323,,0,4.1,,5.7,8.6,3,5343
Giancarlo Stanton,NYY,99,417,369,97,15,0,25,48,76,42,117,3,1,0,,0.262,0.34,0.504,0.844,0.368,,-0.2,0.2,,21.2,-7,2.9,4949
George Springer,TOR,83,358,314,84,16,2,19,58,52,36,78,5,4,2,,0.267,0.348,0.51,0.859,0.374,,0.2,-0.7,,18.6,-2.7,2.9,12856
Anthony Rizzo,NYY,104,435,372,95,17,2,20,57,60,44,70,17,5,2,,0.255,0.359,0.471,0.83,0.366,,-0.5,0,,21.2,-7.7,2.9,3473
Harrison Bader,STL,101,351,314,77,16,1,12,46,38,28,83,7,12,2,,0.244,0.318,0.416,0.734,0.323,,1.6,7.3,,6.9,8.8,2.9,18030
Enrique Hernández,BOS,109,427,379,94,23,2,15,58,51,39,82,6,1,0,,0.249,0.325,0.438,0.763,0.337,,-0.2,2.6,,9,4.2,2.9,10472
Willson Contreras,CHC,95,371,317,77,15,1,16,50,48,39,94,13,3,2,,0.244,0.349,0.447,0.796,0.354,,-0.6,0.2,,11.5,2.9,2.9,11609
Trent Grisham,SDP,109,439,380,88,19,4,12,51,49,51,104,4,9,3,,0.232,0.327,0.4,0.728,0.325,,0.7,2.8,,7.6,4.3,2.8,18564
Ke'Bryan Hayes,PIT,90,379,339,88,22,2,7,44,35,34,80,2,8,2,,0.26,0.331,0.395,0.726,0.324,,0.5,7.2,,5.1,8.5,2.8,18577
Jeimer Candelario,DET,111,464,414,102,24,3,13,54,48,43,104,4,1,1,,0.246,0.322,0.415,0.737,0.327,,-0.7,1.8,,8.2,3,2.8,13621
Seiya Suzuki,CHC,109,453,406,115,23,2,18,61,66,40,88,3,8,6,,0.282,0.349,0.48,0.829,0.36,,-1.3,-0.2,,15.7,-4.9,2.8,30116
Luis Urías,MIL,104,414,356,91,17,2,14,54,52,45,88,9,4,2,,0.255,0.35,0.431,0.781,0.348,,-0.5,-1.6,,10.8,1.2,2.7,16622
Jeff McNeil,NYM,100,392,355,102,21,2,8,48,43,27,50,8,4,1,,0.287,0.349,0.424,0.773,0.344,,0.2,0.3,,13.2,-0.5,2.7,15362
Christian Yelich,MIL,97,415,353,92,18,2,17,64,55,55,99,4,12,2,,0.262,0.366,0.47,0.836,0.367,,1.6,-1.7,,19.2,-7.5,2.7,11477
Nicky Lopez,KCR,115,445,396,105,18,3,3,51,28,36,59,4,12,3,,0.266,0.331,0.347,0.678,0.307,,1.3,6.4,,1.8,9.3,2.7,19339
Dylan Carlson,STL,118,483,429,112,26,4,14,59,54,42,105,7,3,1,,0.262,0.335,0.441,0.776,0.342,,-0.1,-0.3,,14.1,-4.9,2.7,20126
Eduardo Escobar,NYM,107,445,403,97,20,4,18,53,58,38,100,1,1,1,,0.24,0.306,0.446,0.752,0.329,,0.1,0.2,,10,0.4,2.7,6153
Whit Merrifield,KCR,120,535,497,135,28,3,8,67,50,30,78,3,24,5,,0.271,0.314,0.39,0.703,0.311,,2.6,5.5,,5,3.1,2.7,11281
Kyle Schwarber,PHI,99,398,340,81,14,1,25,58,62,52,112,4,2,1,,0.239,0.343,0.507,0.85,0.37,,-0.8,-0.2,,16.9,-5,2.7,16478
Ryan McMahon,COL,117,445,396,101,22,2,18,58,65,44,123,3,3,2,,0.254,0.332,0.455,0.787,0.346,,-0.1,2.8,,5.5,4.5,2.7,15112
Josh Bell,WSN,109,440,384,107,21,1,20,61,75,51,76,3,0,1,,0.28,0.366,0.497,0.863,0.377,,-2,-1.8,,19.8,-9.6,2.7,13145
Tyler Stephenson,CIN,99,318,281,77,16,0,9,43,39,31,68,5,0,0,,0.274,0.353,0.421,0.775,0.345,,-0.2,2.2,,6.6,7.6,2.6,17988
Kolten Wong,MIL,102,395,350,91,19,3,9,49,38,30,68,10,12,4,,0.261,0.335,0.413,0.749,0.332,,1.1,2.9,,7.3,4.3,2.6,12532
Salvador Perez,KCR,108,448,421,106,20,0,25,51,70,16,112,8,1,0,,0.252,0.291,0.479,0.77,0.334,,-0.2,-0.3,,10,0.4,2.6,7304
Jared Walsh,LAA,111,438,397,105,21,1,24,56,78,35,114,4,1,1,,0.263,0.327,0.502,0.829,0.36,,-1,0.1,,18.2,-7.5,2.6,18607
Adam Duvall,ATL,108,403,368,82,15,2,23,49,79,27,121,5,2,0,,0.224,0.284,0.457,0.741,0.323,,0.8,5.6,,3.8,7.2,2.6,10950
Mitch Haniger,SEA,94,411,370,91,17,1,21,60,62,33,102,6,2,0,,0.246,0.316,0.472,0.788,0.345,,-0.3,0.2,,15.5,-4.3,2.6,14274
Keibert Ruiz,WSN,82,336,306,83,17,1,11,36,43,24,41,4,0,0,,0.271,0.328,0.442,0.77,0.34,,-0.1,0.3,,7,6.1,2.6,19610
Adam Frazier,SEA,119,477,432,116,22,3,6,58,36,35,59,6,5,5,,0.27,0.331,0.378,0.709,0.317,,-0.9,2.3,,6.9,1.7,2.5,15223
Taylor Ward,LAA,82,339,294,79,18,2,14,49,43,39,83,4,4,2,,0.27,0.361,0.487,0.848,0.373,,-0.1,-1.8,,18.1,-5.3,2.5,17548
Andrew Benintendi,KCR,108,452,407,113,23,4,12,53,53,37,83,3,7,4,,0.278,0.34,0.436,0.776,0.343,,-0.9,1.3,,12.4,-3.3,2.5,17901
Adolis García,TEX,114,458,427,99,20,3,21,59,69,22,135,6,11,4,,0.233,0.276,0.444,0.72,0.315,,0.6,3.7,,5.5,3.4,2.5,19287
Mike Yastrzemski,SFG,101,397,350,87,20,3,16,53,50,37,97,6,3,2,,0.249,0.327,0.458,0.785,0.344,,-0.6,1.2,,11.3,-0.9,2.5,14854
Jean Segura,PHI,103,439,404,115,19,2,11,57,44,27,61,5,9,3,,0.284,0.334,0.42,0.754,0.333,,0.3,-0.5,,7.6,1,2.5,5933
Jeremy Peña,HOU,78,328,301,78,10,3,13,33,34,19,86,5,6,3,,0.258,0.311,0.441,0.752,0.331,,0.2,0.7,,8.4,4.1,2.5,21636
Joey Wendle,MIA,95,347,319,87,20,3,7,45,33,19,65,7,8,3,,0.272,0.326,0.417,0.743,0.328,,0.4,2.6,,6.8,4.5,2.4,13853
Spencer Torkelson,DET,99,408,352,84,17,1,20,51,55,43,94,6,3,1,,0.238,0.33,0.464,0.794,0.35,,-0.4,2.3,,14.5,-4.9,2.4,27465
Rhys Hoskins,PHI,99,426,363,87,22,2,22,58,64,55,107,5,2,1,,0.239,0.345,0.489,0.835,0.366,,-0.6,-1.5,,17.2,-8.7,2.4,16472
Sean Murphy,OAK,87,315,277,61,17,1,11,38,42,28,84,7,1,0,,0.219,0.305,0.412,0.716,0.319,,-0.2,3.9,,5.2,7.3,2.4,19352
C.J. Cron,COL,103,408,362,100,22,1,22,51,69,34,93,9,1,0,,0.277,0.351,0.526,0.877,0.381,,-0.2,0.9,,15.9,-7.3,2.4,12546
Michael Brantley,HOU,95,409,373,110,23,2,9,50,43,29,46,3,2,1,,0.296,0.35,0.436,0.786,0.348,,-0.4,1.3,,15,-6,2.4,4106
Miguel Rojas,MIA,105,406,373,97,18,2,6,43,34,25,51,4,8,3,,0.259,0.312,0.369,0.681,0.303,,-0.4,5.3,,-0.5,9,2.4,7802
Ha-Seong Kim,SDP,102,361,321,74,17,2,11,46,48,32,74,4,8,1,,0.232,0.308,0.398,0.706,0.314,,1,2.3,,3.7,6.3,2.3,27506
Mark Canha,NYM,98,393,330,81,13,2,13,56,45,46,88,15,4,2,,0.245,0.359,0.414,0.773,0.348,,-0.3,-1.5,,14.1,-5.2,2.3,11445
Eugenio Suárez,SEA,110,447,392,85,16,1,21,52,62,47,132,6,1,1,,0.217,0.308,0.427,0.736,0.326,,-0.6,-1.3,,9.9,-2.5,2.3,12552
Gleyber Torres,NYY,109,433,387,100,18,0,15,49,55,39,87,2,7,3,,0.258,0.327,0.427,0.753,0.333,,-0.3,-3.3,,10.3,-2.6,2.3,16997
Yandy Díaz,TBR,93,379,327,87,15,1,9,46,39,48,56,2,1,2,,0.267,0.362,0.394,0.757,0.34,,-1.2,-0.4,,12.1,-2.7,2.3,16578
Jazz Chisholm Jr.,MIA,99,399,362,87,14,6,16,53,49,29,120,4,16,6,,0.24,0.3,0.443,0.743,0.326,,0.7,-0.9,,7.6,0.5,2.3,20454
J.D. Martinez,BOS,104,449,403,113,28,1,19,60,66,40,104,3,1,0,,0.282,0.348,0.496,0.845,0.367,,-0.3,-1.4,,19.7,-12.6,2.3,6184
Isaac Paredes,TBR,79,319,279,70,11,2,10,40,31,33,51,3,1,1,,0.25,0.334,0.41,0.744,0.332,,-0.5,1.3,,8.6,2.5,2.3,20036
Amed Rosario,CLE,121,493,461,125,20,6,9,61,48,26,94,2,13,3,,0.27,0.311,0.401,0.712,0.314,,1.2,-3.9,,5.6,-0.1,2.3,15518
Paul DeJong,STL,96,370,329,70,15,1,14,44,45,31,97,7,5,1,,0.213,0.294,0.387,0.681,0.304,,0.3,4.3,,0.3,8.5,2.2,18015
Nick Castellanos,PHI,111,467,428,118,28,1,20,65,68,31,100,6,3,1,,0.276,0.331,0.488,0.82,0.357,,-0.2,-4.5,,16.1,-10.6,2.2,11737
Jesús Sánchez,MIA,92,367,335,80,11,3,14,42,45,26,101,4,1,1,,0.241,0.303,0.422,0.725,0.319,,-0.9,4.2,,3.4,5.4,2.2,19913
Mauricio Dubón,HOU,107,384,355,92,14,1,11,47,38,21,63,3,6,3,,0.26,0.304,0.397,0.702,0.31,,-0.2,4.3,,3,5.7,2.2,16530
Gabriel Arias,CLE,88,371,343,89,18,2,9,45,36,21,92,3,3,1,,0.26,0.308,0.409,0.716,0.317,,0.1,0.7,,4.3,4.8,2.2,22563
Hunter Renfroe,MIL,108,409,371,86,18,0,25,56,61,33,110,1,2,1,,0.232,0.296,0.478,0.774,0.337,,-0.5,4.4,,7.5,-0.6,2.2,15464
José Abreu,CHW,109,473,423,108,24,1,19,57,78,37,101,10,1,0,,0.256,0.327,0.453,0.78,0.343,,-0.4,-0.3,,14.8,-9.4,2.2,15676
Austin Hays,BAL,98,408,375,99,22,2,16,52,53,23,83,5,4,3,,0.263,0.313,0.462,0.775,0.34,,-0.4,1.2,,10.6,-3.3,2.2,19363
Jonathan Schoop,DET,115,467,437,109,20,1,16,55,52,21,92,6,1,0,,0.25,0.292,0.409,0.701,0.309,,0.2,0.9,,2.7,2.6,2.2,11265
Nathaniel Lowe,TEX,117,477,418,109,19,1,16,57,57,54,115,2,4,0,,0.261,0.346,0.424,0.77,0.342,,0.5,-2,,15.8,-10.7,2.2,19566
MJ Melendez,KCR,88,361,323,79,16,1,15,42,44,31,89,2,1,3,,0.245,0.313,0.442,0.755,0.333,,-1.1,0,,6.7,2,2.2,22197
Ramón Laureano,OAK,76,308,275,69,17,1,12,42,37,24,79,7,9,3,,0.252,0.327,0.456,0.783,0.346,,0.5,0.6,,12.2,-1.8,2.2,17128
Trey Mancini,BAL,113,476,430,118,24,1,19,59,62,37,102,6,0,0,,0.275,0.338,0.468,0.806,0.353,,-0.5,-2.3,,17.4,-12.5,2.1,15149
Omar Narváez,MIL,92,327,289,73,13,0,9,35,35,32,66,5,0,0,,0.253,0.335,0.396,0.731,0.327,,-0.3,-0.9,,3.4,5.7,2.1,13338
Ian Happ,CHC,115,422,360,88,16,1,18,54,56,56,120,3,7,2,,0.244,0.348,0.446,0.794,0.352,,0.1,-2.5,,13.2,-7.5,2.1,17919
Starling Marte,NYM,97,419,382,104,20,2,10,59,46,23,77,11,22,6,,0.272,0.329,0.419,0.747,0.331,,2.1,-2,,12,-6.3,2.1,9241
Jake Burger,CHW,86,383,343,86,12,1,14,43,40,28,78,9,1,1,,0.25,0.32,0.412,0.732,0.327,,-0.7,-0.8,,6.9,0.4,2.1,22275
Jacob Stallings,MIA,85,298,267,65,12,1,5,28,33,26,65,2,0,0,,0.242,0.312,0.347,0.66,0.297,,-0.8,6.6,,-2.3,11.9,2.1,13723
Isiah Kiner-Falefa,NYY,119,472,435,115,19,2,6,54,39,25,72,7,13,4,,0.264,0.311,0.356,0.667,0.298,,0.7,-0.3,,-0.5,4.9,2.1,16512
Brian Anderson,MIA,82,331,289,73,16,1,10,39,36,32,80,8,4,1,,0.252,0.341,0.418,0.759,0.338,,0.6,-0.1,,9.2,-0.7,2.1,18289
Teoscar Hernández,TOR,102,413,379,99,19,1,22,56,69,27,110,4,7,3,,0.262,0.317,0.491,0.808,0.353,,0.7,-4,,15,-8.8,2.1,13066
Alex Verdugo,BOS,111,441,401,112,24,1,10,56,45,34,66,2,5,2,,0.28,0.336,0.422,0.758,0.333,,-0.6,2.7,,7.6,-2.4,2.1,17027
Christian Vázquez,BOS,100,362,333,85,16,1,8,37,37,23,67,2,4,3,,0.255,0.304,0.377,0.681,0.303,,-1.3,3.7,,-3,10.6,2,9774
Tommy Pham,CIN,106,427,367,95,17,1,14,59,43,56,96,3,11,3,,0.258,0.358,0.425,0.782,0.349,,0.8,-1.1,,11.1,-6.2,2,2967
Austin Slater,SFG,100,292,253,63,12,2,9,36,33,32,77,5,10,1,,0.249,0.343,0.418,0.76,0.338,,1.4,1.2,,8.8,0.5,2,16153
Gavin Lux,LAD,103,406,362,89,16,4,11,57,52,40,91,1,5,1,,0.245,0.32,0.405,0.725,0.322,,0.6,-0.1,,5.5,0,2,19955
Adalberto Mondesi,KCR,69,278,259,62,12,4,8,34,31,14,82,1,26,4,,0.238,0.277,0.407,0.683,0.3,,3.6,4.5,,2.4,7.6,2,13769
Daulton Varsho,ARI,89,340,305,77,15,2,13,43,39,28,77,3,8,2,,0.251,0.319,0.44,0.759,0.334,,0.7,-0.9,,6.1,1.3,2,19918
Randy Arozarena,TBR,111,446,396,100,22,2,14,61,48,36,119,11,16,9,,0.251,0.328,0.426,0.754,0.334,,-1.8,-1.1,,11.8,-7.4,2,19290
Mike Zunino,TBR,79,272,246,47,10,1,16,33,40,20,98,4,0,0,,0.191,0.261,0.429,0.69,0.303,,-0.1,2.7,,1.8,8.2,2,13265
Akil Baddoo,DET,94,350,313,80,15,5,10,46,40,34,88,0,14,3,,0.255,0.327,0.434,0.761,0.335,,1.6,-4,,10.5,-3.1,2,22168
David Fletcher,LAA,106,446,414,113,21,3,3,51,30,25,41,1,8,2,,0.272,0.313,0.36,0.673,0.3,,0.2,2.4,,-0.8,5.1,2,17992
Gio Urshela,MIN,98,367,341,93,20,1,11,42,44,21,70,2,1,0,,0.273,0.316,0.434,0.75,0.33,,-0.7,-1.3,,7,-0.3,2,10681
Kris Bryant,COL,98,422,369,104,24,1,18,64,56,41,88,9,5,1,,0.283,0.365,0.5,0.865,0.378,,0.1,-5.9,,15.9,-11.5,2,15429
Alek Thomas,ARI,75,341,310,83,16,5,8,41,34,25,71,3,6,4,,0.267,0.326,0.429,0.755,0.333,,-0.4,1,,4.9,2.1,2,23792
Luis Arraez,MIN,106,424,381,117,19,3,3,52,33,40,37,1,3,2,,0.306,0.371,0.395,0.767,0.343,,-1.1,-2.7,,12.1,-7.4,2,18568
Patrick Wisdom,CHC,93,348,312,69,14,0,22,48,56,29,129,3,4,2,,0.221,0.293,0.477,0.77,0.336,,0,-0.8,,6.6,0,1.9,13602
Jorge Soler,MIA,111,454,394,88,19,0,24,53,60,52,124,5,1,1,,0.223,0.32,0.453,0.773,0.341,,-0.6,-4.1,,12.5,-9.5,1.9,14221
Danny Jansen,TOR,64,216,189,44,10,1,11,29,30,21,43,4,0,0,,0.234,0.321,0.463,0.785,0.346,,0,0.7,,6.4,4.6,1.9,16535
Anthony Santander,BAL,101,416,382,97,22,1,18,49,55,26,87,5,1,2,,0.255,0.309,0.458,0.767,0.336,,-1.2,1.1,,8.7,-4.2,1.9,14551
Brandon Belt,SFG,87,348,298,73,14,2,15,46,42,43,88,4,2,1,,0.244,0.346,0.454,0.799,0.353,,-0.6,0.8,,12.1,-5.9,1.9,10264
Jonah Heim,TEX,70,264,241,60,12,0,7,29,29,19,44,1,1,1,,0.249,0.307,0.382,0.689,0.308,,-0.5,5.2,,1,8.4,1.9,16930
Yuli Gurriel,HOU,100,413,377,105,22,1,10,51,51,30,51,4,2,1,,0.279,0.336,0.425,0.761,0.336,,-0.3,0.4,,11.6,-7,1.9,19198
Nick Ahmed,ARI,95,352,324,78,19,3,8,40,38,25,76,1,4,2,,0.242,0.296,0.388,0.685,0.302,,0.2,5.4,,-2.6,8.6,1.9,12147
Luis Rengifo,LAA,81,322,290,72,12,3,8,37,29,25,62,4,7,4,,0.247,0.312,0.385,0.697,0.311,,-0.3,2.1,,1.7,5.7,1.9,19858
Jesse Winker,SEA,95,376,324,84,18,1,12,46,41,43,61,5,1,1,,0.258,0.352,0.426,0.779,0.347,,-0.9,-3.6,,14,-8.4,1.9,13590
Victor Robles,WSN,105,391,342,81,20,2,6,45,33,27,96,14,12,5,,0.236,0.317,0.362,0.679,0.305,,0.8,4.5,,-1.5,5.9,1.9,18363
Johan Camargo,PHI,94,334,304,78,15,1,12,39,39,26,67,2,0,1,,0.257,0.317,0.429,0.746,0.329,,-0.3,0.7,,4,2.1,1.8,14950
Kevin Kiermaier,TBR,92,317,289,66,14,5,6,40,32,22,79,4,9,3,,0.228,0.29,0.375,0.665,0.294,,0.6,5.6,,0.6,6.5,1.8,11038
Alec Bohm,PHI,103,408,369,99,16,2,11,47,47,31,92,2,4,2,,0.268,0.326,0.409,0.734,0.325,,0.1,-1.3,,4.3,-0.8,1.8,21618
Ryan Mountcastle,BAL,104,431,402,108,18,1,21,53,68,24,111,3,3,1,,0.268,0.312,0.473,0.786,0.343,,-0.2,-0.7,,12.4,-9.1,1.8,18373
César Hernández,WSN,111,480,432,110,19,2,10,59,44,41,95,4,4,2,,0.254,0.323,0.378,0.7,0.313,,-0.6,-0.4,,-0.2,1.2,1.8,10556
Steven Kwan,CLE,86,376,338,96,16,4,7,49,36,31,40,3,5,3,,0.284,0.347,0.418,0.765,0.34,,-0.4,-2,,10.5,-5.6,1.8,24610
Nico Hoerner,CHC,71,261,239,66,11,2,3,26,26,17,38,4,6,3,,0.276,0.332,0.375,0.707,0.315,,-0.2,4.6,,0.4,7.6,1.8,21479
Chas McCormick,HOU,86,305,273,66,10,2,10,38,36,27,78,3,6,3,,0.24,0.312,0.402,0.713,0.318,,-0.4,3.4,,4.2,2.8,1.8,19599
Max Stassi,LAA,64,221,196,43,7,1,8,28,24,20,70,4,0,0,,0.22,0.302,0.39,0.691,0.31,,-0.2,3.7,,1,8.6,1.8,10059
Robbie Grossman,DET,111,439,372,89,17,2,11,51,41,58,103,5,10,3,,0.238,0.346,0.384,0.73,0.329,,-0.1,-1.6,,9,-6.4,1.8,5254
Eloy Jiménez,CHW,78,324,302,82,15,1,17,38,56,19,79,1,0,0,,0.273,0.316,0.5,0.816,0.356,,-0.2,-3.3,,13.5,-7.4,1.8,17484
Lorenzo Cain,MIL,82,328,296,75,14,0,6,40,24,27,60,4,10,4,,0.254,0.322,0.36,0.682,0.307,,0.4,4.9,,-0.7,6.1,1.7,9077
Donovan Walton,SFG,70,295,263,70,14,1,7,39,34,21,43,6,1,3,,0.264,0.331,0.41,0.741,0.329,,-2,-0.5,,3.5,2.8,1.7,19314
Victor Reyes,DET,96,325,306,86,17,4,7,41,31,15,68,1,9,3,,0.282,0.316,0.429,0.745,0.327,,0.4,1,,6.6,-0.9,1.7,15487
Lourdes Gurriel Jr.,TOR,105,415,386,104,23,1,16,49,59,21,83,4,3,3,,0.269,0.31,0.459,0.769,0.336,,-0.7,-0.1,,8.5,-5.6,1.7,19238
Bryan De La Cruz,MIA,99,379,345,94,15,2,10,41,35,27,86,2,2,3,,0.273,0.327,0.413,0.741,0.328,,-1.3,-0.7,,5.8,-2.3,1.7,19600
Manuel Margot,TBR,103,360,328,86,16,3,8,42,44,28,62,1,12,6,,0.262,0.322,0.402,0.724,0.32,,0,2.7,,7,-2.5,1.7,14712
Brett Phillips,TBR,95,286,248,46,6,4,10,36,32,32,109,2,13,1,,0.185,0.281,0.361,0.642,0.289,,2,7.6,,0.7,6.1,1.7,14735
Francisco Mejía,TBR,71,239,220,56,12,2,7,27,31,12,48,5,0,0,,0.254,0.306,0.42,0.726,0.319,,0,-0.1,,4.6,3.7,1.7,16403
Franmil Reyes,CLE,107,417,377,94,14,1,25,49,70,36,137,2,2,1,,0.251,0.318,0.487,0.805,0.351,,-0.4,-2.6,,15.3,-12.7,1.7,14566
Josh Rojas,ARI,94,386,342,86,18,2,8,48,33,39,87,1,12,5,,0.251,0.329,0.387,0.716,0.32,,0.5,-0.1,,2.6,0.4,1.7,19734
Chris Taylor,LAD,110,416,367,91,22,3,13,57,56,42,123,4,8,2,,0.249,0.331,0.435,0.765,0.337,,0.5,-3.9,,10.6,-8.9,1.7,13757
Brendan Donovan,STL,84,337,299,74,14,1,6,46,32,28,66,7,6,3,,0.249,0.326,0.365,0.691,0.312,,-0.1,2.2,,1.9,2.5,1.7,24679
Andy Ibáñez,TEX,90,353,325,83,16,1,9,42,34,23,54,2,3,2,,0.257,0.307,0.398,0.705,0.312,,-0.4,3.9,,2.8,1.4,1.7,18819
Juan Yepez,STL,78,301,269,67,15,0,14,38,41,24,66,4,1,1,,0.248,0.319,0.459,0.778,0.342,,-0.6,2.2,,8.3,-3.2,1.6,18400
Justin Turner,LAD,104,417,370,94,17,0,14,54,62,36,70,8,2,0,,0.254,0.33,0.417,0.747,0.333,,-0.4,-2.6,,8.4,-7.2,1.6,5235
Santiago Espinal,TOR,93,332,303,79,17,1,4,35,27,24,54,2,6,4,,0.26,0.315,0.364,0.679,0.303,,-0.4,4.6,,-1.7,5.9,1.6,19997
Mitch Garver,TEX,67,245,214,51,10,1,12,31,32,27,65,3,1,1,,0.24,0.331,0.46,0.791,0.349,,-0.4,-2.9,,8.8,-2,1.6,15161
Avisaíl García,MIA,101,400,367,91,15,1,15,44,48,23,99,8,6,3,,0.248,0.303,0.413,0.716,0.315,,-0.2,2.8,,3.4,-2.1,1.6,5760
Austin Allen,OAK,60,231,214,52,12,1,8,25,29,13,55,2,0,0,,0.244,0.292,0.423,0.714,0.314,,-0.4,0.3,,2.7,4.6,1.6,18083
Kole Calhoun,TEX,87,335,299,70,13,1,15,41,39,30,80,4,2,1,,0.233,0.308,0.433,0.741,0.327,,-0.1,0.5,,6.5,-2.7,1.6,11200
José Iglesias,COL,106,394,371,109,23,1,5,46,41,14,48,6,4,3,,0.295,0.33,0.407,0.737,0.326,,-1.1,-1,,-2.3,3.7,1.6,10231
Jason Vosler,SFG,79,287,254,60,12,1,10,37,33,26,68,3,1,0,,0.235,0.313,0.405,0.718,0.318,,-0.5,1.6,,2.4,2.5,1.5,16686
Abraham Toro,SEA,100,395,353,82,17,1,11,49,41,32,67,8,4,3,,0.232,0.307,0.383,0.69,0.309,,-0.6,0.7,,3.4,-1.6,1.5,19844
David Peralta,ARI,97,378,342,90,19,3,9,36,45,31,72,2,1,1,,0.262,0.323,0.417,0.741,0.325,,-0.2,2.5,,3.4,-1.6,1.5,2136
Jose Miranda,MIN,94,413,384,100,22,1,12,51,50,19,58,6,1,1,,0.26,0.305,0.416,0.721,0.318,,-1,1.6,,4.1,-3,1.5,20538
Odúbel Herrera,PHI,88,337,311,81,18,2,9,38,38,19,59,3,4,1,,0.26,0.307,0.419,0.727,0.321,,0.4,0.1,,2.7,0.4,1.5,11476
Miguel Sanó,MIN,89,358,311,68,15,1,21,48,56,42,122,2,1,1,,0.22,0.314,0.478,0.793,0.347,,-0.8,-1.9,,11.5,-8.7,1.5,12164
Elehuris Montero,COL,82,333,300,79,13,1,14,44,42,24,74,3,0,0,,0.263,0.322,0.453,0.775,0.342,,-0.3,-0.8,,2.7,0.4,1.5,20543
Michael A. Taylor,KCR,107,361,329,76,14,2,8,40,34,26,99,2,9,4,,0.23,0.289,0.359,0.649,0.289,,-0.2,5.7,,-4.5,7.2,1.5,11489
Jason Heyward,CHC,90,325,291,69,12,2,8,38,32,30,66,2,4,1,,0.239,0.315,0.377,0.692,0.309,,0.1,2.7,,-0.6,3.8,1.5,4940
Nick Madrigal,CHC,77,316,293,83,13,3,2,33,22,15,24,5,8,5,,0.283,0.328,0.367,0.695,0.311,,-1.2,3.6,,-1.3,4.7,1.5,20521
Tony Kemp,OAK,100,312,267,67,11,2,5,36,24,34,41,5,7,2,,0.252,0.345,0.364,0.709,0.321,,0.1,-2,,6,-2.2,1.5,14894
Andrew Velazquez,LAA,85,289,262,60,14,3,6,38,27,21,83,2,17,3,,0.229,0.288,0.365,0.653,0.291,,2,1.5,,-0.5,5.1,1.5,14196
Oscar Mercado,CLE,102,388,352,84,19,3,10,48,41,27,77,5,13,4,,0.24,0.3,0.394,0.694,0.308,,0.7,2.3,,2.4,-1,1.5,16375
Brandon Marsh,LAA,84,336,300,76,13,3,6,34,29,29,101,2,7,2,,0.254,0.322,0.377,0.699,0.312,,0.3,2.6,,2.7,0.4,1.5,20202
Brad Miller,TEX,93,273,242,55,8,1,13,33,38,28,77,1,3,1,,0.229,0.311,0.442,0.753,0.331,,0.2,-0.2,,6.5,-1.6,1.5,12775
Christian Walker,ARI,101,394,354,85,20,1,15,50,47,34,97,4,1,2,,0.24,0.312,0.433,0.745,0.329,,-0.2,3.2,,4.6,-4.2,1.5,13419
William Contreras,ATL,72,265,238,59,8,1,12,32,35,23,71,3,0,0,,0.248,0.321,0.435,0.755,0.334,,-0.1,-4.3,,4.1,0.6,1.4,20503
Jonathan Villar,CHC,110,427,385,97,15,1,12,52,41,35,107,2,17,5,,0.252,0.316,0.389,0.705,0.314,,0.9,-3.6,,1.6,-2.4,1.4,10071
Richie Palacios,CLE,78,318,282,76,17,2,5,41,28,29,56,4,10,1,,0.269,0.343,0.403,0.746,0.334,,1.1,-2.3,,8.8,-5.6,1.4,24589
Edward Olivares,KCR,86,339,311,82,14,2,9,39,34,20,66,5,10,4,,0.265,0.319,0.414,0.733,0.324,,1,-0.8,,6,-3.4,1.4,19698
Edmundo Sosa,STL,89,303,277,69,10,3,6,34,25,12,64,11,3,3,,0.249,0.305,0.367,0.672,0.301,,-0.5,3.4,,-1.2,4.4,1.4,17022
Wilmer Flores,SFG,98,335,303,82,17,1,11,41,43,26,43,3,1,0,,0.27,0.332,0.437,0.769,0.34,,0,-3.1,,9,-6.9,1.4,5827
Andrew Vaughn,CHW,92,368,327,81,18,0,14,41,40,32,80,7,1,1,,0.247,0.326,0.433,0.759,0.337,,-0.6,-2.9,,9.7,-8.2,1.4,26197
Luis Torrens,SEA,88,328,300,70,13,1,10,32,38,25,86,1,0,1,,0.232,0.291,0.382,0.674,0.299,,-0.6,-0.4,,0.3,2.4,1.4,15905
Ryan Jeffers,MIN,81,305,273,58,11,1,11,32,34,26,96,4,0,1,,0.211,0.288,0.379,0.668,0.299,,-0.5,0.8,,-1.2,4.7,1.4,24618
Kyle Isbel,KCR,89,346,316,78,16,3,8,45,33,23,80,4,12,3,,0.247,0.304,0.391,0.695,0.308,,0.7,2.2,,1.6,0.5,1.4,21614
Rowdy Tellez,MIL,101,361,327,83,18,1,18,44,54,28,84,5,1,1,,0.254,0.321,0.474,0.795,0.346,,-0.7,-0.4,,8.8,-7.6,1.4,15679
Andrelton Simmons,CHC,80,303,279,71,10,1,3,30,25,18,36,2,3,1,,0.254,0.303,0.33,0.633,0.285,,0.1,5.9,,-6.2,9.2,1.4,10847
Marcell Ozuna,ATL,81,347,314,79,13,1,16,41,53,30,74,1,3,0,,0.253,0.317,0.448,0.766,0.337,,0.1,0.9,,6.3,-4.8,1.4,10324
Roberto Pérez,PIT,66,234,204,41,6,1,7,21,24,25,73,1,1,0,,0.202,0.292,0.338,0.63,0.286,,-0.1,5.2,,-4.1,9.5,1.4,2900
AJ Pollock,CHW,82,309,283,72,15,1,13,38,49,20,64,4,4,1,,0.254,0.31,0.449,0.759,0.331,,0.4,-1.2,,7.6,-4.5,1.4,9256
Jace Peterson,MIL,91,298,260,62,12,1,7,37,32,35,68,2,10,1,,0.238,0.33,0.378,0.708,0.32,,1.5,-0.1,,3.2,-0.1,1.4,12325
Brendan Rodgers,COL,84,341,316,86,18,2,12,40,42,17,71,5,1,1,,0.272,0.317,0.451,0.768,0.338,,-0.6,-1,,1.4,0.3,1.4,17907
Jake Fraley,CIN,72,271,234,56,12,1,11,34,41,30,75,4,10,3,,0.239,0.334,0.444,0.778,0.343,,0.7,-0.7,,6,-2.1,1.4,19260
Jorge Mateo,BAL,96,341,322,76,16,5,7,36,29,13,94,3,16,6,,0.238,0.273,0.388,0.662,0.29,,0.9,0.9,,-2.9,4.9,1.4,17273
Kyle Farmer,CIN,114,374,342,85,18,1,8,38,43,17,70,11,3,2,,0.249,0.303,0.384,0.687,0.306,,-1.2,0,,-4.6,5,1.4,14813
Elvis Andrus,OAK,103,408,376,93,19,2,4,45,29,25,61,3,9,3,,0.248,0.299,0.341,0.64,0.287,,0.7,-1.9,,-2.3,2.1,1.4,8709
Carson Kelly,ARI,78,269,237,53,10,1,9,28,32,28,60,3,0,0,,0.225,0.313,0.386,0.699,0.311,,-0.5,0.6,,-0.8,4.6,1.4,13620
Alejandro Kirk,TOR,74,251,222,57,12,0,8,26,27,24,32,2,0,0,,0.255,0.332,0.415,0.746,0.332,,-0.4,-0.7,,4.2,0.5,1.4,22581
Tom Murphy,SEA,64,218,192,42,7,1,8,25,25,23,70,1,1,1,,0.22,0.306,0.394,0.7,0.313,,-0.5,0.2,,2.5,3.3,1.4,13499
Taylor Walls,TBR,84,330,291,61,14,2,5,36,27,35,91,2,13,6,,0.211,0.298,0.323,0.622,0.283,,-0.4,3.8,,-3.4,5.5,1.4,22458
Tucker Barnhart,DET,87,290,261,61,12,1,4,23,25,24,70,3,0,1,,0.236,0.305,0.331,0.636,0.287,,-0.7,1.5,,-4.2,7.6,1.4,10200
Cavan Biggio,TOR,82,324,275,60,12,1,10,40,34,44,91,3,6,1,,0.218,0.33,0.387,0.717,0.322,,0.7,0.9,,4.4,-2.1,1.3,19252
Jesús Aguilar,MIA,100,371,329,84,14,0,14,37,58,36,79,2,0,0,,0.256,0.33,0.43,0.76,0.335,,-0.4,0.4,,8.5,-8.3,1.3,11342
Joc Pederson,SFG,107,358,319,74,14,2,17,46,50,30,84,6,2,3,,0.234,0.31,0.445,0.755,0.332,,-1.5,0.4,,6,-5.3,1.3,11899
Thairo Estrada,SFG,89,318,294,78,16,1,9,47,39,17,57,4,6,1,,0.264,0.312,0.413,0.724,0.32,,0.7,-3.6,,4.3,-2.3,1.3,16426
Vidal Bruján,TBR,79,327,299,67,15,2,5,38,30,24,62,1,25,7,,0.226,0.285,0.341,0.626,0.281,,2,2.2,,-1.3,3.4,1.3,20536
Travis d'Arnaud,ATL,63,243,223,56,11,0,8,27,34,16,61,3,0,0,,0.249,0.304,0.407,0.711,0.316,,-0.4,-0.4,,0,4.3,1.3,7739
Yadier Molina,STL,83,315,297,72,12,0,7,28,38,12,51,3,2,0,,0.243,0.28,0.353,0.632,0.281,,-0.4,2.2,,-5.9,7.8,1.3,7007
Owen Miller,CLE,95,384,353,90,20,1,9,45,37,24,87,3,2,1,,0.255,0.305,0.394,0.699,0.31,,-0.3,2.8,,1.9,-1.8,1.3,24655
Nick Solak,TEX,112,445,401,103,16,1,12,55,47,32,94,9,7,3,,0.256,0.323,0.39,0.713,0.32,,0.1,-2.8,,6.6,-8.5,1.3,19294
Jarren Duran,BOS,73,318,292,74,12,4,7,36,27,20,80,4,14,4,,0.255,0.308,0.397,0.706,0.313,,1.1,-1.2,,2.2,0,1.3,24617
LaMonte Wade Jr.,SFG,85,304,263,64,13,2,12,40,37,31,69,4,4,1,,0.242,0.329,0.438,0.768,0.339,,0.5,-3.1,,8.5,-6.5,1.3,18126
James McCann,NYM,83,298,272,63,11,1,7,26,33,19,81,4,2,1,,0.232,0.29,0.36,0.65,0.29,,-0.4,-0.4,,-2.8,5,1.3,12859
Seth Brown,OAK,96,341,314,70,17,3,14,41,51,23,100,2,4,1,,0.224,0.279,0.433,0.712,0.31,,0.6,1.8,,4.2,-3.1,1.3,18171
Dylan Moore,SEA,86,262,228,48,10,2,9,30,30,25,71,6,14,5,,0.211,0.303,0.383,0.686,0.308,,1,1.3,,3.6,0.1,1.3,18042
Nelson Cruz,WSN,97,399,357,91,11,1,21,53,65,35,90,5,1,0,,0.254,0.326,0.468,0.794,0.344,,0,-0.6,,9.8,-11,1.3,2434
Sheldon Neuse,OAK,99,389,358,88,15,2,9,42,39,25,110,2,5,1,,0.246,0.297,0.371,0.669,0.298,,0.4,0.3,,0.9,-1.4,1.3,19635
Bryson Stott,PHI,81,329,295,69,12,1,8,35,31,30,84,1,5,3,,0.235,0.305,0.363,0.668,0.3,,-0.7,2.2,,-3.8,4.8,1.3,26294
Hoy Park,PIT,77,299,257,62,12,3,6,40,27,36,68,3,7,3,,0.24,0.337,0.378,0.715,0.32,,0,-1.8,,2.7,-0.7,1.3,18027
Josh VanMeter,PIT,98,319,279,60,15,3,9,34,35,37,80,2,6,3,,0.216,0.31,0.389,0.699,0.312,,0,-0.8,,0.9,0.3,1.3,15170
Danny Mendick,CHW,87,304,271,63,11,1,7,33,28,28,66,3,5,3,,0.233,0.308,0.355,0.664,0.3,,-0.7,1.7,,-1,3.2,1.3,18889
Steven Duggar,SFG,81,278,252,60,14,3,5,33,28,23,86,1,9,2,,0.24,0.304,0.379,0.683,0.303,,1.2,1,,0.6,2,1.3,17719
Victor Caratini,MIL,81,250,220,53,8,0,6,25,28,24,55,4,1,0,,0.239,0.322,0.358,0.68,0.304,,0.2,-1.1,,-1.3,4.7,1.3,14968
Gavin Sheets,CHW,90,341,313,78,15,0,16,39,52,24,77,2,1,1,,0.248,0.303,0.444,0.747,0.329,,-0.4,0.1,,7,-6.2,1.3,19901
Jon Berti,MIA,65,228,197,48,8,1,4,33,18,26,52,4,10,4,,0.245,0.343,0.364,0.706,0.321,,0.4,0.9,,3.5,0.6,1.3,12037
René Pinto,TBR,63,247,229,49,10,1,6,25,25,14,75,2,2,1,,0.215,0.264,0.35,0.613,0.273,,-0.7,3.9,,-4.6,8.5,1.2,19859
Alejo Lopez,CIN,82,331,301,82,13,1,3,42,24,22,44,4,4,3,,0.273,0.33,0.353,0.683,0.308,,-0.8,3.1,,-3.3,4,1.2,21127
Tyrone Taylor,MIL,82,274,250,59,12,2,9,30,36,17,64,5,4,1,,0.235,0.295,0.411,0.706,0.312,,0.4,3.1,,0.5,2,1.2,13675
Sam Hilliard,COL,102,373,335,73,14,3,17,46,47,33,121,1,10,2,,0.219,0.29,0.431,0.721,0.315,,1.1,4.4,,-3.1,2.4,1.2,17954
Kevin Newman,PIT,103,401,371,98,18,3,5,40,35,22,38,2,6,3,,0.263,0.306,0.367,0.673,0.298,,-0.7,-1.9,,-4,2.3,1.2,17696
Cal Raleigh,SEA,75,287,266,56,14,0,12,29,35,18,76,2,2,1,,0.211,0.264,0.397,0.661,0.291,,0,-1.5,,-0.9,3.2,1.2,21534
Rodolfo Castro,PIT,83,327,303,67,14,1,12,35,38,18,85,3,4,3,,0.221,0.268,0.393,0.661,0.291,,-0.3,4.2,,-4.8,5.4,1.2,21987
Jurickson Profar,SDP,103,371,322,75,18,2,9,47,39,41,56,5,7,2,,0.232,0.325,0.38,0.706,0.317,,0.3,0.1,,4,-4.9,1.2,10815
Austin Barnes,LAD,66,202,176,38,8,0,6,26,22,20,48,4,2,1,,0.214,0.305,0.361,0.666,0.299,,-0.2,1.8,,-1.2,6,1.2,12158
Eric Hosmer,SDP,111,445,405,109,19,1,11,44,58,34,86,3,3,3,,0.269,0.329,0.402,0.731,0.323,,-1.3,0.1,,5.1,-8.5,1.2,3516
Andrew Knizner,STL,65,233,210,50,9,0,6,25,25,17,44,5,2,0,,0.241,0.311,0.363,0.674,0.303,,0.1,0.4,,0,3.6,1.2,19514
Yan Gomes,CHC,72,265,246,61,12,1,9,30,33,14,59,3,1,0,,0.249,0.297,0.411,0.708,0.31,,0,0.9,,-0.3,2.7,1.2,9627
Mike Brosseau,MIL,85,289,260,61,12,1,10,35,35,23,77,5,3,1,,0.236,0.308,0.405,0.713,0.317,,0.2,-0.5,,1.3,0.3,1.2,19683
Adam Engel,CHW,92,296,271,65,14,2,8,34,27,15,73,6,11,3,,0.238,0.293,0.396,0.689,0.306,,0.7,2.1,,1.8,-0.1,1.2,15082
Jose Siri,HOU,90,344,317,71,13,3,11,40,40,20,123,3,14,4,,0.225,0.276,0.386,0.662,0.293,,1.5,-0.7,,0.1,0.1,1.2,17452
Didi Gregorius,PHI,76,301,276,69,13,2,10,35,44,18,47,5,2,1,,0.25,0.306,0.418,0.724,0.319,,0,-3.5,,1.6,-0.4,1.2,6012
Josh Naylor,CLE,88,328,300,81,16,1,12,39,43,23,56,2,1,1,,0.269,0.323,0.447,0.769,0.338,,-0.9,-1.4,,8,-7.3,1.2,18839
Martín Maldonado,HOU,84,291,257,47,9,1,9,30,29,26,85,4,0,0,,0.184,0.269,0.322,0.591,0.268,,-0.6,3.1,,-7.4,9.2,1.2,6887
Yonny Hernandez,ARI,77,302,259,62,9,1,1,33,15,34,56,6,18,8,,0.24,0.338,0.3,0.639,0.297,,0.5,3.1,,-3.2,4.2,1.2,19432
Luis Campusano,SDP,68,275,249,59,11,1,9,27,26,20,59,3,1,0,,0.238,0.3,0.396,0.696,0.309,,-0.8,-3.4,,0.3,1.6,1.2,22217
Kevin Smith,OAK,89,350,321,69,16,2,12,35,40,21,103,3,9,3,,0.214,0.267,0.384,0.65,0.287,,0.2,0.5,,-2.3,2.2,1.2,20242
Willi Castro,DET,101,390,360,93,16,5,8,45,35,20,88,6,8,4,,0.258,0.305,0.399,0.703,0.311,,0,-1.8,,2.4,-4,1.2,17338
Joey Votto,CIN,89,365,311,73,14,1,16,42,51,49,89,4,1,0,,0.235,0.344,0.439,0.783,0.347,,-1,-2,,7.2,-8.5,1.2,4314
Josh Harrison,CHW,91,351,320,79,17,2,5,37,32,18,51,11,5,3,,0.246,0.308,0.358,0.666,0.3,,-0.4,0.4,,-0.8,0.4,1.2,8202
Jaylin Davis,BOS,71,289,260,61,12,1,12,37,36,22,88,4,4,2,,0.235,0.303,0.427,0.73,0.322,,-0.2,2,,2.8,-1.2,1.2,19552
Rougned Odor,BAL,92,347,313,66,16,1,15,43,47,25,98,6,3,3,,0.211,0.281,0.417,0.699,0.307,,-0.8,-1.3,,-0.1,-0.2,1.1,12282
Bobby Dalbec,BOS,102,372,333,73,15,2,17,42,49,30,127,7,2,1,,0.22,0.296,0.43,0.726,0.319,,0.1,1.7,,3.2,-4.3,1.1,19966
Luis Guillorme,NYM,74,208,179,47,8,0,3,22,13,25,36,1,2,1,,0.262,0.352,0.359,0.71,0.322,,-1,0.6,,2.5,1.3,1.1,16451
Pavin Smith,ARI,102,396,357,92,17,3,9,43,37,34,80,2,2,1,,0.257,0.323,0.395,0.718,0.319,,-0.2,0.5,,1.8,-4.3,1.1,19892
Jake Hager,ARI,67,248,226,52,13,1,6,25,27,17,64,1,4,1,,0.228,0.283,0.374,0.658,0.292,,0.3,3.5,,-3.7,6.2,1.1,12198
Joey Bart,SFG,62,251,228,52,9,1,8,30,25,17,83,5,1,1,,0.229,0.295,0.378,0.673,0.301,,-0.3,-0.7,,-1.1,3.4,1.1,21524
Brandon Drury,CIN,89,308,281,68,16,1,12,36,41,22,74,2,0,1,,0.241,0.3,0.43,0.73,0.322,,-0.8,0.6,,0.2,0.1,1.1,11615
Aledmys Díaz,HOU,72,260,238,59,12,0,7,26,34,15,46,5,1,1,,0.246,0.304,0.382,0.685,0.304,,-0.6,1.4,,0.5,1.7,1.1,15937
Ji-Man Choi,TBR,77,283,240,56,13,1,9,29,39,39,81,2,1,1,,0.234,0.344,0.402,0.746,0.334,,-0.5,-1.6,,8.2,-6.8,1.1,5452
Austin Nola,SDP,77,282,252,62,13,1,6,30,32,21,47,6,1,1,,0.247,0.316,0.37,0.686,0.308,,-0.5,-2.3,,0.3,0.8,1.1,15941
Eddie Rosario,ATL,89,356,333,86,16,1,14,46,53,21,54,0,5,1,,0.26,0.301,0.446,0.747,0.326,,0.7,-2.4,,4.2,-5.7,1.1,12155
Jonathan Araúz,BOS,75,266,238,55,11,1,7,34,28,22,54,1,1,1,,0.231,0.294,0.365,0.659,0.295,,0.2,3.4,,-2.6,4.4,1.1,20275
Kevin Padlo,SFG,74,289,257,53,12,1,9,31,30,26,91,3,4,1,,0.204,0.282,0.36,0.642,0.288,,-0.7,4.2,,-4.6,5.2,1.1,16593
Zach McKinstry,LAD,74,267,243,57,11,2,9,30,36,19,67,3,3,3,,0.235,0.296,0.412,0.708,0.312,,-0.8,-0.1,,0.5,0.9,1.1,19392
Jarred Kelenic,SEA,96,391,353,77,16,2,16,47,54,33,105,3,10,5,,0.219,0.288,0.416,0.704,0.31,,-0.3,-2.8,,4.3,-6.5,1.1,22558
Wil Myers,SDP,101,358,321,78,16,1,12,41,45,33,104,1,6,3,,0.241,0.311,0.409,0.72,0.319,,-0.3,-1,,3.7,-5.4,1.1,10047
Jordan Luplow,ARI,68,219,191,43,10,1,10,28,30,25,58,2,3,2,,0.225,0.32,0.442,0.762,0.338,,-0.4,0.6,,3.8,-0.9,1.1,16424
Sergio Alcántara,SDP,84,280,246,52,8,2,5,29,19,29,73,1,4,1,,0.212,0.295,0.316,0.611,0.278,,-0.2,3.6,,-5.9,6.7,1.1,16417
Luis Barrera,OAK,66,255,233,55,9,3,3,28,21,17,54,1,6,2,,0.235,0.29,0.34,0.63,0.282,,0,3.7,,-2.8,4.7,1.1,19615
Rafael Ortega,CHC,99,355,317,78,16,2,10,41,35,33,73,1,9,6,,0.245,0.316,0.4,0.716,0.318,,-0.6,1.1,,1.2,-3,1.1,10323
Tucupita Marcano,PIT,83,330,297,71,10,2,4,42,24,29,50,0,7,5,,0.238,0.304,0.324,0.629,0.285,,0.2,3.6,,-5.8,4.8,1.1,22871
Joe Perez,HOU,73,325,303,75,17,0,10,35,33,19,84,0,2,2,,0.247,0.291,0.401,0.692,0.306,,-0.6,-2.8,,1.2,-1.6,1.1,22254
Yonathan Daza,COL,93,327,301,86,15,2,3,33,28,18,53,2,4,4,,0.288,0.331,0.386,0.717,0.319,,-1,2.2,,-3.7,2.7,1.1,15794
Rylan Bannon,BAL,72,295,262,55,12,1,11,30,33,28,70,3,5,1,,0.208,0.29,0.389,0.679,0.302,,0.2,-0.2,,-0.4,0.9,1.1,19768
Eli White,TEX,79,292,262,57,10,2,7,35,24,24,86,5,9,3,,0.216,0.293,0.352,0.644,0.291,,1.1,2.4,,-1.2,1.6,1,19346
Evan Longoria,SFG,66,253,231,56,10,1,8,29,33,19,57,2,1,1,,0.241,0.301,0.395,0.696,0.307,,-0.1,0,,0.3,0.9,1,9368
Bradley Zimmer,TOR,84,269,235,49,7,1,6,35,25,22,96,12,11,3,,0.21,0.306,0.329,0.636,0.292,,0.8,3,,-2.4,3.5,1,16221
Elias Díaz,COL,84,289,265,67,14,1,9,34,31,21,50,1,0,0,,0.253,0.31,0.412,0.722,0.319,,-0.5,-2.6,,-3,3,1,11680
Austin Hedges,CLE,77,264,240,45,7,0,10,25,30,16,74,3,1,0,,0.188,0.244,0.337,0.581,0.258,,0,4.7,,-9.1,10.2,1,12976
Ramón Urías,BAL,86,321,288,70,17,0,8,33,34,25,79,5,1,1,,0.242,0.31,0.383,0.693,0.31,,-0.4,-2.6,,0.9,-1.6,1,18795
Cristian Pache,OAK,96,355,328,68,14,2,9,40,32,21,97,2,4,5,,0.207,0.258,0.342,0.6,0.268,,-1.4,6.2,,-9.3,7.5,1,19948
Michael Hermosillo,CHC,56,205,178,39,7,1,8,27,26,17,64,9,5,2,,0.218,0.316,0.407,0.722,0.324,,0.1,0.4,,2,0.7,1,16285
Aristides Aquino,CIN,84,286,255,54,9,1,16,35,45,26,94,3,4,1,,0.211,0.289,0.437,0.726,0.319,,0.3,2.1,,0.6,-0.5,1,15482
Darin Ruf,SFG,94,346,302,72,14,1,12,40,41,37,92,4,2,1,,0.239,0.329,0.407,0.735,0.328,,0,-1.3,,6,-8.1,1,9929
Connor Joe,COL,80,317,274,71,14,2,10,41,36,37,63,4,2,2,,0.26,0.355,0.43,0.784,0.35,,-0.8,1,,4.2,-5.3,1,16572
Tyler Nevin,BAL,87,349,314,73,14,1,11,39,38,28,76,4,1,1,,0.234,0.301,0.385,0.686,0.307,,-0.7,1.6,,-0.3,-1.5,1,17893
José Godoy,MIN,58,227,207,50,9,1,3,27,21,14,46,3,1,0,,0.244,0.298,0.342,0.64,0.288,,0.2,0.3,,-2.3,4.4,1,15808
Tyler Naquin,CIN,93,328,302,79,19,2,11,38,48,21,78,3,4,2,,0.263,0.315,0.45,0.766,0.336,,-0.2,-0.1,,4.4,-6,1,13359
Mike Moustakas,CIN,84,325,291,72,17,1,13,37,46,27,64,5,1,0,,0.247,0.32,0.448,0.768,0.338,,0.1,-3.4,,5.1,-6.8,1,4892
Ildemaro Vargas,CHC,74,260,243,61,11,2,5,29,27,13,31,1,2,1,,0.252,0.29,0.381,0.671,0.296,,-0.2,2.9,,-3.4,3.9,1,13324
Randal Grichuk,COL,109,426,397,105,21,2,20,53,68,22,92,4,1,1,,0.265,0.307,0.481,0.789,0.344,,-0.9,-6.3,,3.8,-8.8,1,10243
Garrett Stubbs,PHI,49,161,143,33,7,1,3,19,13,14,32,1,4,1,,0.232,0.305,0.351,0.656,0.296,,0.4,2.4,,-1.6,5.4,1,18067
Bryan Lavastida,CLE,65,250,224,55,12,1,5,39,27,20,53,2,7,3,,0.244,0.311,0.374,0.685,0.306,,-0.2,-4.1,,0.6,0.5,1,24765
Geraldo Perdomo,ARI,80,323,280,62,9,3,3,36,20,35,73,5,7,5,,0.222,0.319,0.311,0.63,0.289,,-0.6,2.1,,-6.6,4.8,1,22799
Bobby Bradley,CLE,78,308,277,59,12,1,16,36,43,24,114,4,0,0,,0.211,0.283,0.433,0.716,0.314,,-0.2,2.1,,2.6,-3.5,1,17278
Matt Reynolds,CIN,74,276,242,58,14,1,4,37,22,29,75,2,3,1,,0.239,0.323,0.358,0.681,0.307,,-0.1,1.3,,-2.4,2.1,1,13788
Jack Suwinski,PIT,87,343,303,67,13,2,13,40,35,34,97,2,5,3,,0.22,0.303,0.402,0.705,0.313,,-0.3,-0.2,,1,-3.5,1,22244
Diego Castillo,PIT,89,355,325,80,16,1,8,36,29,23,51,3,5,2,,0.247,0.3,0.371,0.671,0.299,,-0.4,-1.5,,-2.9,0,1,19906
Hunter Dozier,KCR,108,425,386,95,21,5,15,47,46,34,111,3,3,3,,0.246,0.311,0.442,0.753,0.332,,-1.2,-4.3,,7.5,-12.2,0.9,15117
Daniel Vogelbach,PIT,95,337,284,66,13,0,13,40,39,50,76,1,0,0,,0.232,0.347,0.423,0.77,0.344,,-0.4,-0.8,,8.7,-11.1,0.9,14130
Ben Gamel,PIT,101,318,277,71,16,2,6,36,25,37,78,2,4,4,,0.255,0.344,0.396,0.741,0.331,,-0.8,-2.7,,4.7,-6.4,0.9,12160
Yadiel Hernandez,WSN,88,304,278,77,13,1,11,37,42,23,69,1,2,2,,0.278,0.333,0.448,0.781,0.343,,-1.5,-2.8,,5.7,-7.1,0.9,19334
Lane Thomas,WSN,87,308,273,63,14,2,9,36,39,29,85,2,6,3,,0.23,0.307,0.391,0.699,0.311,,-0.1,1,,-0.5,-1,0.9,16939
Drew Ellis,ARI,74,299,262,55,14,1,8,33,31,29,86,4,1,1,,0.212,0.3,0.365,0.666,0.3,,-0.6,1.2,,-3.5,2.3,0.9,19873
Brian Serven,COL,50,184,169,37,7,1,7,19,19,10,46,3,1,1,,0.219,0.272,0.388,0.659,0.292,,-0.3,4.8,,-5.6,8.1,0.9,19422
Lars Nootbaar,STL,74,239,214,51,5,1,7,29,25,22,51,1,3,3,,0.239,0.311,0.377,0.688,0.306,,-0.7,3.7,,-0.4,1,0.9,21454
Riley Adams,WSN,64,236,206,44,8,1,7,24,21,21,78,7,1,0,,0.213,0.305,0.368,0.673,0.305,,-0.4,-1.4,,-1.8,2.5,0.9,19864
Jose Herrera,ARI,64,241,213,44,9,1,4,24,19,25,59,1,1,1,,0.209,0.293,0.31,0.604,0.275,,-0.1,4.1,,-7.1,7.6,0.9,17040
Frank Schwindel,CHC,94,381,358,93,19,1,16,44,54,18,68,2,1,1,,0.261,0.297,0.449,0.746,0.326,,-0.4,-0.5,,4,-8.1,0.9,15351
Manny Piña,ATL,49,139,122,26,5,0,5,14,20,12,29,4,0,0,,0.216,0.301,0.382,0.682,0.305,,-0.1,2.4,,-1,5,0.9,2829
Connor Wong,BOS,57,234,217,49,10,2,8,25,27,12,80,2,5,1,,0.225,0.271,0.399,0.67,0.295,,0.5,-1.2,,-2,3,0.9,19896
Travis Demeritte,ATL,85,324,289,67,15,1,14,41,40,30,108,3,4,1,,0.231,0.306,0.434,0.74,0.326,,-0.4,-1.5,,2.8,-5.1,0.9,15958
Curt Casali,SFG,58,177,156,35,7,0,5,17,20,17,49,2,0,0,,0.226,0.31,0.374,0.684,0.305,,-0.3,-0.8,,-0.3,3,0.9,12510
Daz Cameron,DET,68,284,254,57,12,3,7,32,26,22,80,5,10,3,,0.223,0.297,0.375,0.671,0.301,,0.4,-1.7,,0,-0.6,0.9,18353
Niko Goodrum,HOU,76,290,261,56,13,2,8,33,31,25,97,2,10,3,,0.214,0.287,0.366,0.654,0.293,,1,0.8,,-0.3,-0.7,0.9,12092
Rob Refsnyder,BOS,52,182,163,41,10,1,4,22,19,17,45,1,1,1,,0.255,0.328,0.398,0.726,0.323,,-0.3,0.1,,1.7,0.8,0.9,13770
Cooper Hummel,ARI,81,297,250,56,11,3,7,35,29,40,77,4,3,1,,0.224,0.339,0.379,0.717,0.325,,-0.2,-0.3,,2.6,-4.2,0.9,19458
Josh Lowe,TBR,87,357,317,72,15,2,10,45,40,34,111,1,14,2,,0.229,0.303,0.388,0.691,0.308,,1.9,-3.6,,5.7,-9,0.9,19953
Nick Allen,OAK,65,270,247,57,12,1,4,32,24,16,58,2,6,3,,0.233,0.285,0.345,0.63,0.282,,-0.1,-0.4,,-3,2.5,0.9,22277
Colin Moran,CIN,95,329,294,75,13,0,13,33,58,29,80,2,1,1,,0.256,0.324,0.434,0.759,0.334,,-0.4,-2.8,,3.8,-6.7,0.9,16909
Ryan McKenna,BAL,90,303,267,60,12,2,8,34,30,29,93,3,6,4,,0.225,0.305,0.378,0.683,0.305,,-0.2,0.6,,-0.2,-1.4,0.9,19928
Aaron Hicks,NYY,57,224,187,40,6,1,6,29,24,34,51,1,4,2,,0.216,0.338,0.36,0.698,0.318,,0.2,-2.6,,3.1,-2.3,0.9,5297
Jose Trevino,NYY,70,234,221,51,11,0,5,23,22,10,41,0,1,1,,0.231,0.262,0.344,0.606,0.268,,-0.2,2.7,,-6.2,6.7,0.9,16725
Christian Lopes,OAK,65,254,223,49,11,1,6,29,23,23,66,4,4,3,,0.217,0.301,0.349,0.65,0.294,,-0.2,-0.5,,-0.6,0.4,0.9,13472
Garrett Cooper,MIA,75,284,249,64,12,1,8,31,32,26,76,6,1,1,,0.256,0.338,0.407,0.746,0.334,,-0.5,-1.3,,6.1,-7.6,0.9,15279
Cam Gallagher,KCR,42,128,116,30,7,0,2,12,10,8,22,1,0,0,,0.254,0.306,0.365,0.671,0.3,,-0.1,2.1,,-0.5,4.4,0.8,12981
Matt Vierling,PHI,87,315,286,65,12,1,7,33,28,21,77,4,7,2,,0.228,0.289,0.348,0.637,0.285,,0,3.8,,-6.5,4,0.8,21558
Nick Senzel,CIN,64,240,220,54,12,2,6,30,22,18,48,1,5,4,,0.248,0.306,0.4,0.705,0.313,,-1.4,1.3,,-2.3,2.2,0.8,19293
Eric Haase,DET,81,297,273,58,10,1,11,34,39,21,94,2,1,0,,0.212,0.271,0.378,0.649,0.289,,-0.4,1.2,,-3.6,2,0.8,14111
Trevor Larnach,MIN,81,323,288,67,16,1,9,34,31,28,105,5,1,0,,0.233,0.309,0.382,0.691,0.309,,0.3,-0.2,,2,-4.4,0.8,21501
Jose Rojas,LAA,77,312,286,65,16,1,10,38,35,22,75,1,3,1,,0.225,0.281,0.396,0.677,0.299,,-0.2,-2.1,,-1.2,-1,0.8,19331
Gary Sánchez,MIN,85,338,297,62,15,1,16,38,48,33,94,6,0,0,,0.209,0.3,0.422,0.722,0.319,,-0.7,-5.6,,3.7,-6.7,0.8,11442
Leury García,CHW,97,374,343,86,15,2,6,44,34,21,79,3,6,2,,0.252,0.297,0.36,0.657,0.293,,0.6,-3,,-1.7,-2.5,0.8,5913
Kyle Higashioka,NYY,59,198,182,36,9,0,8,21,27,12,53,1,0,0,,0.199,0.252,0.376,0.627,0.277,,0,1,,-3.7,5,0.8,5517
Tim Locastro,NYY,71,199,173,41,9,1,4,29,15,12,39,12,11,2,,0.235,0.328,0.364,0.693,0.315,,1.3,-1.2,,3.5,-2.2,0.8,15124
Charlie Blackmon,COL,103,433,389,104,21,3,13,61,53,34,72,5,2,2,,0.268,0.334,0.438,0.772,0.341,,-0.1,-3.9,,3.6,-10.3,0.8,7859
Kyle Garlick,MIN,65,201,186,43,11,1,11,27,28,12,60,2,1,0,,0.233,0.286,0.47,0.756,0.329,,0.1,-1.1,,4.3,-3.1,0.8,18063
Alan Trejo,COL,84,314,292,69,14,1,9,35,34,15,77,2,1,3,,0.235,0.275,0.384,0.659,0.29,,-0.7,3.8,,-10.2,7.3,0.8,20056
Zach Reks,TEX,72,290,259,61,12,1,10,37,35,26,88,3,1,1,,0.235,0.31,0.4,0.711,0.317,,-0.2,-2.1,,3.5,-5.3,0.8,19667
Garrett Hampson,COL,98,342,310,77,14,4,8,46,26,25,84,1,14,4,,0.247,0.305,0.4,0.705,0.312,,0.6,-1.1,,-4.1,0.2,0.8,19262
Travis Shaw,,73,246,216,46,10,0,9,24,31,26,65,3,1,1,,0.212,0.303,0.379,0.682,0.306,,-0.2,-0.6,,-0.8,0.3,0.8,11982
Tyler Heineman,PIT,44,153,136,32,7,1,3,16,14,11,29,2,1,1,,0.235,0.301,0.363,0.664,0.298,,-0.3,1.1,,-1.5,3.9,0.8,13897
Alex Jackson,MIL,57,208,184,34,6,1,10,23,23,15,83,7,1,0,,0.183,0.269,0.381,0.65,0.289,,0,0.3,,-3.7,4.1,0.8,17276
Mark Contreras,MIN,75,292,262,52,14,1,9,34,33,20,98,6,7,4,,0.2,0.269,0.36,0.628,0.28,,0.8,5.4,,-4.1,2.2,0.8,20122
Jorge Alfaro,SDP,81,282,261,63,10,1,7,23,32,13,94,6,5,1,,0.241,0.289,0.371,0.66,0.293,,0,-3.8,,-2.4,0.3,0.8,12180
Jason Castro,HOU,50,151,128,25,6,0,5,16,14,20,51,2,0,0,,0.198,0.314,0.363,0.677,0.308,,-0.1,-1.4,,1.1,1.3,0.8,8722
DJ Stewart,BAL,70,248,214,48,10,1,10,31,33,29,64,3,2,1,,0.223,0.323,0.423,0.746,0.332,,-0.3,-2.8,,4.9,-5.6,0.8,17766
Emmanuel Rivera,KCR,82,324,301,74,14,2,7,37,33,17,65,2,3,1,,0.245,0.289,0.378,0.667,0.295,,-0.3,0.1,,-2.8,-0.4,0.8,19890
Gosuke Katoh,NYM,77,277,247,56,11,1,5,30,21,26,72,1,5,3,,0.227,0.302,0.346,0.648,0.292,,-0.2,0.7,,-3.4,1.7,0.8,15697
Reese McGuire,CHW,71,232,210,46,10,1,4,22,16,15,46,2,1,0,,0.218,0.272,0.332,0.604,0.27,,-0.1,0.5,,-5.7,5.4,0.8,15674
Michael Chavis,PIT,83,310,286,71,13,2,13,35,40,16,90,5,2,2,,0.25,0.297,0.443,0.739,0.324,,-0.7,-3.4,,3.1,-6.3,0.8,17321
Marwin Gonzalez,NYY,75,262,237,54,11,0,7,27,29,19,63,4,1,1,,0.229,0.294,0.357,0.65,0.291,,-0.4,1.4,,-2.4,1,0.7,5497
Yu Chang,CLE,69,231,213,50,12,1,8,28,30,14,67,3,1,1,,0.235,0.287,0.416,0.703,0.31,,-0.4,2.9,,0.9,-1.4,0.7,14773
Seth Beer,ARI,89,373,328,83,17,0,11,43,40,26,81,15,0,1,,0.254,0.335,0.408,0.743,0.332,,-1.1,-2.2,,4.3,-9.9,0.7,20493
Tommy La Stella,SFG,61,185,168,45,8,1,4,22,19,15,19,1,0,0,,0.269,0.332,0.406,0.738,0.328,,-0.2,-3,,3,-2.4,0.7,12371
Harold Ramirez,TBR,95,351,329,90,19,1,7,38,39,15,62,6,3,2,,0.273,0.313,0.398,0.711,0.315,,-0.5,-3.3,,5,-9.4,0.7,14387
Hanser Alberto,LAD,91,295,281,75,14,1,5,31,29,6,30,3,2,1,,0.268,0.289,0.377,0.666,0.294,,-0.1,-0.5,,-2.8,-0.3,0.7,11902
Carlos Santana,KCR,97,407,346,76,13,0,11,43,42,57,64,1,1,0,,0.219,0.33,0.353,0.684,0.31,,0,0.2,,1.5,-7.8,0.7,2396
Matt Duffy,LAA,69,243,216,58,9,0,3,26,19,21,46,4,4,1,,0.27,0.343,0.355,0.698,0.317,,-0.1,-2.3,,2.5,-3.5,0.7,13836
Aramis Garcia,CIN,64,234,216,48,9,1,8,26,26,13,73,2,0,1,,0.22,0.268,0.385,0.653,0.289,,-0.6,1.5,,-5.7,4.5,0.7,16925
Andrew McCutchen,MIL,86,359,308,72,14,1,13,46,47,45,83,3,5,2,,0.232,0.332,0.406,0.738,0.33,,-0.2,-2,,4.8,-10.2,0.7,9847
Matt Davidson,OAK,67,261,233,53,11,0,13,29,41,21,75,4,0,0,,0.229,0.302,0.441,0.743,0.327,,-0.1,-0.1,,2.8,-4.9,0.7,7226
Royce Lewis,MIN,69,300,281,65,14,1,6,31,27,16,63,1,10,5,,0.232,0.274,0.356,0.63,0.279,,-0.4,-0.6,,-5.7,2.6,0.7,20437
Jo Adell,LAA,81,340,316,75,14,3,15,36,52,18,99,3,6,2,,0.239,0.284,0.44,0.724,0.317,,0.1,-5.1,,3.9,-8.3,0.7,20220
Orlando Arcia,ATL,94,326,297,74,13,1,10,32,37,25,61,1,4,2,,0.251,0.309,0.398,0.706,0.312,,-0.5,2.4,,-0.8,-3.6,0.7,13185
Alex Kirilloff,MIN,60,245,228,60,10,1,8,25,29,14,59,2,2,2,,0.263,0.31,0.418,0.728,0.32,,-0.6,0.4,,2.7,-4.1,0.7,20325
Jack Mayfield,LAA,80,296,274,63,13,1,10,33,35,16,64,3,4,1,,0.229,0.278,0.395,0.673,0.298,,0.1,-1.2,,-1.1,-1.9,0.7,15402
TJ Friedl,CIN,85,335,294,70,11,3,7,39,26,28,61,8,10,3,,0.239,0.319,0.372,0.691,0.31,,0.3,-1.8,,-1.6,-3,0.7,19522
Luke Voit,SDP,75,299,259,61,10,1,13,37,41,33,88,5,0,0,,0.234,0.33,0.425,0.755,0.336,,-0.7,-2.3,,6.6,-10.2,0.7,14811
Dom Nuñez,COL,57,205,176,35,8,1,8,24,24,25,66,1,1,1,,0.199,0.301,0.397,0.698,0.308,,-0.2,-0.6,,-3.7,3.2,0.7,15055
Gilberto Celestino,MIN,82,315,287,70,16,0,6,38,26,22,70,4,3,2,,0.244,0.305,0.36,0.664,0.298,,-0.5,-2.1,,-1.6,-2.2,0.7,20233
Luke Williams,SFG,78,265,239,52,11,1,4,28,21,20,70,3,9,5,,0.216,0.282,0.323,0.605,0.273,,0,3,,-6.6,4,0.7,19931
C.J. Abrams,SDP,42,172,156,36,7,1,3,23,16,10,37,3,8,2,,0.231,0.289,0.347,0.635,0.285,,0.6,1.5,,-2,2.4,0.7,25768
Chris Owings,BAL,71,220,198,40,8,1,6,24,19,19,71,1,6,3,,0.201,0.274,0.353,0.627,0.28,,0,2.2,,-4.1,3.2,0.7,10030
Adam Haseley,CHW,71,271,245,58,10,1,6,32,27,19,61,3,5,1,,0.236,0.297,0.366,0.663,0.296,,0,-2.6,,-1,-1.6,0.7,19878
J.J. Matijevic,HOU,67,281,256,55,13,1,12,32,36,23,95,1,4,2,,0.215,0.279,0.42,0.698,0.308,,-0.2,0.5,,1.8,-4.7,0.7,20165
Nick Gordon,MIN,75,269,250,63,12,2,4,27,24,14,63,3,11,3,,0.251,0.297,0.36,0.657,0.293,,0.9,-0.5,,-1,-1.5,0.7,16337
J.D. Davis,NYM,81,271,238,60,12,1,8,29,28,27,70,5,2,0,,0.252,0.336,0.413,0.749,0.334,,-0.4,-5.4,,6.6,-9.6,0.6,16219
Keston Hiura,MIL,89,345,308,70,14,1,14,41,43,27,119,8,6,3,,0.226,0.303,0.415,0.717,0.318,,0.1,-3.4,,1.8,-7.2,0.6,20003
Michael Perez,PIT,52,177,160,32,7,1,6,17,19,15,47,1,0,1,,0.202,0.273,0.356,0.628,0.28,,-1.1,1.8,,-5,5.1,0.6,12977
Ryan O'Hearn,KCR,87,296,267,60,12,1,11,28,36,25,78,2,1,0,,0.224,0.292,0.402,0.694,0.306,,0,-0.5,,0.2,-3.7,0.6,16442
Chad Pinder,OAK,78,247,227,56,13,1,8,30,29,14,66,3,2,1,,0.246,0.296,0.412,0.708,0.313,,-0.4,-0.9,,2.7,-4.7,0.6,15191
Maikel Franco,WSN,97,365,340,82,20,0,10,31,46,21,58,1,0,0,,0.242,0.286,0.392,0.678,0.297,,-0.8,-2.4,,-5.1,-1.3,0.6,12179
Stephen Piscotty,OAK,66,238,216,52,11,0,7,24,28,17,56,3,2,0,,0.241,0.303,0.395,0.698,0.31,,-0.1,-1.6,,2.4,-4.3,0.6,13367
Robinson Chirinos,BAL,59,187,162,32,7,1,6,17,20,19,59,5,0,0,,0.196,0.297,0.353,0.65,0.294,,-0.2,-2.3,,-1.7,1.4,0.6,3142
Alfonso Rivas,CHC,77,306,270,65,12,1,5,37,27,31,78,3,1,1,,0.242,0.325,0.344,0.669,0.303,,-0.7,2.3,,-2.8,-1.7,0.6,21560
Dominic Smith,NYM,104,333,303,75,18,1,8,34,45,22,79,6,1,1,,0.249,0.31,0.395,0.705,0.313,,0.1,-3.5,,3.4,-8.9,0.6,15653
Dustin Garneau,DET,40,128,114,23,6,0,5,14,16,10,36,3,0,0,,0.202,0.278,0.39,0.667,0.298,,-0.1,-0.3,,-0.6,2,0.6,9433
Tyler Wade,LAA,98,262,234,53,10,2,3,33,16,21,64,2,14,5,,0.226,0.294,0.319,0.613,0.277,,0.4,0.8,,-4.7,1.9,0.6,15730
Jake Marisnick,PIT,81,194,176,38,10,2,4,23,18,11,56,4,4,2,,0.218,0.275,0.368,0.644,0.287,,0.1,3.7,,-3.2,2.2,0.6,11339
Kelvin Gutiérrez,BAL,79,301,277,64,9,2,6,27,27,19,74,3,4,1,,0.23,0.285,0.339,0.624,0.28,,-0.1,1.5,,-5.8,1.6,0.6,17468
Estevan Florial,NYY,65,271,244,50,9,1,9,28,27,24,91,1,8,5,,0.204,0.276,0.357,0.633,0.284,,-0.5,-0.3,,-4,0.7,0.6,19151
Billy McKinney,OAK,86,263,234,47,11,3,7,28,24,25,70,1,1,1,,0.201,0.279,0.367,0.646,0.287,,-1,3,,-2.9,-0.2,0.6,15654
Clint Frazier,CHC,71,262,230,52,14,1,9,30,27,26,74,4,3,1,,0.227,0.314,0.407,0.721,0.322,,-0.1,-2.6,,2,-5.5,0.6,15983
Raimel Tapia,TOR,105,394,364,92,18,3,5,47,33,25,72,1,13,3,,0.254,0.301,0.36,0.661,0.294,,1.3,-1.5,,-2.7,-4.8,0.5,14350
Christian Arroyo,BOS,51,173,157,38,8,1,5,19,20,9,39,4,2,0,,0.243,0.296,0.401,0.697,0.309,,0.3,0.2,,0.3,-0.8,0.5,16434
Franchy Cordero,BOS,83,305,274,64,17,2,8,41,34,26,94,2,6,1,,0.235,0.303,0.397,0.7,0.31,,0.7,-1.6,,0.9,-5.7,0.5,14567
Ernie Clement,CLE,72,282,259,61,13,1,2,29,17,15,38,3,5,3,,0.236,0.284,0.32,0.604,0.272,,-0.7,3.8,,-7.3,3.2,0.5,20352
Robinson Canó,SDP,55,213,199,51,10,0,6,21,22,11,37,2,0,0,,0.254,0.298,0.389,0.687,0.303,,-0.7,-1.9,,-1,-1.2,0.5,3269
Charlie Culberson,TEX,77,183,167,41,8,1,4,20,19,11,45,1,4,2,,0.247,0.296,0.385,0.681,0.301,,0.2,-1.7,,0.2,-1.1,0.5,3298
Kramer Robertson,STL,78,306,267,58,11,1,6,39,27,29,60,6,6,3,,0.215,0.304,0.333,0.636,0.29,,-0.1,-3.3,,-3.3,-2.2,0.5,20022
Patrick Mazeika,NYM,62,226,205,45,9,0,6,23,23,15,45,3,0,0,,0.219,0.28,0.355,0.635,0.284,,-0.2,-3.9,,-3.1,0.3,0.5,18142
Jackie Bradley Jr.,BOS,101,357,320,69,20,2,7,37,34,28,97,6,6,2,,0.215,0.288,0.351,0.639,0.287,,0.1,2.9,,-5.9,-0.8,0.5,12984
Mike Ford,SEA,74,281,249,52,10,0,11,33,34,27,67,4,1,0,,0.209,0.294,0.383,0.677,0.302,,-0.1,-0.5,,1.3,-5.7,0.5,15585
Luke Maile,CLE,42,130,116,24,7,0,1,15,11,11,37,1,1,0,,0.21,0.285,0.309,0.594,0.271,,-0.4,1.4,,-3.5,3.8,0.5,13355
Mark Kolozsvary,CIN,48,178,157,28,6,1,5,17,16,14,63,6,0,1,,0.176,0.267,0.314,0.581,0.266,,-0.6,2.8,,-7.7,6.1,0.5,21304
Willie Calhoun,TEX,79,305,277,68,14,1,10,34,32,24,43,2,1,1,,0.247,0.312,0.42,0.732,0.324,,-0.5,-4,,5,-10.4,0.5,17838
Joe Dunand,MIA,69,265,241,47,10,1,5,25,21,17,79,5,0,0,,0.196,0.262,0.306,0.568,0.257,,0.5,3.5,,-9.1,4.5,0.5,19727
Kevin Plawecki,BOS,47,142,127,30,7,1,2,12,13,10,25,3,0,0,,0.239,0.306,0.351,0.657,0.296,,-0.1,-1.5,,-1.5,1.2,0.5,13807
Sam Huff,TEX,69,281,261,60,10,1,10,30,30,15,98,3,2,2,,0.23,0.276,0.387,0.663,0.293,,-0.5,2.6,,-2.2,-2.5,0.5,22209
Mickey McDonald,OAK,71,275,247,52,8,1,2,29,17,21,74,3,7,1,,0.209,0.279,0.277,0.556,0.255,,0.7,2.5,,-8.2,3.5,0.4,20533
Austin Romine,LAA,37,117,111,27,5,0,3,11,14,4,32,0,0,0,,0.244,0.272,0.377,0.648,0.286,,0,-0.4,,-1.5,1.8,0.4,5491
Tomás Nido,NYM,51,153,144,31,6,1,3,12,14,5,44,1,1,0,,0.216,0.249,0.321,0.57,0.252,,-0.5,1.8,,-6.2,5.1,0.4,13755
Drew Jackson,OAK,55,199,174,34,6,1,4,24,18,19,62,3,8,2,,0.198,0.287,0.307,0.595,0.272,,0.7,-0.2,,-3,0.5,0.4,17807
Jason Krizan,SFG,72,290,263,66,14,1,6,34,28,21,47,1,1,0,,0.251,0.308,0.377,0.685,0.306,,0.4,-1.1,,0.5,-6.4,0.4,12394
Anthony Alford,CLE,72,257,230,53,12,1,7,30,28,22,90,4,9,5,,0.23,0.306,0.38,0.686,0.306,,-0.4,-1.1,,-0.9,-3.9,0.4,14329
Anthony Bemboom,BAL,55,188,167,32,5,1,5,20,15,16,49,1,1,1,,0.191,0.264,0.32,0.584,0.265,,-0.3,0.5,,-6,3.7,0.4,13854
Trayce Thompson,DET,68,258,230,43,8,1,10,29,33,23,93,3,3,2,,0.187,0.267,0.363,0.63,0.283,,-0.1,-1.5,,-4.5,-0.5,0.4,9952
Jake McCarthy,ARI,71,277,250,54,11,4,6,31,24,22,80,3,16,4,,0.218,0.286,0.366,0.653,0.291,,1.7,-2.1,,-2.9,-2.8,0.4,21622
Payton Henry,MIA,70,263,238,47,8,1,5,24,21,16,88,7,0,1,,0.197,0.266,0.303,0.569,0.259,,-0.4,0.8,,-9.5,4.3,0.4,22164
Chad Wallach,LAA,60,228,201,38,6,1,7,22,25,21,70,3,0,0,,0.188,0.275,0.338,0.613,0.277,,-0.1,-3.3,,-4.7,0.8,0.4,17161
Cole Tucker,PIT,87,337,302,66,13,4,5,36,26,29,84,2,7,3,,0.219,0.29,0.34,0.63,0.283,,0.3,-0.5,,-6.4,-1.4,0.4,17326
Miguel Andújar,NYY,51,191,180,48,9,1,7,23,22,9,32,1,0,1,,0.267,0.301,0.442,0.743,0.326,,0.1,-4.4,,3.8,-6.5,0.4,15878
Stephen Vogt,OAK,52,157,141,27,6,1,4,15,16,15,40,0,0,0,,0.19,0.267,0.336,0.602,0.27,,-0.1,-1.3,,-3.3,1.6,0.3,5000
Vinny Capra,TOR,64,238,217,47,9,1,5,26,20,16,64,3,4,1,,0.216,0.277,0.328,0.604,0.273,,0.2,1,,-6.2,1.9,0.3,25040
Heliot Ramos,SFG,81,346,319,74,15,1,9,39,29,22,100,3,8,3,,0.232,0.286,0.367,0.652,0.291,,0,-5.8,,-3.8,-4.5,0.3,22515
Corey Dickerson,STL,80,277,258,65,13,2,5,29,25,16,50,2,3,2,,0.253,0.298,0.381,0.679,0.299,,-0.4,0.8,,-1.5,-4.5,0.3,10762
Derek Hill,DET,80,296,272,63,8,3,5,32,23,17,91,3,10,5,,0.232,0.281,0.339,0.619,0.277,,-0.1,-1.5,,-5.9,-0.4,0.3,16947
Albert Almora Jr.,CIN,83,221,204,50,9,1,6,24,19,12,42,1,2,2,,0.242,0.286,0.38,0.666,0.293,,-1.2,0.3,,-5.4,1.1,0.3,14109
Edwin Ríos,LAD,83,286,261,57,12,1,16,36,45,20,107,4,1,2,,0.218,0.281,0.457,0.739,0.323,,-0.9,-3.2,,2.9,-9.4,0.3,18316
Sebastian Rivero,KCR,49,169,155,33,7,1,3,17,14,9,44,3,1,1,,0.213,0.266,0.319,0.586,0.262,,-0.1,-0.2,,-5.7,3,0.3,21735
Yoshi Tsutsugo,PIT,95,345,296,64,14,1,10,36,38,42,82,1,0,1,,0.216,0.312,0.372,0.685,0.308,,-0.7,-0.9,,-1,-7.9,0.3,27459
Símon Muzziotti,PHI,59,233,215,53,9,1,3,24,16,13,45,2,7,5,,0.248,0.295,0.346,0.641,0.286,,-1,-0.4,,-5.7,0.5,0.3,19553
Alcides Escobar,WSN,80,327,303,73,14,1,4,37,27,17,62,5,3,1,,0.24,0.289,0.333,0.622,0.28,,0.2,-3.9,,-8.1,-0.4,0.3,6310
Travis Jankowski,NYM,69,181,158,37,4,1,1,24,9,20,35,1,7,3,,0.233,0.321,0.294,0.615,0.282,,0.2,-0.6,,-2.4,-1.3,0.3,13768
Roman Quinn,PHI,40,108,96,20,3,1,2,12,6,8,31,2,8,2,,0.208,0.279,0.309,0.587,0.267,,0.9,1.2,,-2.8,1.4,0.2,13546
Harold Castro,DET,90,307,291,80,11,2,4,30,29,11,65,1,2,2,,0.276,0.302,0.364,0.665,0.295,,-0.9,-5.3,,-2.6,-5.2,0.2,14691
Steven Souza Jr.,SEA,46,165,147,29,5,1,5,15,16,15,55,2,3,1,,0.195,0.276,0.345,0.621,0.279,,0,0.6,,-2.1,-1.2,0.2,5667
Kurt Suzuki,LAA,47,168,150,33,6,0,4,14,15,10,31,6,0,0,,0.221,0.294,0.336,0.629,0.286,,-0.3,-4.5,,-2.4,-1.3,0.2,8259
Andrew Knapp,,50,128,109,22,5,1,2,10,11,16,35,2,0,0,,0.201,0.313,0.305,0.618,0.285,,0.1,-3.8,,-2.3,-0.6,0.1,14942
José Azocar,SDP,98,372,346,81,12,3,6,40,33,19,97,3,12,5,,0.235,0.278,0.336,0.614,0.274,,0.1,-1.2,,-8.5,-2.6,0.1,18821
Lucius Fox,WSN,65,262,231,47,10,3,4,29,20,25,71,3,14,3,,0.202,0.286,0.32,0.605,0.275,,1.3,-2.5,,-6.1,-1.6,0.1,18899
Stuart Fairchild,SFG,66,258,231,47,9,2,5,25,22,20,72,5,5,3,,0.205,0.28,0.329,0.609,0.276,,-0.2,-0.4,,-4,-3.3,0.1,20321
Alex Dickerson,ATL,75,232,210,50,9,1,9,28,30,17,54,4,1,0,,0.24,0.307,0.424,0.731,0.322,,-0.4,-1.8,,1.1,-8.1,0.1,12649
Jed Lowrie,OAK,87,318,284,67,15,0,7,33,41,30,67,1,0,0,,0.235,0.309,0.366,0.674,0.302,,-0.3,-3.6,,1.2,-10.8,0.1,4418
Miguel Cabrera,DET,92,368,336,85,10,0,11,33,48,26,86,3,0,0,,0.254,0.311,0.379,0.69,0.307,,-1.1,-1.7,,0.1,-11.4,0.1,1744
Matt Beaty,SDP,92,232,208,50,10,1,5,30,28,17,39,6,2,1,,0.239,0.313,0.365,0.678,0.305,,-0.2,-3.9,,-0.2,-7.1,0,17710
Erik González,MIA,61,187,175,40,7,1,2,17,17,9,41,1,2,1,,0.23,0.268,0.31,0.577,0.259,,-0.2,-0.4,,-6.6,0.3,0,13369
Zack Collins,TOR,72,263,226,46,12,1,8,29,32,33,93,2,1,0,,0.202,0.308,0.364,0.672,0.304,,0,-5.1,,-0.8,-7.8,0,19181
Nick Plummer,NYM,73,286,244,45,10,2,6,32,22,32,101,7,4,3,,0.186,0.296,0.319,0.615,0.283,,-0.6,-2.5,,-4.4,-5.6,-0.1,18690
Ka'ai Tom,SFG,71,263,234,49,9,3,7,28,30,22,79,5,3,2,,0.209,0.29,0.362,0.651,0.291,,-0.5,-3.2,,-3.3,-6.1,-0.1,18136
Guillermo Heredia,ATL,89,229,202,43,13,0,5,28,18,20,58,5,1,1,,0.214,0.3,0.35,0.651,0.293,,-0.2,-1.7,,-3.9,-4.6,-0.1,18721
Albert Pujols,STL,76,242,223,53,7,0,9,23,40,14,37,4,2,0,,0.236,0.291,0.394,0.685,0.302,,-0.4,-0.8,,-0.9,-8.2,-0.1,1177
JT Riddle,CIN,64,228,211,44,9,1,5,27,21,11,45,3,2,1,,0.209,0.257,0.322,0.579,0.258,,0,-0.8,,-10.4,1.7,-0.1,17642
Christopher Morel,CHC,76,307,280,58,10,2,10,34,36,21,91,1,8,2,,0.207,0.265,0.368,0.633,0.281,,0.7,-6.8,,-6.5,-5.7,-0.2,21897
Dee Strange-Gordon,WSN,64,237,225,57,7,3,3,23,17,7,33,2,7,4,,0.251,0.278,0.34,0.619,0.275,,-0.2,-3.6,,-7.1,-2.9,-0.2,8203
Aaron Whitefield,LAA,76,281,259,50,8,1,3,29,18,17,91,1,13,5,,0.193,0.245,0.269,0.514,0.234,,0.3,2.2,,-14.6,3.2,-0.3,19938
Ronnie Dawson,CIN,68,292,260,56,12,1,7,37,27,24,87,4,8,5,,0.214,0.289,0.348,0.638,0.287,,-0.7,-6,,-7.6,-4.9,-0.3,19710
