Name,Team,G,AB,PA,H,1B,2B,3B,HR,R,RBI,BB,IBB,SO,HBP,SF,SH,GDP,SB,CS,AVG,playerid
Tommy La Stella,SFG,2,6,7,3,0,2,0,1,1,1,1,0,0,0,0,0,0,0,0,0.5,12371
Jaylin Davis,BOS,2,4,4,2,2,0,0,0,0,0,0,0,2,0,0,0,0,0,0,0.5,19552
Joe Dunand,MIA,1,4,4,2,0,1,0,1,2,1,0,0,1,0,0,0,0,0,0,0.5,19727
Elehuris Montero,COL,1,4,4,2,2,0,0,0,0,0,0,0,2,0,0,0,0,0,0,0.5,20543
Tucupita Marcano,PIT,1,2,2,1,0,1,0,0,1,0,0,0,1,0,0,0,0,0,0,0.5,22871
Sam Huff,TEX,5,18,18,8,8,0,0,0,2,3,0,0,6,0,0,0,0,1,0,0.444,22209
Rob Refsnyder,BOS,3,5,6,2,0,2,0,0,0,1,1,0,0,0,0,0,0,0,0,0.4,13770
Miguel Andujar,NYY,2,5,5,2,2,0,0,0,1,0,0,0,0,0,0,0,0,0,0,0.4,15878
Yonathan Daza,COL,27,72,80,27,24,2,1,0,10,8,5,0,6,2,1,0,2,0,2,0.375,15794
Taylor Ward,LAA,29,104,127,39,23,5,2,9,26,23,23,0,26,0,0,0,1,1,2,0.375,17548
Edward Olivares,KCR,15,35,38,13,9,4,0,0,5,3,2,0,5,1,0,0,0,2,1,0.371,19698
Manny Machado,SDP,38,141,162,50,35,8,0,7,27,23,19,3,29,1,1,0,4,6,0,0.355,11493
Danny Jansen,TOR,8,17,20,6,2,1,0,3,4,4,2,0,2,1,0,0,0,0,0,0.353,16535
Luis Gonzalez,SFG,21,63,73,22,17,3,0,2,11,15,6,0,10,1,3,0,2,3,1,0.349,20332
Manuel Margot,TBR,27,92,102,32,25,3,1,3,10,21,9,1,13,1,0,0,2,5,1,0.348,14712
Garrett Stubbs,PHI,9,23,25,8,5,2,1,0,1,2,2,0,5,0,0,0,1,1,0,0.348,18067
Luis Barrera,OAK,10,23,27,8,7,0,0,1,2,5,3,0,3,0,1,0,1,1,0,0.348,19615
Josh Naylor,CLE,20,72,77,25,16,4,0,5,10,22,3,0,10,1,1,0,5,0,0,0.347,18839
Tim Anderson,CHW,33,136,145,47,35,8,0,4,20,15,5,1,17,4,0,0,3,7,0,0.346,15172
J.D. Martinez,BOS,31,122,133,42,23,14,0,5,18,20,8,0,32,1,2,0,6,0,0,0.344,6184
Eric Hosmer,SDP,36,134,147,45,33,8,0,4,15,24,13,3,22,0,0,0,3,0,0,0.336,3516
Rafael Devers,BOS,38,158,165,53,30,15,1,7,25,21,7,1,29,0,0,0,2,0,0,0.335,17350
Juan Yepez,STL,14,54,59,18,12,3,0,3,8,5,4,0,10,1,0,0,0,0,0,0.333,18400
Gilberto Celestino,MIN,25,57,63,19,15,4,0,0,8,3,3,0,16,2,0,1,3,0,0,0.333,20233
Heliot Ramos,SFG,4,6,7,2,2,0,0,0,2,0,1,0,2,0,0,0,1,0,0,0.333,22515
Xander Bogaerts,BOS,37,142,157,47,35,8,0,4,21,16,12,0,32,2,1,0,3,2,0,0.331,12161
Paul Goldschmidt,STL,37,143,162,47,27,14,0,6,24,27,17,0,30,0,1,0,1,3,0,0.329,9218
Yadiel Hernandez,WSN,29,104,112,34,23,8,0,3,12,20,7,0,25,0,1,0,5,1,1,0.327,19334
Bryan De La Cruz,MIA,26,40,48,13,9,3,0,1,6,5,6,0,10,1,1,0,2,0,0,0.325,19600
Tyler Stephenson,CIN,25,77,86,25,16,5,0,4,13,20,6,0,24,2,1,0,1,1,0,0.325,17988
Luis Arraez,MIN,30,96,113,31,25,5,0,1,12,9,16,1,7,1,0,0,1,2,1,0.323,18568
Ty France,SEA,39,155,176,50,38,6,0,6,16,28,13,1,19,6,1,0,0,0,0,0.323,17982
Willi Castro,DET,22,59,64,19,15,3,0,1,6,4,4,0,8,0,1,0,1,1,2,0.322,17338
Harold Ramirez,TBR,28,78,86,25,21,4,0,0,11,8,5,0,10,2,1,0,0,1,2,0.321,14387
Mike Trout,LAA,35,122,146,39,17,10,1,11,32,23,22,2,35,2,0,0,2,0,0,0.32,10155
C.J. Cron,COL,37,144,156,46,26,9,1,10,23,30,9,1,40,2,1,0,2,0,0,0.319,12546
Josh Bell,WSN,38,136,160,43,32,7,0,4,23,22,19,1,17,2,1,0,11,0,1,0.316,13145
Orlando Arcia,ATL,13,38,44,12,9,2,0,1,3,7,5,0,12,0,1,0,1,0,0,0.316,13185
Alek Thomas,ARI,12,38,39,12,7,3,0,2,6,4,1,0,8,0,0,0,0,0,0,0.316,23792
Brendan Donovan,STL,20,38,51,12,7,4,0,1,9,5,11,0,9,2,0,0,1,1,0,0.316,24679
Jeff McNeil,NYM,38,134,147,42,31,9,1,1,18,21,11,0,17,1,1,0,0,1,0,0.313,15362
Trevor Larnach,MIN,22,67,74,21,12,9,0,0,12,7,6,0,23,0,1,0,0,0,0,0.313,21501
Cam Gallagher,KCR,8,16,18,5,3,2,0,0,1,2,1,0,4,0,0,1,0,0,0,0.313,12981
Freddie Freeman,LAD,37,138,164,43,25,14,1,3,23,19,22,2,22,2,2,0,2,2,0,0.312,5361
Andres Gimenez,CLE,32,100,104,31,19,6,2,4,13,20,3,0,23,0,1,0,2,3,0,0.31,19950
Royce Lewis,MIN,11,39,40,12,6,4,0,2,5,5,1,0,5,0,0,0,2,0,0,0.308,20437
Aaron Judge,NYY,36,137,156,42,21,7,0,14,32,30,17,0,41,0,1,0,3,2,0,0.307,15640
Andrew Benintendi,KCR,37,134,150,41,34,3,2,2,12,16,13,0,21,1,2,0,1,0,0,0.306,17901
Bryce Harper,PHI,34,131,147,40,16,14,1,9,29,27,11,1,33,2,3,0,5,6,1,0.305,11579
Luis Rengifo,LAA,9,23,27,7,6,1,0,0,3,0,2,0,5,1,0,1,0,0,1,0.304,19858
Jazz Chisholm Jr.,MIA,31,115,128,35,17,7,4,7,20,27,8,0,29,1,3,0,0,6,2,0.304,20454
Joey Wendle,MIA,25,79,87,24,16,6,0,2,12,10,7,0,10,1,0,0,0,4,0,0.304,13853
Tom Murphy,SEA,14,33,42,10,7,2,0,1,9,1,8,0,13,0,0,0,1,0,0,0.303,13499
Jose Iglesias,COL,30,106,115,32,24,8,0,0,13,11,5,0,12,4,0,0,3,0,0,0.302,10231
Luis Robert,CHW,30,123,130,37,28,3,0,6,21,17,6,0,20,1,0,0,1,6,1,0.301,20043
Dustin Garneau,DET,8,10,11,3,2,1,0,0,1,1,1,0,4,0,0,0,0,0,0,0.3,9433
Jon Berti,MIA,17,40,50,12,7,2,1,2,10,4,9,0,11,1,0,0,1,2,1,0.3,12037
J.P. Crawford,SEA,36,130,150,39,27,7,1,4,16,11,14,0,25,4,2,0,0,1,1,0.3,15491
Alec Bohm,PHI,36,120,134,36,28,5,1,2,17,15,8,0,24,1,5,0,5,1,1,0.3,21618
Jonah Heim,TEX,24,74,84,22,13,5,0,4,15,14,10,0,12,0,0,0,2,0,0,0.297,16930
Nolan Arenado,STL,37,138,153,41,20,12,0,9,17,31,14,1,23,0,1,0,2,0,0,0.297,9777
Giancarlo Stanton,NYY,35,135,150,40,26,3,0,11,15,35,12,1,39,0,3,0,1,0,0,0.296,4949
Albert Almora Jr.,CIN,9,27,29,8,6,2,0,0,4,1,1,0,7,0,0,1,2,1,0,0.296,14109
Francisco Mejia,TBR,15,44,45,13,9,2,0,2,7,13,0,0,12,0,1,0,0,0,0,0.295,16403
Jonathan India,CIN,11,44,45,13,11,2,0,0,5,3,1,0,10,0,0,0,1,0,1,0.295,21523
Jean Segura,PHI,32,119,129,35,26,3,0,6,19,14,9,0,21,1,0,0,5,5,1,0.294,5933
Mark Canha,NYM,30,102,117,30,26,1,0,3,16,14,10,0,24,4,1,0,0,0,1,0.294,11445
Luis Urias,MIL,14,51,62,15,12,1,0,2,10,6,8,0,11,2,1,0,0,0,1,0.294,16622
Owen Miller,CLE,29,102,116,30,14,12,0,4,23,15,11,0,23,0,3,0,2,0,0,0.294,24655
Luis Guillorme,NYM,24,58,68,17,12,4,0,1,8,3,8,0,11,0,0,2,5,1,0,0.293,16451
Harold Castro,DET,22,65,68,19,14,3,1,1,8,6,2,0,12,0,1,0,2,0,0,0.292,14691
Trey Mancini,BAL,36,137,152,40,32,5,0,3,13,14,11,0,31,2,2,0,1,0,0,0.292,15149
Victor Reyes,DET,11,24,26,7,4,2,1,0,1,4,2,0,4,0,0,0,1,0,1,0.292,15487
Mike Yastrzemski,SFG,28,93,109,27,18,6,0,3,16,13,12,0,18,2,2,0,1,0,1,0.29,14854
Ke'Bryan Hayes,PIT,34,121,141,35,25,10,0,0,14,9,18,0,26,1,1,0,2,4,2,0.289,18577
Santiago Espinal,TOR,38,121,135,35,21,12,0,2,13,15,11,1,25,1,2,0,2,3,1,0.289,19997
Didi Gregorius,PHI,18,59,65,17,13,4,0,0,7,7,3,0,10,2,1,0,0,0,0,0.288,6012
Hunter Dozier,KCR,34,125,133,36,23,7,2,4,16,11,7,0,29,1,0,0,2,1,2,0.288,15117
Yandy Diaz,TBR,32,108,131,31,25,3,0,3,17,9,21,0,12,2,0,0,2,0,2,0.287,16578
Brandon Nimmo,NYM,35,129,153,37,24,7,3,3,23,14,21,0,23,1,0,2,3,0,0,0.287,12927
Austin Hays,BAL,34,129,145,37,23,11,0,3,14,13,13,0,23,2,1,0,2,0,1,0.287,19363
Miguel Cabrera,DET,33,119,130,34,26,5,0,3,12,14,8,2,35,1,2,0,4,0,0,0.286,1744
Jose Altuve,HOU,25,98,110,28,16,4,0,8,18,13,11,0,20,1,0,0,5,2,1,0.286,5417
Jason Vosler,SFG,12,35,41,10,7,1,0,2,5,5,5,1,10,0,1,0,1,0,1,0.286,16686
Alex Jackson,MIL,3,7,7,2,2,0,0,0,0,0,0,0,4,0,0,0,0,0,0,0.286,17276
Michael Chavis,PIT,30,91,98,26,17,4,2,3,9,14,4,0,24,0,3,0,1,0,1,0.286,17321
Zach Reks,TEX,6,14,14,4,3,1,0,0,2,3,0,0,6,0,0,0,0,0,1,0.286,19667
Christopher Morel,CHC,3,7,9,2,1,0,0,1,1,1,2,0,2,0,0,0,0,1,0,0.286,21897
Michael Brantley,HOU,33,130,145,37,25,8,1,3,15,15,13,1,16,1,0,1,0,0,1,0.285,4106
Vladimir Guerrero Jr.,TOR,37,134,155,38,27,4,0,7,17,21,16,2,28,3,2,0,8,0,1,0.284,19611
Keibert Ruiz,WSN,30,110,122,31,22,8,0,1,11,11,9,0,12,2,1,0,1,1,0,0.282,19610
Brandon Marsh,LAA,34,110,125,31,23,4,0,4,16,22,9,0,40,2,3,1,0,3,2,0.282,20202
Kris Bryant,COL,15,57,65,16,12,4,0,0,11,4,5,0,12,1,2,0,1,0,0,0.281,15429
Jose Ramirez,CLE,35,132,154,37,19,8,2,8,21,34,20,0,14,1,1,0,2,3,1,0.28,13510
Isaac Paredes,TBR,9,25,25,7,4,1,0,2,4,4,0,0,5,0,0,0,1,0,0,0.28,20036
Trea Turner,LAD,37,143,160,40,28,9,1,2,18,27,14,0,29,1,2,0,2,7,1,0.28,16252
Ji-Man Choi,TBR,23,68,80,19,12,5,0,2,7,15,12,1,26,0,0,0,0,0,0,0.279,5452
Mike Brosseau,MIL,21,43,48,12,9,1,0,2,4,8,5,0,11,0,0,0,0,1,0,0.279,19683
Connor Joe,COL,34,133,152,37,26,5,2,4,22,11,18,0,26,1,0,0,3,2,2,0.278,16572
Cesar Hernandez,WSN,39,162,175,45,35,9,1,0,21,8,10,0,35,2,0,1,5,2,1,0.278,10556
Pete Alonso,NYM,40,152,173,42,26,6,0,10,24,36,14,2,38,5,2,0,3,1,0,0.276,19251
Jeremy Pena,HOU,33,116,131,32,19,5,1,7,20,21,10,0,31,2,2,0,1,2,0,0.276,21636
Randal Grichuk,COL,28,109,118,30,22,3,0,5,14,21,6,0,33,2,1,0,2,1,0,0.275,10243
Ryan McMahon,COL,36,131,149,36,23,8,1,4,20,20,15,0,41,3,0,0,0,0,1,0.275,15112
Patrick Mazeika,NYM,4,11,12,3,1,1,0,1,1,1,0,0,1,0,0,1,0,0,0,0.273,18142
Wander Franco,TBR,36,147,155,40,26,9,1,4,23,16,6,1,15,0,2,0,2,4,0,0.272,23667
Sheldon Neuse,OAK,35,125,137,34,27,3,2,2,14,14,10,0,38,2,0,0,1,4,1,0.272,19635
Isiah Kiner-Falefa,NYY,35,114,128,31,25,6,0,0,19,10,10,0,24,1,3,0,4,5,1,0.272,16512
Ian Happ,CHC,35,114,138,31,23,5,0,3,19,17,22,1,28,1,1,0,3,2,0,0.272,17919
Tucker Barnhart,DET,27,81,86,22,19,3,0,0,3,4,5,0,28,0,0,0,2,0,0,0.272,10200
Nick Castellanos,PHI,37,140,155,38,24,9,0,5,18,21,12,0,38,2,1,0,2,2,0,0.271,11737
Nico Hoerner,CHC,29,96,99,26,19,4,1,2,6,11,2,0,14,1,0,0,1,2,1,0.271,21479
Thairo Estrada,SFG,36,133,144,36,25,9,0,2,24,20,7,0,20,1,3,0,2,6,0,0.271,16426
Richie Palacios,CLE,12,37,39,10,9,1,0,0,1,2,2,0,5,0,0,0,0,1,0,0.27,24589
Ben Gamel,PIT,37,115,128,31,21,6,1,3,15,15,13,0,28,0,0,0,0,2,1,0.27,12160
Julio Rodriguez,SEA,38,141,153,38,29,5,1,3,15,14,11,1,48,1,0,0,4,11,3,0.27,23697
Curt Casali,SFG,18,52,58,14,9,2,0,3,7,9,6,0,15,0,0,0,1,0,0,0.269,12510
George Springer,TOR,36,130,148,35,20,7,1,7,21,21,11,0,34,3,3,0,0,2,1,0.269,12856
Tommy Edman,STL,37,134,156,36,25,4,3,4,27,18,18,0,23,3,0,1,3,9,1,0.269,19470
Ryan Mountcastle,BAL,28,112,117,30,23,3,0,4,10,16,4,1,29,1,0,0,4,2,0,0.268,18373
Austin Meadows,DET,28,101,116,27,21,4,2,0,9,11,12,0,14,3,0,0,1,0,1,0.267,15672
Alejandro Kirk,TOR,34,101,116,27,22,4,0,1,7,7,13,1,11,0,2,0,3,0,0,0.267,22581
DJ LeMahieu,NYY,35,131,147,35,24,9,0,2,20,13,13,0,22,3,0,0,4,1,1,0.267,9874
Jesus Aguilar,MIA,35,131,149,35,25,5,0,5,11,18,14,0,36,0,4,0,2,0,0,0.267,11342
Adam Frazier,SEA,38,150,166,40,29,9,1,1,21,14,15,1,19,1,0,0,2,1,2,0.267,15223
Andrew Vaughn,CHW,22,75,83,20,13,3,0,4,6,13,5,0,16,2,1,0,0,0,0,0.267,26197
Starling Marte,NYM,33,139,148,37,25,8,1,3,20,20,5,0,26,4,0,0,4,5,4,0.266,9241
Tyler Naquin,CIN,30,109,118,29,14,10,1,4,16,21,7,0,32,1,0,1,1,3,1,0.266,13359
Yan Gomes,CHC,21,64,66,17,11,4,0,2,6,6,2,0,13,0,0,0,3,0,0,0.266,9627
Carlos Correa,MIN,25,98,108,26,18,6,0,2,14,12,9,0,26,1,0,0,6,0,0,0.265,14162
Steven Kwan,CLE,29,102,123,27,19,6,1,1,19,13,17,0,10,2,2,0,1,1,1,0.265,24610
Willson Contreras,CHC,32,114,138,30,17,7,1,5,24,14,16,0,27,8,0,0,5,0,1,0.263,11609
MJ Melendez,KCR,13,38,42,10,7,1,0,2,4,4,4,0,11,0,0,0,0,0,0,0.263,22197
Mookie Betts,LAD,35,141,162,37,22,7,0,8,36,20,19,0,26,1,1,0,3,3,0,0.262,13611
Odubel Herrera,PHI,21,61,64,16,7,6,1,2,7,8,2,0,17,0,1,0,1,0,0,0.262,11476
Edwin Rios,LAD,15,42,43,11,6,1,0,4,7,12,1,0,18,0,0,0,1,0,1,0.262,18316
Maikel Franco,WSN,39,149,157,39,26,10,0,3,12,21,6,0,32,0,2,0,10,0,0,0.262,12179
Ronald Acuna Jr.,ATL,12,46,56,12,8,2,0,2,7,5,8,0,21,2,0,0,0,6,0,0.261,18401
Wilmer Flores,SFG,33,119,134,31,20,8,0,3,18,20,12,0,18,1,2,0,3,0,0,0.261,5827
Gavin Lux,LAD,32,100,114,26,20,4,1,1,20,11,13,0,21,0,1,0,0,2,0,0.26,19955
Max Kepler,MIN,36,116,137,30,20,5,0,5,13,16,16,0,22,3,2,0,3,1,1,0.259,12144
Travis d'Arnaud,ATL,26,101,105,26,17,6,0,3,13,16,1,0,26,3,0,0,3,0,0,0.257,7739
Alan Trejo,COL,10,35,36,9,7,1,0,1,6,6,1,0,8,0,0,0,1,0,0,0.257,20056
Matt Olson,ATL,38,141,169,36,17,15,0,4,17,15,27,1,35,0,1,0,5,0,0,0.255,14344
Omar Narvaez,MIL,23,75,87,19,12,5,0,2,7,8,9,1,21,3,0,0,0,0,0,0.253,13338
Shohei Ohtani,LAA,39,158,171,40,24,8,0,8,27,27,13,3,40,0,0,0,4,5,3,0.253,19755
Johan Camargo,PHI,30,91,98,23,17,3,0,3,6,11,7,0,19,0,0,0,1,0,0,0.253,14950
Will Smith,LAD,27,91,105,23,15,5,0,3,16,17,13,0,17,1,0,0,2,0,0,0.253,19197
Chad Pinder,OAK,26,95,99,24,16,5,0,3,9,11,2,0,37,0,1,1,1,2,0,0.253,15191
Daniel Vogelbach,PIT,32,111,126,28,16,5,1,6,14,14,14,1,32,0,1,0,4,0,0,0.252,14130
Josh Donaldson,NYY,35,123,144,31,18,8,0,5,16,14,19,0,35,2,0,0,4,0,1,0.252,5038
Daulton Varsho,ARI,37,131,148,33,19,7,0,7,18,17,13,0,37,2,2,0,2,3,2,0.252,19918
Cedric Mullins II,BAL,39,155,171,39,25,8,1,5,20,16,9,0,33,5,1,1,2,7,2,0.252,17929
Austin Romine,LAA,3,8,9,2,2,0,0,0,0,0,0,0,3,0,0,1,0,0,0,0.25,5491
Austin Barnes,LAD,15,44,50,11,6,2,0,3,9,8,5,0,8,1,0,0,3,0,0,0.25,12158
Jorge Alfaro,SDP,20,60,66,15,11,2,0,2,5,8,3,0,28,1,2,0,1,1,0,0.25,12180
Anthony Alford,PIT,2,4,4,1,1,0,0,0,0,0,0,0,2,0,0,0,0,0,0,0.25,14329
Hunter Renfroe,MIL,35,132,142,33,17,7,0,9,19,16,8,0,38,0,2,0,4,0,1,0.25,15464
Travis Demeritte,ATL,21,72,79,18,13,2,0,3,9,5,6,0,26,0,1,0,1,0,0,0.25,15958
Mauricio Dubon,- - -,25,52,56,13,9,2,0,2,10,8,1,0,4,0,2,1,0,0,0,0.25,16530
JT Riddle,CIN,2,4,4,1,1,0,0,0,0,0,0,0,1,0,0,0,0,0,0,0.25,17642
Kevin Newman,PIT,14,48,52,12,7,4,1,0,4,8,4,0,7,0,0,0,2,1,1,0.25,17696
Brian Anderson,MIA,26,84,99,21,12,7,0,2,18,4,13,1,29,2,0,0,0,1,0,0.25,18289
Donovan Walton,- - -,2,4,4,1,0,1,0,0,1,0,0,0,1,0,0,0,0,0,0,0.25,19314
Andrew Knizner,STL,22,56,65,14,10,3,0,1,4,9,7,0,16,2,0,0,1,0,0,0.25,19514
Josh Rojas,ARI,13,40,49,10,10,0,0,0,7,3,8,0,8,0,1,0,0,3,0,0.25,19734
Luke Williams,SFG,8,12,12,3,2,1,0,0,1,3,0,0,4,0,0,0,0,0,0,0.25,19931
Juan Soto,WSN,39,140,173,35,20,7,0,8,26,11,32,1,26,1,0,0,2,4,0,0.25,20123
Kyle Isbel,KCR,19,44,46,11,9,2,0,0,6,3,1,0,11,0,1,0,2,1,1,0.25,21614
Jarren Duran,BOS,1,4,5,1,0,0,1,0,1,0,0,0,1,1,0,0,0,0,0,0.25,24617
Jared Walsh,LAA,38,137,149,34,21,5,0,8,18,26,11,2,38,1,0,0,3,0,1,0.248,18607
Kyle Tucker,HOU,38,133,155,33,19,7,0,7,15,26,21,1,30,0,1,0,2,9,1,0.248,18345
Yordan Alvarez,HOU,34,121,143,30,15,3,0,12,24,22,21,2,26,0,1,0,2,0,0,0.248,19556
Chris Taylor,LAD,34,117,135,29,17,8,1,3,16,15,15,1,48,1,2,0,2,3,1,0.248,13757
Seiya Suzuki,CHC,35,117,137,29,14,10,1,4,16,18,18,2,42,1,1,0,3,1,2,0.248,30116
Mike Moustakas,CIN,27,93,106,23,15,5,0,3,14,10,9,0,25,3,1,0,2,0,0,0.247,4892
Nick Gordon,MIN,30,73,78,18,15,2,1,0,8,2,4,0,22,0,0,1,1,1,2,0.247,16337
Kolten Wong,MIL,35,122,140,30,18,6,3,3,20,13,13,0,27,2,3,0,1,8,1,0.246,12532
Brandon Drury,CIN,32,110,126,27,12,8,0,7,19,22,13,0,29,2,1,0,3,0,2,0.245,11615
Byron Buxton,MIN,25,94,105,23,7,5,0,11,22,20,8,0,30,3,0,0,0,1,0,0.245,14161
Corey Seager,TEX,36,139,156,34,24,2,0,8,19,19,16,1,28,0,1,0,1,0,0,0.245,13624
Charlie Culberson,TEX,20,37,42,9,8,1,0,0,7,6,3,0,12,0,0,2,0,1,2,0.243,3298
Travis Jankowski,NYM,27,37,42,9,9,0,0,0,10,2,5,0,5,0,0,0,0,3,0,0.243,13768
Austin Riley,ATL,37,144,162,35,18,9,0,8,17,18,14,0,42,4,0,0,2,2,0,0.243,18360
Kole Calhoun,TEX,35,103,112,25,16,3,1,5,9,13,6,0,28,2,1,0,0,0,1,0.243,11200
Bo Bichette,TOR,38,157,166,38,27,7,0,4,17,16,9,0,42,0,0,0,3,4,2,0.242,19612
Yuli Gurriel,HOU,33,124,132,30,14,13,0,3,14,12,5,0,20,2,1,0,3,2,0,0.242,19198
Jonathan Villar,CHC,26,91,100,22,18,3,0,1,11,10,7,0,27,0,2,0,1,3,0,0.242,10071
Austin Slater,SFG,31,58,74,14,10,1,1,2,11,11,15,0,19,0,1,0,0,2,0,0.241,16153
Gleyber Torres,NYY,35,116,127,28,17,5,1,5,10,19,7,0,19,1,2,1,3,0,0,0.241,16997
Alejo Lopez,CIN,12,29,31,7,6,1,0,0,3,0,1,0,5,1,0,0,0,0,0,0.241,21127
Tyler Wade,LAA,33,79,89,19,15,4,0,0,10,5,5,0,19,1,0,4,1,3,3,0.241,15730
Tommy Pham,CIN,35,125,147,30,21,5,0,4,21,12,22,0,35,0,0,0,4,3,0,0.24,2967
Andrew McCutchen,MIL,25,100,110,24,17,5,0,2,11,14,7,0,25,1,2,0,2,3,2,0.24,9847
Francisco Lindor,NYM,40,150,178,36,24,6,0,6,26,22,21,1,34,4,3,0,2,5,2,0.24,12916
LaMonte Wade Jr.,SFG,10,25,32,6,5,0,0,1,4,5,5,0,5,1,1,0,0,0,0,0.24,18126
Darin Ruf,SFG,36,121,145,29,23,5,0,1,18,13,21,0,32,2,1,0,2,2,0,0.24,9929
Harrison Bader,STL,36,121,133,29,22,4,0,3,19,10,9,0,21,2,1,0,3,11,0,0.24,18030
Jake Burger,CHW,21,71,77,17,13,2,0,2,6,7,4,0,27,0,1,1,3,0,0,0.239,22275
Rhys Hoskins,PHI,37,138,155,33,18,7,1,7,21,20,16,0,44,0,1,0,4,0,0,0.239,16472
Myles Straw,CLE,35,130,154,31,23,7,1,0,24,6,22,0,27,0,2,0,0,8,1,0.238,17620
Yadier Molina,STL,24,84,84,20,15,3,0,2,8,6,0,0,12,0,0,0,2,1,0,0.238,7007
Michael A. Taylor,KCR,33,101,117,24,19,2,1,2,14,12,15,0,25,0,1,0,3,0,1,0.238,11489
Garrett Cooper,MIA,34,118,136,28,18,8,0,2,11,13,11,0,38,5,2,0,0,0,0,0.237,15279
Jorge Mateo,BAL,35,118,126,28,18,7,1,2,13,9,5,0,36,1,0,1,0,11,1,0.237,17273
Christian Yelich,MIL,37,135,158,32,18,8,1,5,25,20,19,0,37,2,2,0,2,5,0,0.237,11477
Anthony Rendon,LAA,36,131,153,31,18,8,0,5,15,21,19,0,29,1,2,0,5,2,0,0.237,12861
Victor Robles,WSN,34,93,108,22,16,6,0,0,13,12,5,0,32,3,1,6,0,1,0,0.237,18363
Albert Pujols,STL,19,55,65,13,9,2,0,2,9,8,8,0,9,2,0,0,2,1,1,0.236,1177
Rowdy Tellez,MIL,37,127,140,30,13,9,0,8,17,30,11,2,34,2,0,0,3,0,0,0.236,15679
Nathaniel Lowe,TEX,34,127,136,30,24,4,0,2,10,12,9,0,32,0,0,0,4,0,0,0.236,19566
Dylan Carlson,STL,37,140,152,33,21,9,1,2,13,10,8,0,22,2,2,0,3,1,0,0.236,20126
Hanser Alberto,LAD,17,34,35,8,6,2,0,0,4,3,1,0,4,0,0,0,1,0,0,0.235,11902
Jorge Polanco,MIN,37,136,158,32,20,8,0,4,15,22,21,0,39,0,1,0,1,2,2,0.235,13152
Ryan McKenna,BAL,23,34,39,8,5,3,0,0,4,3,3,1,15,1,1,0,1,0,0,0.235,19928
Anthony Santander,BAL,39,132,158,31,19,5,0,7,18,19,20,1,32,5,1,0,4,0,2,0.235,14551
Amed Rosario,CLE,31,124,133,29,24,3,2,0,13,8,9,0,18,0,0,0,1,2,1,0.234,15518
Anthony Rizzo,NYY,37,137,159,32,14,7,1,10,24,24,16,2,28,6,0,0,4,3,1,0.234,3473
Roberto Perez,PIT,21,60,69,14,10,2,0,2,8,8,9,0,25,0,0,0,1,0,0,0.233,2900
Ozzie Albies,ATL,38,150,166,35,22,7,0,6,19,15,11,0,27,2,3,0,0,3,2,0.233,16556
Diego Castillo,PIT,29,90,95,21,17,2,0,2,8,7,3,0,19,1,1,0,4,1,1,0.233,19906
Wil Myers,SDP,23,86,93,20,16,3,0,1,11,13,5,0,27,0,2,0,2,0,0,0.233,10047
Matt Duffy,LAA,17,43,48,10,9,1,0,0,2,2,5,0,12,0,0,0,1,0,0,0.233,13836
Jed Lowrie,OAK,23,69,81,16,15,0,0,1,9,8,10,0,14,0,2,0,2,1,0,0.232,4418
Ketel Marte,ARI,37,134,150,31,15,13,1,2,16,11,13,0,33,2,1,0,2,2,0,0.231,13613
Nick Ahmed,ARI,17,52,54,12,7,2,0,3,7,7,2,0,15,0,0,0,2,0,1,0.231,12147
Matt Reynolds,- - -,18,39,47,9,7,2,0,0,5,1,8,0,13,0,0,0,1,1,0,0.231,13788
Tim Locastro,NYY,15,13,15,3,2,0,0,1,8,2,2,0,4,0,0,0,0,4,1,0.231,15124
Emmanuel Rivera,KCR,16,39,42,9,4,2,2,1,6,7,3,0,9,0,0,0,4,0,0,0.231,19890
J.T. Realmuto,PHI,33,126,137,29,22,4,1,2,19,8,11,0,33,0,0,0,0,3,0,0.23,11739
Trevor Story,BOS,33,126,145,29,16,8,0,5,19,23,15,0,43,2,2,0,3,5,0,0.23,12564
Elvis Andrus,OAK,35,113,126,26,18,7,0,1,12,4,12,0,19,1,0,0,4,2,0,0.23,8709
Gary Sanchez,MIN,27,100,111,23,8,11,0,4,9,17,7,0,33,4,0,0,1,1,0,0.23,11442
Jose Siri,HOU,26,74,81,17,11,3,1,2,10,6,6,0,26,1,0,0,0,2,1,0.23,17452
Gio Urshela,MIN,33,109,123,25,20,2,0,3,13,11,11,0,16,0,3,0,10,0,0,0.229,10681
Brendan Rodgers,COL,28,109,117,25,16,7,0,2,14,17,6,0,26,1,1,0,5,0,0,0.229,17907
Christian Bethancourt,OAK,25,70,77,16,10,6,0,0,9,8,5,0,14,1,0,1,3,2,0,0.229,10028
Frank Schwindel,CHC,35,127,132,29,21,6,0,2,9,14,5,0,29,0,0,0,3,0,0,0.228,15351
Nicky Lopez,KCR,37,114,130,26,21,5,0,0,12,4,12,0,19,3,0,1,1,3,0,0.228,19339
Brandon Belt,SFG,26,101,120,23,16,2,1,4,14,11,16,0,32,2,1,0,6,1,0,0.228,10264
Lourdes Gurriel Jr.,TOR,37,132,143,30,20,8,0,2,13,12,6,0,26,3,2,0,2,2,0,0.227,19238
Dansby Swanson,ATL,38,128,144,29,17,7,1,4,19,16,14,0,52,1,1,0,3,4,0,0.227,18314
Chas McCormick,HOU,32,106,116,24,13,6,1,4,14,11,9,0,25,0,1,0,1,1,2,0.226,19599
Christian Vazquez,BOS,27,84,93,19,14,4,0,1,7,10,5,0,21,2,2,0,0,0,1,0.226,9774
Adam Engel,CHW,33,84,91,19,12,6,0,1,11,4,6,0,22,1,0,0,1,5,1,0.226,15082
Aledmys Diaz,HOU,26,84,90,19,16,1,0,2,7,10,5,0,16,1,0,0,2,0,0,0.226,15937
Marwin Gonzalez,NYY,17,31,34,7,4,3,0,0,5,3,2,0,11,0,1,0,1,0,0,0.226,5497
Randy Arozarena,TBR,37,142,152,32,19,10,1,2,16,12,8,0,41,1,1,0,5,6,3,0.225,19290
Raimel Tapia,TOR,33,111,119,25,21,3,0,1,13,9,5,0,24,0,1,1,4,3,1,0.225,14350
Stephen Piscotty,OAK,14,40,47,9,7,1,0,1,4,3,6,1,12,1,0,0,0,2,0,0.225,13367
Bobby Witt Jr.,KCR,36,138,146,31,16,9,2,4,18,15,6,0,38,2,0,0,3,5,2,0.225,25764
Jace Peterson,MIL,30,76,87,17,11,3,0,3,16,9,11,0,22,0,0,0,1,6,0,0.224,12325
Alex Bregman,HOU,38,130,159,29,15,9,0,5,20,22,24,0,24,2,3,0,2,0,0,0.223,17678
Brandon Crawford,SFG,35,126,143,28,19,5,1,3,20,15,13,1,29,4,0,0,6,1,1,0.222,5343
Charlie Blackmon,COL,32,126,141,28,15,7,0,6,19,17,11,0,22,0,0,4,1,1,1,0.222,7859
Joc Pederson,SFG,29,90,100,20,11,2,0,7,13,14,7,0,22,1,2,0,3,1,2,0.222,11899
Luke Maile,CLE,7,18,20,4,0,4,0,0,3,2,2,0,5,0,0,0,0,0,0,0.222,13355
Eloy Jimenez,CHW,11,36,39,8,6,1,0,1,2,7,2,0,10,0,1,0,0,0,0,0.222,17484
Tyler Nevin,BAL,17,54,62,12,11,0,0,1,7,7,5,0,14,2,1,0,3,0,0,0.222,17893
Kyle Garlick,MIN,16,27,32,6,3,0,0,3,6,6,5,0,7,0,0,0,1,0,0,0.222,18063
Alfonso Rivas,CHC,23,54,64,12,8,2,0,2,7,10,10,1,20,0,0,0,1,0,0,0.222,21560
Jesse Winker,SEA,39,140,163,31,22,7,0,2,13,14,21,1,21,0,2,0,4,0,0,0.221,13590
Jesus Sanchez,MIA,34,122,132,27,18,3,2,4,17,13,8,0,39,2,0,0,4,0,0,0.221,19913
Ha-seong Kim,SDP,32,104,121,23,12,6,1,4,18,17,14,0,25,2,1,0,1,1,1,0.221,27506
A.J. Pollock,CHW,24,86,93,19,13,5,0,1,8,9,5,0,20,0,2,0,2,1,0,0.221,9256
Alex Verdugo,BOS,36,136,148,30,21,6,0,3,13,16,8,2,16,0,4,0,5,0,1,0.221,17027
Jack Mayfield,LAA,20,59,63,13,10,1,1,1,7,6,3,0,13,1,0,0,1,1,0,0.22,15402
Pavin Smith,ARI,37,118,133,26,18,5,0,3,8,15,13,0,41,1,1,0,0,1,0,0.22,19892
Edmundo Sosa,STL,16,41,44,9,9,0,0,0,5,1,0,0,14,3,0,0,2,1,1,0.22,17022
Eli White,TEX,28,55,64,12,9,2,0,1,11,5,9,0,22,0,0,0,0,8,0,0.218,19346
Marcell Ozuna,ATL,38,147,159,32,20,5,0,7,15,17,9,0,33,1,2,0,5,2,0,0.218,10324
Danny Mendick,CHW,11,23,26,5,2,2,0,1,4,3,2,0,9,0,0,1,1,0,0,0.217,18889
Kyle Farmer,CIN,34,120,133,26,16,9,0,1,12,17,7,0,21,4,2,0,6,2,1,0.217,14813
Eugenio Suarez,SEA,38,139,159,30,14,8,1,7,21,19,18,0,49,2,0,0,5,0,0,0.216,12552
Jo Adell,LAA,19,65,66,14,8,3,0,3,4,8,1,0,24,0,0,0,2,1,1,0.215,20220
Jacob Stallings,MIA,34,93,102,20,17,2,0,1,11,13,7,0,23,1,1,0,3,0,1,0.215,13723
Miguel Rojas,MIA,32,112,118,24,17,4,1,2,12,7,5,1,13,1,0,0,3,1,1,0.214,7802
Elias Diaz,COL,29,98,106,21,13,6,0,2,10,7,7,0,22,0,1,0,4,0,0,0.214,11680
Tyrone Taylor,MIL,25,84,90,18,11,5,1,1,5,8,4,0,21,2,0,0,1,1,1,0.214,13675
Franchy Cordero,BOS,15,42,49,9,5,4,0,0,8,3,6,0,10,0,1,0,0,0,0,0.214,14567
Hoy Park,PIT,5,14,15,3,2,1,0,0,2,2,1,0,7,0,0,0,0,0,0,0.214,18027
Bryan Reynolds,PIT,34,126,144,27,19,3,1,4,12,6,17,0,34,1,0,0,4,1,1,0.214,19326
Keston Hiura,MIL,16,42,47,9,6,0,0,3,6,7,5,0,21,0,0,0,0,1,0,0.214,20003
Tony Kemp,OAK,38,131,151,28,23,4,0,1,12,6,13,0,20,3,3,1,2,3,1,0.214,14894
Avisail Garcia,MIA,33,127,132,27,21,3,0,3,10,9,3,0,37,2,0,0,3,3,0,0.213,5760
David Peralta,ARI,36,113,130,24,13,6,0,5,8,14,15,2,27,0,2,0,2,0,2,0.212,2136
Brandon Lowe,TBR,32,118,133,25,13,5,2,5,20,12,12,0,34,2,1,0,1,1,0,0.212,18882
Colin Moran,CIN,29,85,99,18,12,2,0,4,8,21,11,0,22,0,3,0,3,0,0,0.212,16909
Brad Miller,TEX,32,90,97,19,12,1,0,6,9,18,6,0,24,0,1,0,1,4,0,0.211,12775
Tyler Heineman,- - -,11,19,20,4,2,2,0,0,2,1,0,0,5,0,0,1,1,0,0,0.211,13897
Adolis Garcia,TEX,36,138,151,29,15,6,2,6,23,24,9,1,45,2,2,0,1,4,1,0.21,19287
Oscar Mercado,CLE,29,81,85,17,8,4,1,4,9,15,2,0,21,1,1,0,4,1,2,0.21,16375
Seth Beer,ARI,27,81,93,17,13,3,0,1,4,9,8,1,24,3,1,0,3,0,0,0.21,20493
Nick Solak,TEX,26,67,75,14,11,1,0,2,11,3,5,0,17,3,0,0,1,3,1,0.209,19294
Kevin Smith,OAK,30,91,97,19,10,6,1,2,6,11,3,0,26,0,0,3,4,2,0,0.209,20242
Jason Heyward,CHC,27,72,80,15,12,2,1,0,9,4,7,0,22,1,0,0,3,1,0,0.208,4940
Alcides Escobar,WSN,28,96,103,20,16,3,1,0,9,7,5,0,25,2,0,0,1,1,1,0.208,6310
Austin Nola,SDP,29,101,115,21,17,3,0,1,12,12,6,0,20,4,4,0,1,1,1,0.208,15941
Willy Adames,MIL,35,130,148,27,12,6,0,9,23,24,17,0,42,1,0,0,4,1,1,0.208,15986
Jose Abreu,CHW,36,135,154,28,18,7,0,3,16,14,17,0,26,1,1,0,4,0,0,0.207,15676
Rafael Ortega,CHC,32,82,96,17,10,6,0,1,10,5,12,0,21,0,1,1,1,2,4,0.207,10323
Robbie Grossman,DET,34,116,140,24,20,4,0,0,10,10,19,0,42,3,2,0,2,1,0,0.207,5254
Tomas Nido,NYM,22,58,63,12,10,2,0,0,2,5,2,0,24,0,1,2,2,0,0,0.207,13755
Ryan Jeffers,MIN,27,87,97,18,10,5,0,3,11,11,10,0,29,0,0,0,1,0,0,0.207,24618
Salvador Perez,KCR,34,136,142,28,14,8,0,6,13,16,4,1,38,2,0,0,5,0,0,0.206,7304
Christian Walker,ARI,39,136,153,28,12,7,0,9,18,18,16,0,32,1,0,0,0,0,2,0.206,13419
Jose Azocar,SDP,26,34,39,7,6,1,0,0,1,3,4,0,14,0,1,0,0,2,3,0.206,18821
Jake Cronenworth,SDP,37,141,165,29,19,6,2,2,18,15,18,1,35,2,2,0,1,0,0,0.206,18036
Patrick Wisdom,CHC,34,117,128,24,10,8,0,6,18,17,9,0,53,1,1,0,3,0,1,0.205,13602
Jeimer Candelario,DET,36,132,141,27,17,6,1,3,14,12,8,0,31,1,0,0,5,0,0,0.205,13621
Victor Caratini,MIL,15,44,52,9,7,1,0,1,3,4,6,0,11,1,1,0,2,0,0,0.205,14968
Cody Bellinger,LAD,36,132,145,27,11,9,2,5,17,14,12,0,46,1,0,0,2,4,1,0.205,15998
Eduardo Escobar,NYM,37,137,158,28,15,9,2,2,16,9,20,0,39,0,1,0,1,0,0,0.204,6153
Gavin Sheets,CHW,29,98,105,20,13,3,0,4,7,10,6,0,24,1,0,0,4,0,0,0.204,19901
Rougned Odor,BAL,33,103,110,21,12,7,1,1,10,10,4,0,29,2,1,0,2,0,0,0.204,12282
Robinson Cano,- - -,15,54,56,11,10,0,0,1,4,4,2,0,14,0,0,0,0,0,0,0.204,3269
Jose Trevino,NYY,24,54,58,11,8,2,0,1,8,6,4,0,6,0,0,0,1,1,0,0.204,16725
Javier Baez,DET,29,113,119,23,15,6,0,2,8,11,5,0,30,1,0,0,4,0,0,0.204,12979
Franmil Reyes,CLE,31,118,129,24,20,1,0,3,9,12,9,0,52,1,1,0,6,0,0,0.203,14566
Justin Turner,LAD,35,128,141,26,13,9,0,4,16,28,10,0,25,0,3,0,6,0,0,0.203,5235
Dominic Smith,NYM,32,69,79,14,10,4,0,0,5,11,6,0,21,3,1,0,0,0,0,0.203,15653
Nick Madrigal,CHC,23,79,84,16,13,3,0,0,5,2,4,0,14,1,0,0,4,1,0,0.203,20521
Geraldo Perdomo,ARI,32,84,103,17,14,2,1,0,13,4,16,0,26,2,0,1,1,1,1,0.202,22799
Lane Thomas,WSN,32,89,98,18,14,3,0,1,5,12,6,0,29,1,2,0,0,1,0,0.202,16939
Max Stassi,LAA,19,65,73,13,9,1,0,3,12,8,8,0,25,0,0,0,1,0,0,0.2,10059
Andrelton Simmons,CHC,4,10,11,2,2,0,0,0,1,1,1,0,1,0,0,0,0,0,0,0.2,10847
Kevin Kiermaier,TBR,32,90,96,18,10,4,0,4,13,10,5,0,27,1,0,0,1,3,0,0.2,11038
Erik Gonzalez,MIA,7,20,24,4,4,0,0,0,3,3,3,0,6,0,0,1,1,0,0,0.2,13369
Mitch Haniger,SEA,9,35,36,7,3,1,0,3,3,7,1,0,9,0,0,0,2,0,0,0.2,14274
Kevin Padlo,SFG,2,5,5,1,1,0,0,0,0,0,0,0,0,0,0,0,1,0,0,0.2,16593
Derek Hill,DET,18,50,56,10,8,2,0,0,5,2,2,0,16,0,1,3,0,1,0,0.2,16947
Yoan Moncada,CHW,9,40,43,8,6,0,0,2,4,4,2,0,12,1,0,0,0,0,0,0.2,17232
Zack Collins,TOR,19,60,66,12,6,3,0,3,5,9,5,0,27,1,0,0,0,0,0,0.2,19181
Rene Pinto,TBR,5,15,15,3,2,0,0,1,1,2,0,0,6,0,0,0,1,0,0,0.2,19859
Adam Haseley,CHW,5,10,12,2,2,0,0,0,0,0,2,0,2,0,0,0,0,0,0,0.2,19878
William Contreras,ATL,9,30,34,6,2,0,0,4,7,7,4,0,9,0,0,0,1,1,0,0.2,20503
Nick Allen,OAK,9,20,23,4,2,2,0,0,2,0,2,0,6,1,0,0,0,1,0,0.2,22277
Vinny Capra,TOR,6,5,7,1,1,0,0,0,2,0,2,0,1,0,0,0,0,0,0,0.2,25040
Adam Duvall,ATL,37,131,144,26,18,6,0,2,15,15,9,0,47,2,2,0,0,0,0,0.198,10950
Leury Garcia,CHW,29,96,100,19,14,3,0,2,8,9,2,0,22,0,1,1,0,1,0,0.198,5913
Mitch Garver,TEX,23,81,93,16,11,2,0,3,7,8,11,0,21,0,1,0,3,0,1,0.198,15161
Whit Merrifield,KCR,37,152,164,30,23,5,0,2,14,16,8,0,22,0,4,0,4,6,0,0.197,11281
Brett Phillips,TBR,27,71,79,14,9,1,0,4,8,9,5,0,31,1,1,1,0,4,0,0.197,14735
Luis Torrens,SEA,20,61,68,12,11,1,0,0,4,4,6,0,24,0,1,0,2,0,0,0.197,15905
James McCann,NYM,21,56,64,11,8,2,0,1,5,6,2,0,11,4,2,0,3,1,0,0.196,12859
Ramon Urias,BAL,32,112,122,22,15,5,0,2,8,9,8,0,33,0,2,0,1,0,0,0.196,18795
Christian Arroyo,BOS,20,51,56,10,8,1,0,1,5,4,2,0,10,1,1,1,1,1,0,0.196,16434
Ernie Clement,CLE,22,51,58,10,7,3,0,0,7,3,4,0,8,2,0,1,1,0,0,0.196,20352
Aaron Hicks,NYY,34,97,119,19,17,1,0,1,12,7,20,1,27,0,1,1,2,5,2,0.196,5297
Jorge Soler,MIA,35,133,151,26,14,5,0,7,13,18,16,1,40,1,0,0,3,0,2,0.195,14221
Tyler O'Neill,STL,32,118,133,23,16,4,1,2,14,20,11,0,42,0,4,0,6,3,1,0.195,15711
Steven Duggar,SFG,12,36,39,7,4,3,0,0,2,4,2,0,16,0,1,0,0,4,0,0.194,17719
Riley Adams,WSN,12,36,39,7,5,0,0,2,4,3,2,0,12,1,0,0,0,0,0,0.194,19864
Jackie Bradley Jr.,BOS,35,109,121,21,12,9,0,0,5,11,10,0,28,0,0,2,0,1,2,0.193,12984
Jurickson Profar,SDP,37,130,154,25,11,8,1,5,21,17,22,0,25,1,1,0,2,2,0,0.192,10815
Nick Senzel,CIN,17,52,57,10,6,3,0,1,4,3,2,0,8,0,0,0,2,0,1,0.192,19293
Andy Ibanez,TEX,31,94,101,18,15,2,0,1,10,5,7,0,17,0,0,0,0,3,0,0.191,18819
Cooper Hummel,ARI,32,84,99,16,9,3,2,2,9,8,15,0,30,0,0,0,1,2,0,0.19,19458
Rodolfo Castro,PIT,7,21,23,4,4,0,0,0,2,0,2,0,6,0,0,0,0,0,0,0.19,21987
Kyle Schwarber,PHI,36,132,153,25,12,4,0,9,21,21,18,1,49,2,1,0,6,2,0,0.189,16478
Sean Murphy,OAK,37,132,149,25,10,10,1,4,17,20,12,0,39,3,2,0,5,0,0,0.189,19352
Sergio Alcantara,- - -,25,53,57,10,6,2,1,1,7,7,1,0,13,0,1,2,3,0,0,0.189,16417
Andrew Velazquez,LAA,32,96,107,18,12,5,0,1,13,7,8,0,31,1,1,1,3,6,0,0.188,14196
Josh Lowe,TBR,19,64,71,12,6,3,2,1,9,6,6,1,27,0,0,1,1,1,0,0.188,19953
Jack Suwinski,PIT,20,64,69,12,7,2,0,3,8,6,4,0,18,1,0,0,2,0,0,0.188,22244
Teoscar Hernandez,TOR,16,59,63,11,7,2,0,2,5,7,2,0,19,2,0,0,1,1,0,0.186,13066
Seth Brown,OAK,37,113,125,21,10,6,2,3,11,19,10,1,33,1,1,0,1,2,0,0.186,18171
Corey Dickerson,STL,27,65,71,12,10,2,0,0,6,7,4,1,13,1,1,0,0,0,0,0.185,10762
Matt Chapman,TOR,38,130,147,24,13,5,0,6,14,16,15,0,38,1,1,0,2,0,0,0.185,16505
Yasmani Grandal,CHW,34,114,133,21,17,2,0,2,5,8,18,1,23,0,1,0,3,1,0,0.184,11368
Nelson Cruz,WSN,35,132,150,24,19,1,0,4,17,20,16,1,30,0,1,0,4,0,0,0.182,2434
Lorenzo Cain,MIL,26,88,97,16,13,3,0,0,13,4,6,0,23,2,1,0,3,1,2,0.182,9077
Dylan Moore,SEA,20,33,42,6,3,0,1,2,5,7,7,0,10,1,0,1,0,3,1,0.182,18042
CJ Abrams,SDP,20,55,65,10,7,2,0,1,9,4,4,0,14,3,1,2,3,1,1,0.182,25768
Josh Harrison,CHW,26,78,87,14,7,6,1,0,12,2,3,0,13,5,0,1,4,0,0,0.179,8202
Kurt Suzuki,LAA,12,39,44,7,5,1,0,1,5,4,5,0,10,0,0,0,2,0,0,0.179,8259
Jordan Luplow,ARI,22,56,61,10,4,1,0,5,9,10,5,0,20,0,0,0,1,3,1,0.179,16424
Garrett Hampson,COL,12,28,35,5,3,1,0,1,6,4,6,0,11,0,0,1,2,1,1,0.179,19262
Aramis Garcia,CIN,18,45,47,8,6,1,0,1,4,1,2,0,16,0,0,0,1,0,0,0.178,16925
J.D. Davis,NYM,24,62,74,11,7,2,1,1,7,6,9,0,21,2,1,0,4,1,0,0.177,16219
Enrique Hernandez,BOS,35,141,159,25,14,10,0,1,18,16,13,0,28,2,3,0,4,0,1,0.177,10472
Joey Gallo,NYY,35,102,119,18,12,1,0,5,11,7,17,0,45,0,0,0,0,0,0,0.176,14128
Marcus Semien,TEX,36,143,157,25,17,8,0,0,13,8,11,0,27,1,2,0,2,3,1,0.175,12533
Cole Tucker,PIT,18,63,63,11,9,1,1,0,3,2,0,0,25,0,0,0,1,1,0,0.175,17326
Evan Longoria,SFG,7,23,23,4,3,1,0,0,1,2,0,0,8,0,0,0,0,0,0,0.174,9368
Luke Voit,SDP,20,69,84,12,8,2,0,2,10,7,13,0,30,1,1,0,3,1,0,0.174,14811
Ramon Laureano,OAK,13,46,53,8,4,4,0,0,7,1,6,0,10,1,0,0,2,2,1,0.174,17128
Joey Bart,SFG,23,69,84,12,7,1,0,4,11,7,12,0,37,3,0,0,1,1,0,0.174,21524
Spencer Torkelson,DET,34,104,121,18,12,2,0,4,8,10,15,0,37,2,0,0,3,0,0,0.173,27465
Alex Kirilloff,MIN,10,29,32,5,5,0,0,0,2,0,1,0,12,1,0,0,0,0,0,0.172,20325
Abraham Toro,SEA,36,117,129,20,10,5,0,5,15,11,9,1,16,1,2,0,1,0,0,0.171,19844
Matt Vierling,PHI,23,47,54,8,6,2,0,0,3,4,5,0,14,1,1,0,4,1,0,0.17,21558
Josh VanMeter,PIT,24,65,70,11,7,1,1,2,6,4,5,0,19,0,0,0,1,1,0,0.169,15170
Dee Strange-Gordon,WSN,13,30,30,5,5,0,0,0,3,1,0,0,5,0,0,0,0,0,1,0.167,8203
Michael Perez,PIT,8,24,27,4,2,0,0,2,2,3,3,0,5,0,0,0,1,0,0,0.167,12977
Max Muncy,LAD,36,114,144,19,11,4,1,3,21,13,29,1,31,1,0,0,1,0,0,0.167,13301
Ryan O'Hearn,KCR,19,36,40,6,5,0,0,1,2,5,3,0,12,0,1,0,1,0,0,0.167,16442
Connor Wong,BOS,2,6,7,1,1,0,0,0,0,1,0,0,1,0,1,0,0,0,0,0.167,19896
Taylor Walls,TBR,32,90,104,15,10,3,1,1,9,3,13,0,31,1,0,0,3,5,1,0.167,22458
Yoshi Tsutsugo,PIT,30,96,115,16,13,2,0,1,7,11,15,0,27,0,4,0,2,0,0,0.167,27459
Bobby Dalbec,BOS,35,97,110,16,11,3,1,1,11,5,9,0,31,3,1,0,0,0,0,0.165,19966
T.J. Friedl,CIN,18,61,70,10,7,2,1,0,10,4,5,0,14,1,3,0,1,4,0,0.164,19522
Jake Marisnick,PIT,22,49,52,8,6,2,0,0,5,1,2,0,13,0,0,1,2,1,1,0.163,11339
Kyle Higashioka,NYY,23,62,71,10,7,3,0,0,6,5,4,0,16,1,2,2,1,0,0,0.161,5517
Jonathan Schoop,DET,37,137,145,22,15,4,0,3,10,8,6,0,28,2,0,0,3,0,0,0.161,11265
Sam Hilliard,COL,26,69,82,11,6,2,1,2,7,10,11,0,21,0,2,0,1,2,1,0.159,17954
Reese McGuire,CHW,21,63,71,10,8,2,0,0,5,5,2,0,12,1,2,3,2,0,0,0.159,15674
Austin Hedges,CLE,27,82,91,13,10,0,0,3,8,7,6,0,23,1,0,2,3,1,0,0.159,12976
Steven Souza Jr.,SEA,6,19,19,3,3,0,0,0,0,1,0,0,8,0,0,0,2,0,0,0.158,5667
Eric Haase,DET,22,57,62,9,6,1,0,2,4,4,5,0,11,0,0,0,4,0,0,0.158,14111
David Fletcher,LAA,14,38,41,6,3,2,1,0,2,2,3,0,2,0,0,0,2,0,0,0.158,17992
Cristian Pache,OAK,38,116,123,18,14,1,1,2,11,8,6,0,31,0,0,1,3,0,2,0.155,19948
Trent Grisham,SDP,37,124,144,19,11,5,2,1,8,11,16,0,39,2,0,2,1,0,0,0.153,18564
Mike Zunino,TBR,25,80,86,12,6,3,0,3,5,10,5,0,32,0,1,0,2,0,0,0.15,13265
Payton Henry,MIA,14,27,32,4,4,0,0,0,2,4,3,0,7,2,0,0,0,0,0,0.148,22164
Robinson Chirinos,BAL,27,75,87,11,7,3,0,1,3,6,10,0,28,2,0,0,1,0,0,0.147,3142
Kevin Plawecki,BOS,15,41,45,6,5,1,0,0,1,2,2,0,10,0,1,1,0,0,0,0.146,13807
Manny Pina,ATL,5,14,17,2,2,0,0,0,1,2,1,0,1,1,1,0,0,0,0,0.143,2829
Dom Nunez,COL,12,28,36,4,3,1,0,0,3,2,6,0,7,0,2,0,0,0,0,0.143,15055
Gosuke Katoh,TOR,8,7,11,1,0,1,0,0,2,0,3,0,1,0,0,1,0,0,0,0.143,15697
Clint Frazier,CHC,10,21,24,3,1,2,0,0,3,0,2,0,5,1,0,0,1,0,0,0.143,15983
Kelvin Gutierrez,BAL,12,28,33,4,3,1,0,0,2,3,4,0,8,0,0,0,1,1,0,0.143,17468
Simon Muzziotti,PHI,9,7,9,1,1,0,0,0,0,0,0,0,2,1,0,1,0,0,0,0.143,19553
Rylan Bannon,BAL,4,14,15,2,2,0,0,0,0,0,0,0,5,1,0,0,0,0,0,0.143,19768
Bryson Stott,PHI,17,57,61,8,7,1,0,0,4,7,4,0,19,0,0,0,0,0,0,0.14,26294
Adalberto Mondesi,KCR,15,50,54,7,7,0,0,0,3,3,4,0,20,0,0,0,2,5,0,0.14,13769
Akil Baddoo,DET,17,50,55,7,5,1,0,1,5,2,5,0,15,0,0,0,1,1,1,0.14,22168
Jarred Kelenic,SEA,30,86,96,12,6,2,1,3,10,10,9,0,36,0,1,0,1,4,2,0.14,22558
Willie Calhoun,TEX,18,44,53,6,2,3,0,1,7,2,8,0,6,1,0,0,1,0,0,0.136,17838
Jose Rojas,LAA,7,23,23,3,1,2,0,0,1,1,0,0,8,0,0,0,0,0,0,0.13,19331
Paul DeJong,STL,24,77,86,10,6,3,0,1,6,7,7,0,25,1,1,0,1,3,0,0.13,18015
Andrew Knapp,PIT,11,31,35,4,3,1,0,0,2,2,3,0,9,1,0,0,0,0,0,0.129,14942
Chris Owings,BAL,19,40,48,5,4,1,0,0,5,0,8,0,18,0,0,0,3,1,0,0.125,10030
Jason Krizan,SFG,3,8,10,1,1,0,0,0,0,0,2,0,3,0,0,0,0,0,0,0.125,12394
Jose Herrera,ARI,18,40,46,5,4,1,0,0,3,2,5,0,13,0,0,1,0,0,0,0.125,17040
Chad Wallach,LAA,8,24,28,3,2,0,0,1,3,4,3,0,5,0,0,1,0,0,0,0.125,17161
Daz Cameron,DET,3,8,9,1,1,0,0,0,1,0,1,0,4,0,0,0,0,1,0,0.125,18353
Drew Ellis,ARI,3,8,8,1,1,0,0,0,1,1,0,0,4,0,0,0,0,0,0,0.125,19873
Lars Nootbaar,STL,7,16,19,2,2,0,0,0,3,1,3,0,9,0,0,0,0,1,0,0.125,21454
Gabriel Arias,CLE,2,8,8,1,1,0,0,0,2,1,0,0,3,0,0,0,0,0,0,0.125,22563
Martin Maldonado,HOU,29,90,102,11,6,2,0,3,12,10,9,0,32,1,1,1,2,0,0,0.122,6887
Carlos Santana,KCR,25,82,101,10,6,3,0,1,7,6,19,1,14,0,0,0,0,0,0,0.122,2396
Joey Votto,CIN,22,74,90,9,8,1,0,0,4,3,12,0,29,4,0,0,1,0,0,0.122,4314
Alex Dickerson,ATL,13,33,36,4,3,0,0,1,3,2,3,0,9,0,0,0,3,0,0,0.121,12649
Roman Quinn,PHI,16,25,26,3,3,0,0,0,3,1,1,0,8,0,0,0,0,4,0,0.12,13546
Jake McCarthy,ARI,13,25,28,3,2,0,0,1,3,1,2,0,12,0,0,1,0,0,0,0.12,21622
Ildemaro Vargas,CHC,8,17,18,2,1,0,1,0,2,3,1,0,2,0,0,0,1,0,0,0.118,13324
Anthony Bemboom,BAL,21,51,58,6,3,2,0,1,4,1,6,0,17,0,0,1,1,0,0,0.118,13854
Bobby Bradley,CLE,8,17,17,2,2,0,0,0,1,0,0,0,9,0,0,0,0,0,0,0.118,17278
Yonny Hernandez,ARI,10,17,20,2,2,0,0,0,2,0,2,0,3,0,0,1,0,2,0,0.118,19432
Niko Goodrum,HOU,15,43,45,5,3,2,0,0,2,1,2,0,23,0,0,0,0,1,0,0.116,12092
Jake Fraley,CIN,15,43,48,5,2,2,0,1,5,3,4,0,12,1,0,0,0,1,0,0.116,19260
Jake Hager,ARI,3,9,11,1,1,0,0,0,1,1,2,0,3,0,0,0,0,0,0,0.111,12198
Mike Ford,- - -,8,18,24,2,2,0,0,0,0,4,5,0,6,1,0,0,0,0,0,0.111,15585
Guillermo Heredia,ATL,23,36,40,4,1,1,0,2,6,4,4,0,20,0,0,0,1,0,0,0.111,18721
Vidal Brujan,TBR,9,27,30,3,1,2,0,0,2,1,3,0,3,0,0,0,1,1,2,0.111,20536
Matt Beaty,SDP,17,37,40,4,2,1,1,0,6,1,2,0,6,1,0,0,3,0,0,0.108,17710
Carson Kelly,ARI,20,57,60,6,5,1,0,0,3,1,2,0,20,1,0,0,2,0,0,0.105,13620
Matt Davidson,ARI,5,10,13,1,0,0,0,1,1,1,3,0,3,0,0,0,0,0,0,0.1,7226
Billy McKinney,OAK,23,52,57,5,3,1,0,1,3,4,4,1,16,0,1,0,0,0,0,0.096,15654
Cal Raleigh,SEA,17,42,47,4,1,0,0,3,3,4,5,0,17,0,0,0,1,0,0,0.095,21534
Jose Miranda,MIN,14,53,56,5,2,2,0,1,2,3,2,0,11,1,0,0,3,0,0,0.094,20538
Miguel Sano,MIN,17,54,65,5,4,0,0,1,1,3,9,0,21,1,1,0,0,1,0,0.093,12164
Mark Kolozsvary,CIN,6,11,11,1,0,1,0,0,0,1,0,0,5,0,0,0,1,0,0,0.091,21304
Jason Castro,HOU,15,36,43,3,2,1,0,0,2,0,6,0,20,1,0,0,0,0,0,0.083,8722
Luis Campusano,SDP,4,12,13,1,1,0,0,0,1,1,0,0,2,0,1,0,1,0,0,0.083,22217
Bryan Lavastida,CLE,6,12,15,1,1,0,0,0,0,0,3,0,4,0,0,0,0,0,0,0.083,24765
Lucius Fox,WSN,10,25,28,2,2,0,0,0,2,2,1,0,9,0,0,2,1,1,0,0.08,18899
Bradley Zimmer,TOR,25,40,42,3,2,0,0,1,3,1,1,0,19,1,0,0,0,1,1,0.075,16221
Stephen Vogt,OAK,6,14,15,1,0,0,0,1,3,1,1,0,6,0,0,0,0,0,0,0.071,5000
Trayce Thompson,SDP,6,14,16,1,1,0,0,0,1,2,2,0,7,0,0,0,0,0,1,0.071,9952
Michael Hermosillo,CHC,17,28,35,2,1,1,0,0,2,2,4,0,14,3,0,0,0,0,0,0.071,16285
Austin Allen,OAK,5,14,16,1,1,0,0,0,1,0,1,0,9,1,0,0,1,0,0,0.071,18083
Eddie Rosario,ATL,15,44,49,3,2,1,0,0,4,0,5,0,10,0,0,0,0,0,0,0.068,12155
Aristides Aquino,CIN,15,41,43,2,1,0,0,1,3,2,2,0,23,0,0,0,0,0,0,0.049,15482
Cavan Biggio,TOR,13,23,28,1,1,0,0,0,2,0,3,0,10,2,0,0,1,0,0,0.043,19252
Matt Bush,TEX,16,0,0,0,0,0,0,0,0,0,0,0,0,0,0,0,0,0,0,0,1246
Adam Ottavino,NYM,16,0,0,0,0,0,0,0,0,0,0,0,0,0,0,0,0,0,0,0,1247
Oliver Perez,ARI,7,0,0,0,0,0,0,0,0,0,0,0,0,0,0,0,0,0,0,0,1514
Sean Doolittle,WSN,6,0,0,0,0,0,0,0,0,0,0,0,0,0,0,0,0,0,0,0,1581
Matt Moore,TEX,12,0,0,0,0,0,0,0,0,0,0,0,0,0,0,0,0,0,0,0,1890
Zack Greinke,KCR,8,0,0,0,0,0,0,0,0,0,0,0,0,0,0,0,0,0,0,0,1943
Clayton Kershaw,LAD,5,0,0,0,0,0,0,0,0,0,0,0,0,0,0,0,0,0,0,0,2036
Adam Wainwright,STL,7,0,0,0,0,0,0,0,0,0,0,0,0,0,0,0,0,0,0,0,2233
Corey Kluber,TBR,7,0,0,0,0,0,0,0,0,0,0,0,0,0,0,0,0,0,0,0,2429
Jhoulys Chacin,COL,13,0,0,0,0,0,0,0,0,0,0,0,0,0,0,0,0,0,0,0,2608
Ross Detwiler,CIN,1,0,0,0,0,0,0,0,0,0,0,0,0,0,0,0,0,0,0,0,2859
Kenley Jansen,ATL,16,0,0,0,0,0,0,0,0,0,0,0,0,0,0,0,0,0,0,0,3096
Max Scherzer,NYM,8,0,0,0,0,0,0,0,0,0,0,0,0,0,0,0,0,0,0,0,3137
David Price,LAD,6,0,0,0,0,0,0,0,0,0,0,0,0,0,0,0,0,0,0,0,3184
T.J. McFarland,STL,14,0,0,0,0,0,0,0,0,0,0,0,0,0,0,0,0,0,0,0,3237
Joe Smith,MIN,15,0,0,0,0,0,0,0,0,0,0,0,0,0,0,0,0,0,0,0,3281
Darren O'Day,ATL,11,0,0,0,0,0,0,0,0,0,0,0,0,0,0,0,0,0,0,0,3321
Liam Hendriks,CHW,18,0,0,0,0,0,0,0,0,0,0,0,0,0,0,0,0,0,0,0,3548
Mark Melancon,ARI,16,0,0,0,0,0,0,0,0,0,0,0,0,0,0,0,0,0,0,0,4264
Justin Wilson,CIN,5,0,0,0,0,0,0,0,0,0,0,0,0,0,0,0,0,0,0,0,4301
Charlie Morton,ATL,7,0,0,0,0,0,0,0,0,0,0,0,0,0,0,0,0,0,0,0,4676
Rich Hill,BOS,7,0,0,0,0,0,0,0,0,0,0,0,0,0,0,0,0,0,0,0,4806
Jake Diekman,BOS,16,0,0,0,0,0,0,0,0,0,0,0,0,0,0,0,0,0,0,0,5003
Anthony Gose,CLE,11,0,0,0,0,0,0,0,0,0,0,0,0,0,0,0,0,0,0,0,5097
Jeurys Familia,PHI,14,0,0,0,0,0,0,0,0,0,0,0,0,0,0,0,0,0,0,0,5114
Jose Alvarez,SFG,13,0,0,0,0,0,0,0,0,0,0,0,0,0,0,0,0,0,0,0,5358
Michael Pineda,DET,5,0,0,0,0,0,0,0,0,0,0,0,0,0,0,0,0,0,0,0,5372
Pedro Baez,HOU,3,0,0,0,0,0,0,0,0,0,0,0,0,0,0,0,0,0,0,0,5420
Jesse Chavez,- - -,11,0,0,0,0,0,0,0,0,0,0,0,0,0,0,0,0,0,0,0,5448
Madison Bumgarner,ARI,8,0,0,0,0,0,0,0,0,0,0,0,0,0,0,0,0,0,0,0,5524
Ryan Brasier,BOS,18,0,0,0,0,0,0,0,0,0,0,0,0,0,0,0,0,0,0,0,5615
David Phelps,TOR,16,0,0,0,0,0,0,0,0,0,0,0,0,0,0,0,0,0,0,0,6316
Chris Archer,MIN,7,0,0,0,0,0,0,0,0,0,0,0,0,0,0,0,0,0,0,0,6345
Jake Odorizzi,HOU,7,0,0,0,0,0,0,0,0,0,0,0,0,0,0,0,0,0,0,0,6397
Trevor May,NYM,8,0,0,0,0,0,0,0,0,0,0,0,0,0,0,0,0,0,0,0,6398
Steve Cishek,WSN,17,0,0,0,0,0,0,0,0,0,0,0,0,0,0,0,0,0,0,0,6483
Alex Cobb,SFG,6,0,0,0,0,0,0,0,0,0,0,0,0,0,0,0,0,0,0,0,6562
Carlos Carrasco,NYM,7,0,0,0,0,0,0,0,0,0,0,0,0,0,0,0,0,0,0,0,6632
Craig Kimbrel,LAD,11,0,0,0,0,0,0,0,0,0,0,0,0,0,0,0,0,0,0,0,6655
Alex Colome,COL,13,0,0,0,0,0,0,0,0,0,0,0,0,0,0,0,0,0,0,0,6661
Johnny Cueto,CHW,1,0,0,0,0,0,0,0,0,0,0,0,0,0,0,0,0,0,0,0,6893
Martin Perez,TEX,7,0,0,0,0,0,0,0,0,0,0,0,0,0,0,0,0,0,0,0,6902
Luis Garcia,SDP,14,0,0,0,0,0,0,0,0,0,0,0,0,0,0,0,0,0,0,0,6984
Ian Kennedy,ARI,18,0,0,0,0,0,0,0,0,0,0,0,0,0,0,0,0,0,0,0,6986
Ryan Pressly,HOU,8,0,0,0,0,0,0,0,0,0,0,0,0,0,0,0,0,0,0,0,7005
Daniel Bard,COL,15,0,0,0,0,0,0,0,0,0,0,0,0,0,0,0,0,0,0,0,7115
Daniel Hudson,LAD,13,0,0,0,0,0,0,0,0,0,0,0,0,0,0,0,0,0,0,0,7146
Greg Holland,TEX,5,0,0,0,0,0,0,0,0,0,0,0,0,0,0,0,0,0,0,0,7196
Craig Stammen,SDP,13,0,0,0,0,0,0,0,0,0,0,0,0,0,0,0,0,0,0,0,7274
Collin McHugh,ATL,14,0,0,0,0,0,0,0,0,0,0,0,0,0,0,0,0,0,0,0,7531
Jake McGee,SFG,11,0,0,0,0,0,0,0,0,0,0,0,0,0,0,0,0,0,0,0,7550
Jordan Lyles,BAL,8,0,0,0,0,0,0,0,0,0,0,0,0,0,0,0,0,0,0,0,7593
Wily Peralta,DET,10,0,0,0,0,0,0,0,0,0,0,0,0,0,0,0,0,0,0,0,7738
Richard Bleier,MIA,11,0,0,0,0,0,0,0,0,0,0,0,0,0,0,0,0,0,0,0,7803
Hunter Strickland,CIN,15,0,0,0,0,0,0,0,0,0,0,0,0,0,0,0,0,0,0,0,7836
Anthony Bass,MIA,18,0,0,0,0,0,0,0,0,0,0,0,0,0,0,0,0,0,0,0,7982
Will Smith,ATL,16,0,0,0,0,0,0,0,0,0,0,0,0,0,0,0,0,0,0,0,8048
Bryan Shaw,CLE,16,0,0,0,0,0,0,0,0,0,0,0,0,0,0,0,0,0,0,0,8110
David Robertson,CHC,12,0,0,0,0,0,0,0,0,0,0,0,0,0,0,0,0,0,0,0,8241
Paolo Espino,WSN,13,0,0,0,0,0,0,0,0,0,0,0,0,0,0,0,0,0,0,0,8246
Lucas Luetge,NYY,13,0,0,0,0,0,0,0,0,0,0,0,0,0,0,0,0,0,0,0,8337
Justin Verlander,HOU,7,0,0,0,0,0,0,0,0,0,0,0,0,0,0,0,0,0,0,0,8700
Wade Miley,CHC,2,0,0,0,0,0,0,0,0,0,0,0,0,0,0,0,0,0,0,0,8779
Cesar Valdez,LAA,1,0,0,0,0,0,0,0,0,0,0,0,0,0,0,0,0,0,0,0,9013
Brad Hand,PHI,16,0,0,0,0,0,0,0,0,0,0,0,0,0,0,0,0,0,0,0,9111
Nathan Eovaldi,BOS,8,0,0,0,0,0,0,0,0,0,0,0,0,0,0,0,0,0,0,0,9132
Patrick Corbin,WSN,8,0,0,0,0,0,0,0,0,0,0,0,0,0,0,0,0,0,0,0,9323
Dallas Keuchel,CHW,6,0,0,0,0,0,0,0,0,0,0,0,0,0,0,0,0,0,0,0,9434
Brian Moran,LAA,1,0,0,0,0,0,0,0,0,0,0,0,0,0,0,0,0,0,0,0,9646
Joe Kelly,CHW,5,0,0,0,0,0,0,0,0,0,0,0,0,0,0,0,0,0,0,0,9761
Garrett Richards,TEX,10,0,0,0,0,0,0,0,0,0,0,0,0,0,0,0,0,0,0,0,9784
Miles Mikolas,STL,8,0,0,0,0,0,0,0,0,0,0,0,0,0,0,0,0,0,0,0,9803
Sergio Romo,SEA,5,0,0,0,0,0,0,0,0,0,0,0,0,0,0,0,0,0,0,0,9817
Tyler Matzek,ATL,13,0,0,0,0,0,0,0,0,0,0,0,0,0,0,0,0,0,0,0,10058
Brooks Raley,TBR,12,0,0,0,0,0,0,0,0,0,0,0,0,0,0,0,0,0,0,0,10061
Caleb Thielbar,MIN,16,0,0,0,0,0,0,0,0,0,0,0,0,0,0,0,0,0,0,0,10078
Kyle Gibson,PHI,8,0,0,0,0,0,0,0,0,0,0,0,0,0,0,0,0,0,0,0,10123
Brad Boxberger,MIL,14,0,0,0,0,0,0,0,0,0,0,0,0,0,0,0,0,0,0,0,10133
Aroldis Chapman,NYY,16,0,0,0,0,0,0,0,0,0,0,0,0,0,0,0,0,0,0,0,10233
Ryan Tepera,LAA,17,0,0,0,0,0,0,0,0,0,0,0,0,0,0,0,0,0,0,0,10291
Zack Wheeler,PHI,7,0,0,0,0,0,0,0,0,0,0,0,0,0,0,0,0,0,0,0,10310
Erasmo Ramirez,WSN,12,0,0,0,0,0,0,0,0,0,0,0,0,0,0,0,0,0,0,0,10314
Aaron Loup,LAA,17,0,0,0,0,0,0,0,0,0,0,0,0,0,0,0,0,0,0,0,10343
Robbie Erlin,LAD,2,0,0,0,0,0,0,0,0,0,0,0,0,0,0,0,0,0,0,0,10354
Mychal Givens,CHC,15,0,0,0,0,0,0,0,0,0,0,0,0,0,0,0,0,0,0,0,10430
Andrew Bellatti,PHI,12,0,0,0,0,0,0,0,0,0,0,0,0,0,0,0,0,0,0,0,10657
Tyler Thornburg,ATL,8,0,0,0,0,0,0,0,0,0,0,0,0,0,0,0,0,0,0,0,10688
Drew Hutchison,DET,10,0,0,0,0,0,0,0,0,0,0,0,0,0,0,0,0,0,0,0,10732
Shane Greene,LAD,1,0,0,0,0,0,0,0,0,0,0,0,0,0,0,0,0,0,0,0,10756
Adam Kolarek,OAK,12,0,0,0,0,0,0,0,0,0,0,0,0,0,0,0,0,0,0,0,10843
Chasen Shreve,NYM,12,0,0,0,0,0,0,0,0,0,0,0,0,0,0,0,0,0,0,0,10855
Casey Lawrence,TOR,2,0,0,0,0,0,0,0,0,0,0,0,0,0,0,0,0,0,0,0,11121
Merrill Kelly,ARI,8,0,0,0,0,0,0,0,0,0,0,0,0,0,0,0,0,0,0,0,11156
Vince Velasquez,CHW,7,0,0,0,0,0,0,0,0,0,0,0,0,0,0,0,0,0,0,0,11189
Tommy Kahnle,LAD,4,0,0,0,0,0,0,0,0,0,0,0,0,0,0,0,0,0,0,0,11384
Jose Quintana,PIT,7,0,0,0,0,0,0,0,0,0,0,0,0,0,0,0,0,0,0,0,11423
Robbie Ray,SEA,8,0,0,0,0,0,0,0,0,0,0,0,0,0,0,0,0,0,0,0,11486
Joely Rodriguez,NYM,14,0,0,0,0,0,0,0,0,0,0,0,0,0,0,0,0,0,0,0,11487
Aaron Sanchez,WSN,5,0,0,0,0,0,0,0,0,0,0,0,0,0,0,0,0,0,0,0,11490
Jose Urena,MIL,4,0,0,0,0,0,0,0,0,0,0,0,0,0,0,0,0,0,0,0,11589
Heath Hembree,PIT,16,0,0,0,0,0,0,0,0,0,0,0,0,0,0,0,0,0,0,0,11632
Jameson Taillon,NYY,7,0,0,0,0,0,0,0,0,0,0,0,0,0,0,0,0,0,0,0,11674
Justin Grimm,OAK,13,0,0,0,0,0,0,0,0,0,0,0,0,0,0,0,0,0,0,0,11720
Drew Smyly,CHC,7,0,0,0,0,0,0,0,0,0,0,0,0,0,0,0,0,0,0,0,11760
Noah Syndergaard,LAA,6,0,0,0,0,0,0,0,0,0,0,0,0,0,0,0,0,0,0,0,11762
Hansel Robles,BOS,14,0,0,0,0,0,0,0,0,0,0,0,0,0,0,0,0,0,0,0,11801
Hector Neris,HOU,19,0,0,0,0,0,0,0,0,0,0,0,0,0,0,0,0,0,0,0,11804
Taijuan Walker,NYM,5,0,0,0,0,0,0,0,0,0,0,0,0,0,0,0,0,0,0,0,11836
Chris Martin,CHC,15,0,0,0,0,0,0,0,0,0,0,0,0,0,0,0,0,0,0,0,11847
Jason Adam,TBR,15,0,0,0,0,0,0,0,0,0,0,0,0,0,0,0,0,0,0,0,11861
Travis Shaw,BOS,7,19,19,0,0,0,0,0,0,0,0,0,7,0,0,0,0,0,0,0,11982
Kyle Hendricks,CHC,8,0,0,0,0,0,0,0,0,0,0,0,0,0,0,0,0,0,0,0,12049
Yimi Garcia,TOR,15,0,0,0,0,0,0,0,0,0,0,0,0,0,0,0,0,0,0,0,12095
Aaron Brooks,STL,5,0,0,0,0,0,0,0,0,0,0,0,0,0,0,0,0,0,0,0,12272
Chris Bassitt,NYM,8,0,0,0,0,0,0,0,0,0,0,0,0,0,0,0,0,0,0,0,12304
Jacob Barnes,DET,15,0,0,0,0,0,0,0,0,0,0,0,0,0,0,0,0,0,0,0,12323
Spencer Patton,TEX,7,0,0,0,0,0,0,0,0,0,0,0,0,0,0,0,0,0,0,0,12361
Seth Lugo,NYM,16,0,0,0,0,0,0,0,0,0,0,0,0,0,0,0,0,0,0,0,12447
Blake Treinen,LAD,3,0,0,0,0,0,0,0,0,0,0,0,0,0,0,0,0,0,0,0,12572
Roenis Elias,SEA,1,0,0,0,0,0,0,0,0,0,0,0,0,0,0,0,0,0,0,0,12673
Adrian Houser,MIL,7,0,0,0,0,0,0,0,0,0,0,0,0,0,0,0,0,0,0,0,12718
Nick Martinez,SDP,7,0,0,0,0,0,0,0,0,0,0,0,0,0,0,0,0,0,0,0,12730
Rafael Montero,HOU,16,0,0,0,0,0,0,0,0,0,0,0,0,0,0,0,0,0,0,0,12760
Sonny Gray,MIN,5,0,0,0,0,0,0,0,0,0,0,0,0,0,0,0,0,0,0,0,12768
John Brebbia,SFG,16,0,0,0,0,0,0,0,0,0,0,0,0,0,0,0,0,0,0,0,12777
Noe Ramirez,ARI,18,0,0,0,0,0,0,0,0,0,0,0,0,0,0,0,0,0,0,0,12800
Matt Wisler,TBR,16,0,0,0,0,0,0,0,0,0,0,0,0,0,0,0,0,0,0,0,12804
Mike Clevinger,SDP,3,0,0,0,0,0,0,0,0,0,0,0,0,0,0,0,0,0,0,0,12808
Andrew Kittredge,TBR,15,0,0,0,0,0,0,0,0,0,0,0,0,0,0,0,0,0,0,0,12828
Shawn Armstrong,MIA,7,0,0,0,0,0,0,0,0,0,0,0,0,0,0,0,0,0,0,0,12857
Matt Barnes,BOS,15,0,0,0,0,0,0,0,0,0,0,0,0,0,0,0,0,0,0,0,12863
Tyler Anderson,LAD,7,0,0,0,0,0,0,0,0,0,0,0,0,0,0,0,0,0,0,0,12880
Dylan Bundy,MIN,6,0,0,0,0,0,0,0,0,0,0,0,0,0,0,0,0,0,0,0,12917
Archie Bradley,LAA,8,0,0,0,0,0,0,0,0,0,0,0,0,0,0,0,0,0,0,0,12918
Joe Musgrove,SDP,7,0,0,0,0,0,0,0,0,0,0,0,0,0,0,0,0,0,0,0,12970
Andrew Chafin,DET,10,0,0,0,0,0,0,0,0,0,0,0,0,0,0,0,0,0,0,0,12988
Anthony DeSclafani,SFG,3,0,0,0,0,0,0,0,0,0,0,0,0,0,0,0,0,0,0,0,13050
Yu Darvish,SDP,8,0,0,0,0,0,0,0,0,0,0,0,0,0,0,0,0,0,0,0,13074
Gerrit Cole,NYY,8,0,0,0,0,0,0,0,0,0,0,0,0,0,0,0,0,0,0,0,13125
Eduardo Rodriguez,DET,8,0,0,0,0,0,0,0,0,0,0,0,0,0,0,0,0,0,0,0,13164
Kyle Crick,CHW,8,0,0,0,0,0,0,0,0,0,0,0,0,0,0,0,0,0,0,0,13182
Zach Davies,ARI,8,0,0,0,0,0,0,0,0,0,0,0,0,0,0,0,0,0,0,0,13183
Michael Fulmer,DET,15,0,0,0,0,0,0,0,0,0,0,0,0,0,0,0,0,0,0,0,13218
Louis Head,MIA,12,0,0,0,0,0,0,0,0,0,0,0,0,0,0,0,0,0,0,0,13259
Ross Stripling,TOR,9,0,0,0,0,0,0,0,0,0,0,0,0,0,0,0,0,0,0,0,13273
Danny Coulombe,MIN,9,0,0,0,0,0,0,0,0,0,0,0,0,0,0,0,0,0,0,0,13293
Adrian Sampson,CHC,1,0,0,0,0,0,0,0,0,0,0,0,0,0,0,0,0,0,0,0,13339
Luis Cessa,CIN,13,0,0,0,0,0,0,0,0,0,0,0,0,0,0,0,0,0,0,0,13345
Hoby Milner,MIL,15,0,0,0,0,0,0,0,0,0,0,0,0,0,0,0,0,0,0,0,13346
Steven Matz,STL,8,0,0,0,0,0,0,0,0,0,0,0,0,0,0,0,0,0,0,0,13361
Dylan Floro,MIA,4,0,0,0,0,0,0,0,0,0,0,0,0,0,0,0,0,0,0,0,13394
Sam Selman,OAK,1,0,0,0,0,0,0,0,0,0,0,0,0,0,0,0,0,0,0,0,13397
Matt Koch,SEA,4,0,0,0,0,0,0,0,0,0,0,0,0,0,0,0,0,0,0,0,13420
Drew VerHagen,STL,5,0,0,0,0,0,0,0,0,0,0,0,0,0,0,0,0,0,0,0,13424
Marcus Stroman,CHC,6,0,0,0,0,0,0,0,0,0,0,0,0,0,0,0,0,0,0,0,13431
Pierce Johnson,SDP,6,0,0,0,0,0,0,0,0,0,0,0,0,0,0,0,0,0,0,0,13435
Taylor Rogers,SDP,17,0,0,0,0,0,0,0,0,0,0,0,0,0,0,0,0,0,0,0,13449
Lucas Sims,CIN,6,0,0,0,0,0,0,0,0,0,0,0,0,0,0,0,0,0,0,0,13470
Christian Lopes,OAK,4,9,10,0,0,0,0,0,0,0,1,0,5,0,0,0,0,0,0,0,13472
Daniel Norris,CHC,10,0,0,0,0,0,0,0,0,0,0,0,0,0,0,0,0,0,0,0,13475
Blake Snell,SDP,2,0,0,0,0,0,0,0,0,0,0,0,0,0,0,0,0,0,0,0,13543
Steven Okert,MIA,15,0,0,0,0,0,0,0,0,0,0,0,0,0,0,0,0,0,0,0,13580
Robert Stephenson,COL,11,0,0,0,0,0,0,0,0,0,0,0,0,0,0,0,0,0,0,0,13594
Carl Edwards Jr.,WSN,5,0,0,0,0,0,0,0,0,0,0,0,0,0,0,0,0,0,0,0,13607
Jakob Junis,SFG,4,0,0,0,0,0,0,0,0,0,0,0,0,0,0,0,0,0,0,0,13619
Clay Holmes,NYY,19,0,0,0,0,0,0,0,0,0,0,0,0,0,0,0,0,0,0,0,13649
Jharel Cotton,MIN,4,0,0,0,0,0,0,0,0,0,0,0,0,0,0,0,0,0,0,0,13654
Robert Gsellman,CHC,4,0,0,0,0,0,0,0,0,0,0,0,0,0,0,0,0,0,0,0,13696
Joey Krehbiel,BAL,17,0,0,0,0,0,0,0,0,0,0,0,0,0,0,0,0,0,0,0,13707
Kyle Barraclough,LAA,5,0,0,0,0,0,0,0,0,0,0,0,0,0,0,0,0,0,0,0,13713
Max Fried,ATL,8,0,0,0,0,0,0,0,0,0,0,0,0,0,0,0,0,0,0,0,13743
Tyler Duffey,MIN,14,0,0,0,0,0,0,0,0,0,0,0,0,0,0,0,0,0,0,0,13758
Chris Stratton,PIT,15,0,0,0,0,0,0,0,0,0,0,0,0,0,0,0,0,0,0,0,13761
Dominic Leone,SFG,14,0,0,0,0,0,0,0,0,0,0,0,0,0,0,0,0,0,0,0,13763
JT Chargois,TBR,1,0,0,0,0,0,0,0,0,0,0,0,0,0,0,0,0,0,0,0,13767
Zach Eflin,PHI,6,0,0,0,0,0,0,0,0,0,0,0,0,0,0,0,0,0,0,0,13774
Alex Wood,SFG,7,0,0,0,0,0,0,0,0,0,0,0,0,0,0,0,0,0,0,0,13781
Matt Strahm,BOS,16,0,0,0,0,0,0,0,0,0,0,0,0,0,0,0,0,0,0,0,13799
Austin Adams,SDP,2,0,0,0,0,0,0,0,0,0,0,0,0,0,0,0,0,0,0,0,13801
Paul Sewald,SEA,12,0,0,0,0,0,0,0,0,0,0,0,0,0,0,0,0,0,0,0,13892
Chris Flexen,SEA,7,0,0,0,0,0,0,0,0,0,0,0,0,0,0,0,0,0,0,0,13896
Brent Suter,MIL,12,0,0,0,0,0,0,0,0,0,0,0,0,0,0,0,0,0,0,0,13942
Michael Wacha,BOS,5,0,0,0,0,0,0,0,0,0,0,0,0,0,0,0,0,0,0,0,14078
Kevin Gausman,TOR,8,0,0,0,0,0,0,0,0,0,0,0,0,0,0,0,0,0,0,0,14107
Chris Mazza,TBR,2,0,0,0,0,0,0,0,0,0,0,0,0,0,0,0,0,0,0,0,14151
Jose Berrios,TOR,8,0,0,0,0,0,0,0,0,0,0,0,0,0,0,0,0,0,0,0,14168
Josh Hader,MIL,14,0,0,0,0,0,0,0,0,0,0,0,0,0,0,0,0,0,0,0,14212
Wandy Peralta,NYY,11,0,0,0,0,0,0,0,0,0,0,0,0,0,0,0,0,0,0,0,14295
Frankie Montas,OAK,8,0,0,0,0,0,0,0,0,0,0,0,0,0,0,0,0,0,0,0,14309
Joel Payamps,KCR,10,0,0,0,0,0,0,0,0,0,0,0,0,0,0,0,0,0,0,0,14332
Ty Blach,COL,10,0,0,0,0,0,0,0,0,0,0,0,0,0,0,0,0,0,0,0,14361
Amir Garrett,KCR,14,0,0,0,0,0,0,0,0,0,0,0,0,0,0,0,0,0,0,0,14375
Yunior Marte,SFG,9,0,0,0,0,0,0,0,0,0,0,0,0,0,0,0,0,0,0,0,14416
Jackson Stephens,ATL,7,0,0,0,0,0,0,0,0,0,0,0,0,0,0,0,0,0,0,0,14420
Hyun-Jin Ryu,TOR,3,0,0,0,0,0,0,0,0,0,0,0,0,0,0,0,0,0,0,0,14444
J.B. Wendelken,ARI,12,0,0,0,0,0,0,0,0,0,0,0,0,0,0,0,0,0,0,0,14506
Dereck Rodriguez,MIN,1,0,0,0,0,0,0,0,0,0,0,0,0,0,0,0,0,0,0,0,14509
Jorge Lopez,BAL,17,0,0,0,0,0,0,0,0,0,0,0,0,0,0,0,0,0,0,0,14527
Carlos Estevez,COL,14,0,0,0,0,0,0,0,0,0,0,0,0,0,0,0,0,0,0,0,14542
Jose Ruiz,CHW,16,0,0,0,0,0,0,0,0,0,0,0,0,0,0,0,0,0,0,0,14552
Rowan Wick,CHC,14,0,0,0,0,0,0,0,0,0,0,0,0,0,0,0,0,0,0,0,14646
Jandel Gustave,MIL,12,0,0,0,0,0,0,0,0,0,0,0,0,0,0,0,0,0,0,0,14665
Duane Underwood Jr.,PIT,3,0,0,0,0,0,0,0,0,0,0,0,0,0,0,0,0,0,0,0,14677
Andres Machado,WSN,10,0,0,0,0,0,0,0,0,0,0,0,0,0,0,0,0,0,0,0,14681
Luis Perdomo,MIL,4,0,0,0,0,0,0,0,0,0,0,0,0,0,0,0,0,0,0,0,14682
Anthony Banda,PIT,10,0,0,0,0,0,0,0,0,0,0,0,0,0,0,0,0,0,0,0,14706
Edwin Diaz,NYM,17,0,0,0,0,0,0,0,0,0,0,0,0,0,0,0,0,0,0,0,14710
Paul Blackburn,OAK,7,0,0,0,0,0,0,0,0,0,0,0,0,0,0,0,0,0,0,0,14739
Julio Urias,LAD,7,0,0,0,0,0,0,0,0,0,0,0,0,0,0,0,0,0,0,0,14765
Emilio Pagan,MIN,12,0,0,0,0,0,0,0,0,0,0,0,0,0,0,0,0,0,0,0,14771
Yu Chang,CLE,3,7,7,0,0,0,0,0,0,0,0,0,5,0,0,0,0,0,0,0,14773
Buck Farmer,CIN,10,0,0,0,0,0,0,0,0,0,0,0,0,0,0,0,0,0,0,0,14814
Michael Lorenzen,LAA,6,0,0,0,0,0,0,0,0,0,0,0,0,0,0,0,0,0,0,0,14843
Joe Mantiply,ARI,18,0,0,0,0,0,0,0,0,0,0,0,0,0,0,0,0,0,0,0,14857
Sam Moll,OAK,14,0,0,0,0,0,0,0,0,0,0,0,0,0,0,0,0,0,0,0,14874
Caleb Smith,ARI,9,0,0,0,0,0,0,0,0,0,0,0,0,0,0,0,0,0,0,0,14875
Jon Gray,TEX,5,0,0,0,0,0,0,0,0,0,0,0,0,0,0,0,0,0,0,0,14916
Reyes Moronta,LAD,7,0,0,0,0,0,0,0,0,0,0,0,0,0,0,0,0,0,0,0,14966
Chad Kuhl,COL,7,0,0,0,0,0,0,0,0,0,0,0,0,0,0,0,0,0,0,0,14975
Giovanny Gallegos,STL,14,0,0,0,0,0,0,0,0,0,0,0,0,0,0,0,0,0,0,0,14986
Scott Barlow,KCR,16,0,0,0,0,0,0,0,0,0,0,0,0,0,0,0,0,0,0,0,14993
Kyle Finnegan,WSN,15,0,0,0,0,0,0,0,0,0,0,0,0,0,0,0,0,0,0,0,15009
Corey Knebel,PHI,16,0,0,0,0,0,0,0,0,0,0,0,0,0,0,0,0,0,0,0,15010
Chase De Jong,PIT,7,0,0,0,0,0,0,0,0,0,0,0,0,0,0,0,0,0,0,0,15036
German Marquez,COL,7,0,0,0,0,0,0,0,0,0,0,0,0,0,0,0,0,0,0,0,15038
Tim Mayza,TOR,15,0,0,0,0,0,0,0,0,0,0,0,0,0,0,0,0,0,0,0,15042
Lou Trivino,OAK,12,0,0,0,0,0,0,0,0,0,0,0,0,0,0,0,0,0,0,0,15043
Trevor Gott,MIL,14,0,0,0,0,0,0,0,0,0,0,0,0,0,0,0,0,0,0,0,15046
Austin Voth,WSN,16,0,0,0,0,0,0,0,0,0,0,0,0,0,0,0,0,0,0,0,15047
Yency Almonte,LAD,2,0,0,0,0,0,0,0,0,0,0,0,0,0,0,0,0,0,0,0,15068
Tyler Danish,BOS,8,0,0,0,0,0,0,0,0,0,0,0,0,0,0,0,0,0,0,0,15126
Ashton Goudeau,COL,9,0,0,0,0,0,0,0,0,0,0,0,0,0,0,0,0,0,0,0,15139
Cole Sulser,MIA,17,0,0,0,0,0,0,0,0,0,0,0,0,0,0,0,0,0,0,0,15256
Keynan Middleton,ARI,6,0,0,0,0,0,0,0,0,0,0,0,0,0,0,0,0,0,0,0,15264
Adam Cimber,TOR,17,0,0,0,0,0,0,0,0,0,0,0,0,0,0,0,0,0,0,0,15288
Andrew Heaney,LAD,2,0,0,0,0,0,0,0,0,0,0,0,0,0,0,0,0,0,0,0,15423
Mike Mayers,LAA,14,0,0,0,0,0,0,0,0,0,0,0,0,0,0,0,0,0,0,0,15451
Nick Pivetta,BOS,8,0,0,0,0,0,0,0,0,0,0,0,0,0,0,0,0,0,0,0,15454
Marco Gonzales,SEA,8,0,0,0,0,0,0,0,0,0,0,0,0,0,0,0,0,0,0,0,15467
Lucas Giolito,CHW,6,0,0,0,0,0,0,0,0,0,0,0,0,0,0,0,0,0,0,0,15474
Antonio Senzatela,COL,7,0,0,0,0,0,0,0,0,0,0,0,0,0,0,0,0,0,0,0,15488
Hunter Harvey,WSN,4,0,0,0,0,0,0,0,0,0,0,0,0,0,0,0,0,0,0,0,15507
Kendall Graveman,CHW,17,0,0,0,0,0,0,0,0,0,0,0,0,0,0,0,0,0,0,0,15514
Tyler Rogers,SFG,17,0,0,0,0,0,0,0,0,0,0,0,0,0,0,0,0,0,0,0,15541
Mark Leiter,CHC,5,0,0,0,0,0,0,0,0,0,0,0,0,0,0,0,0,0,0,0,15551
Chad Green,NYY,14,0,0,0,0,0,0,0,0,0,0,0,0,0,0,0,0,0,0,0,15552
Nick Wittgren,STL,19,0,0,0,0,0,0,0,0,0,0,0,0,0,0,0,0,0,0,0,15594
Phillips Valdez,BOS,8,0,0,0,0,0,0,0,0,0,0,0,0,0,0,0,0,0,0,0,15605
Miguel Castro,NYY,15,0,0,0,0,0,0,0,0,0,0,0,0,0,0,0,0,0,0,0,15684
Luis Castillo,CIN,2,0,0,0,0,0,0,0,0,0,0,0,0,0,0,0,0,0,0,0,15689
Brad Keller,KCR,7,0,0,0,0,0,0,0,0,0,0,0,0,0,0,0,0,0,0,0,15734
Joe Jimenez,DET,16,0,0,0,0,0,0,0,0,0,0,0,0,0,0,0,0,0,0,0,15761
Jose Godoy,MIN,2,3,5,0,0,0,0,0,2,0,2,0,2,0,0,0,0,0,0,0,15808
Devin Williams,MIL,16,0,0,0,0,0,0,0,0,0,0,0,0,0,0,0,0,0,0,0,15816
Zack Littell,SFG,12,0,0,0,0,0,0,0,0,0,0,0,0,0,0,0,0,0,0,0,15823
Paul Fry,BAL,12,0,0,0,0,0,0,0,0,0,0,0,0,0,0,0,0,0,0,0,15832
Sean Manaea,SDP,7,0,0,0,0,0,0,0,0,0,0,0,0,0,0,0,0,0,0,0,15873
Luis Severino,NYY,7,0,0,0,0,0,0,0,0,0,0,0,0,0,0,0,0,0,0,0,15890
Victor Arano,WSN,17,0,0,0,0,0,0,0,0,0,0,0,0,0,0,0,0,0,0,0,15915
Ryne Stanek,HOU,15,0,0,0,0,0,0,0,0,0,0,0,0,0,0,0,0,0,0,0,15947
Zach Thompson,PIT,7,0,0,0,0,0,0,0,0,0,0,0,0,0,0,0,0,0,0,0,16094
Jordan Romano,TOR,16,0,0,0,0,0,0,0,0,0,0,0,0,0,0,0,0,0,0,0,16122
Chris Ellis,BAL,2,0,0,0,0,0,0,0,0,0,0,0,0,0,0,0,0,0,0,0,16125
Carlos Rodon,SFG,7,0,0,0,0,0,0,0,0,0,0,0,0,0,0,0,0,0,0,0,16137
Aaron Nola,PHI,8,0,0,0,0,0,0,0,0,0,0,0,0,0,0,0,0,0,0,0,16149
Brandon Woodruff,MIL,7,0,0,0,0,0,0,0,0,0,0,0,0,0,0,0,0,0,0,0,16162
Jake Reed,NYM,1,0,0,0,0,0,0,0,0,0,0,0,0,0,0,0,0,0,0,0,16209
Kyle Freeland,COL,8,0,0,0,0,0,0,0,0,0,0,0,0,0,0,0,0,0,0,0,16256
Aaron Bummer,CHW,12,0,0,0,0,0,0,0,0,0,0,0,0,0,0,0,0,0,0,0,16258
Sam Howard,PIT,3,0,0,0,0,0,0,0,0,0,0,0,0,0,0,0,0,0,0,0,16265
John Means,BAL,2,0,0,0,0,0,0,0,0,0,0,0,0,0,0,0,0,0,0,0,16269
Sam Clay,WSN,5,0,0,0,0,0,0,0,0,0,0,0,0,0,0,0,0,0,0,0,16279
Ryan Borucki,TOR,7,0,0,0,0,0,0,0,0,0,0,0,0,0,0,0,0,0,0,0,16350
Tyler Mahle,CIN,9,0,0,0,0,0,0,0,0,0,0,0,0,0,0,0,0,0,0,0,16358
Ryan Castellani,OAK,3,0,0,0,0,0,0,0,0,0,0,0,0,0,0,0,0,0,0,0,16377
Reynaldo Lopez,CHW,13,0,0,0,0,0,0,0,0,0,0,0,0,0,0,0,0,0,0,0,16400
Blake Taylor,HOU,14,0,0,0,0,0,0,0,0,0,0,0,0,0,0,0,0,0,0,0,16418
James Norwood,PHI,13,0,0,0,0,0,0,0,0,0,0,0,0,0,0,0,0,0,0,0,16440
Ryan Yarbrough,TBR,3,0,0,0,0,0,0,0,0,0,0,0,0,0,0,0,0,0,0,0,16502
Jordan Montgomery,NYY,8,0,0,0,0,0,0,0,0,0,0,0,0,0,0,0,0,0,0,0,16511
Dusten Knight,TBR,1,0,0,0,0,0,0,0,0,0,0,0,0,0,0,0,0,0,0,0,16537
Austin Gomber,COL,7,0,0,0,0,0,0,0,0,0,0,0,0,0,0,0,0,0,0,0,16561
Erik Swanson,SEA,13,0,0,0,0,0,0,0,0,0,0,0,0,0,0,0,0,0,0,0,16587
Bryan Abreu,HOU,12,0,0,0,0,0,0,0,0,0,0,0,0,0,0,0,0,0,0,0,16609
J.P. Feyereisen,TBR,15,0,0,0,0,0,0,0,0,0,0,0,0,0,0,0,0,0,0,0,16610
Ryan Thompson,TBR,15,0,0,0,0,0,0,0,0,0,0,0,0,0,0,0,0,0,0,0,16647
Julian Merryweather,TOR,12,0,0,0,0,0,0,0,0,0,0,0,0,0,0,0,0,0,0,0,16703
Tim Hill,SDP,9,0,0,0,0,0,0,0,0,0,0,0,0,0,0,0,0,0,0,0,16814
Locke St. John,CHC,1,0,0,0,0,0,0,0,0,0,0,0,0,0,0,0,0,0,0,0,16850
Luke Weaver,ARI,1,0,0,0,0,0,0,0,0,0,0,0,0,0,0,0,0,0,0,0,16918
Elieser Hernandez,MIA,7,0,0,0,0,0,0,0,0,0,0,0,0,0,0,0,0,0,0,0,16933
Sean Newcomb,- - -,6,0,0,0,0,0,0,0,0,0,0,0,0,0,0,0,0,0,0,0,16943
Trevor Williams,NYM,6,0,0,0,0,0,0,0,0,0,0,0,0,0,0,0,0,0,0,0,16977
Tyler Beede,- - -,7,0,0,0,0,0,0,0,0,0,0,0,0,0,0,0,0,0,0,0,16981
Tanner Banks,CHW,11,0,0,0,0,0,0,0,0,0,0,0,0,0,0,0,0,0,0,0,16990
Sean Reid-Foley,NYM,7,0,0,0,0,0,0,0,0,0,0,0,0,0,0,0,0,0,0,0,17034
Pablo Lopez,MIA,8,0,0,0,0,0,0,0,0,0,0,0,0,0,0,0,0,0,0,0,17085
Domingo Acevedo,OAK,18,0,0,0,0,0,0,0,0,0,0,0,0,0,0,0,0,0,0,0,17092
Austin Davis,BOS,16,0,0,0,0,0,0,0,0,0,0,0,0,0,0,0,0,0,0,0,17117
Raisel Iglesias,LAA,16,0,0,0,0,0,0,0,0,0,0,0,0,0,0,0,0,0,0,0,17130
Gabe Speier,KCR,11,0,0,0,0,0,0,0,0,0,0,0,0,0,0,0,0,0,0,0,17170
Yoan Lopez,NYM,2,0,0,0,0,0,0,0,0,0,0,0,0,0,0,0,0,0,0,0,17181
Dinelson Lamet,SDP,10,0,0,0,0,0,0,0,0,0,0,0,0,0,0,0,0,0,0,0,17186
Jalen Beeks,TBR,9,0,0,0,0,0,0,0,0,0,0,0,0,0,0,0,0,0,0,0,17192
Ranger Suarez,PHI,7,0,0,0,0,0,0,0,0,0,0,0,0,0,0,0,0,0,0,0,17277
Michael Kopech,CHW,7,0,0,0,0,0,0,0,0,0,0,0,0,0,0,0,0,0,0,0,17282
Justus Sheffield,SEA,4,0,0,0,0,0,0,0,0,0,0,0,0,0,0,0,0,0,0,0,17285
Javy Guerra,- - -,7,0,0,0,0,0,0,0,0,0,0,0,0,0,0,0,0,0,0,0,17292
Framber Valdez,HOU,8,0,0,0,0,0,0,0,0,0,0,0,0,0,0,0,0,0,0,0,17295
Justin Steele,CHC,7,0,0,0,0,0,0,0,0,0,0,0,0,0,0,0,0,0,0,0,17312
Brett Martin,TEX,17,0,0,0,0,0,0,0,0,0,0,0,0,0,0,0,0,0,0,0,17369
Erick Fedde,WSN,7,0,0,0,0,0,0,0,0,0,0,0,0,0,0,0,0,0,0,0,17425
Jeff Hoffman,CIN,13,0,0,0,0,0,0,0,0,0,0,0,0,0,0,0,0,0,0,0,17432
Daniel Duarte,CIN,3,0,0,0,0,0,0,0,0,0,0,0,0,0,0,0,0,0,0,0,17480
Albert Abreu,TEX,6,0,0,0,0,0,0,0,0,0,0,0,0,0,0,0,0,0,0,0,17485
Spenser Watkins,BAL,7,0,0,0,0,0,0,0,0,0,0,0,0,0,0,0,0,0,0,0,17489
Genesis Cabrera,STL,15,0,0,0,0,0,0,0,0,0,0,0,0,0,0,0,0,0,0,0,17490
Diego Castillo,SEA,15,0,0,0,0,0,0,0,0,0,0,0,0,0,0,0,0,0,0,0,17496
Ryan Burr,CHW,8,0,0,0,0,0,0,0,0,0,0,0,0,0,0,0,0,0,0,0,17536
Jimmy Herget,LAA,15,0,0,0,0,0,0,0,0,0,0,0,0,0,0,0,0,0,0,0,17556
JT Brubaker,PIT,8,0,0,0,0,0,0,0,0,0,0,0,0,0,0,0,0,0,0,0,17578
Marcos Diplan,BAL,1,0,0,0,0,0,0,0,0,0,0,0,0,0,0,0,0,0,0,0,17583
Tanner Scott,MIA,18,0,0,0,0,0,0,0,0,0,0,0,0,0,0,0,0,0,0,0,17586
Mitch Keller,PIT,8,0,0,0,0,0,0,0,0,0,0,0,0,0,0,0,0,0,0,0,17594
Cristian Javier,HOU,7,0,0,0,0,0,0,0,0,0,0,0,0,0,0,0,0,0,0,0,17606
Tanner Rainey,WSN,11,0,0,0,0,0,0,0,0,0,0,0,0,0,0,0,0,0,0,0,17610
Taylor Clarke,KCR,15,0,0,0,0,0,0,0,0,0,0,0,0,0,0,0,0,0,0,0,17611
Justin Lawrence,COL,12,0,0,0,0,0,0,0,0,0,0,0,0,0,0,0,0,0,0,0,17639
Jeffrey Springs,TBR,11,0,0,0,0,0,0,0,0,0,0,0,0,0,0,0,0,0,0,0,17677
Ralph Garza,TBR,4,0,0,0,0,0,0,0,0,0,0,0,0,0,0,0,0,0,0,0,17682
Nabil Crismatt,SDP,10,0,0,0,0,0,0,0,0,0,0,0,0,0,0,0,0,0,0,0,17732
Evan Phillips,LAD,14,0,0,0,0,0,0,0,0,0,0,0,0,0,0,0,0,0,0,0,17734
Tyler Alexander,DET,4,0,0,0,0,0,0,0,0,0,0,0,0,0,0,0,0,0,0,0,17735
Drew Smith,NYM,16,0,0,0,0,0,0,0,0,0,0,0,0,0,0,0,0,0,0,0,17755
D.J. Stewart,BAL,3,3,3,0,0,0,0,0,0,0,0,0,2,0,0,0,0,0,0,0,17766
Jose Alvarado,PHI,14,0,0,0,0,0,0,0,0,0,0,0,0,0,0,0,0,0,0,0,17780
Jake Brentz,KCR,8,0,0,0,0,0,0,0,0,0,0,0,0,0,0,0,0,0,0,0,17783
Dillon Tate,BAL,17,0,0,0,0,0,0,0,0,0,0,0,0,0,0,0,0,0,0,0,17796
Drew Jackson,OAK,3,3,3,0,0,0,0,0,0,0,0,0,1,0,0,0,0,0,0,0,17807
Nestor Cortes,NYY,7,0,0,0,0,0,0,0,0,0,0,0,0,0,0,0,0,0,0,0,17874
Dennis Santana,TEX,13,0,0,0,0,0,0,0,0,0,0,0,0,0,0,0,0,0,0,0,17878
Tayler Saucedo,TOR,4,0,0,0,0,0,0,0,0,0,0,0,0,0,0,0,0,0,0,0,17888
Garrett Cleavinger,LAD,3,0,0,0,0,0,0,0,0,0,0,0,0,0,0,0,0,0,0,0,17897
Trent Thornton,TOR,10,0,0,0,0,0,0,0,0,0,0,0,0,0,0,0,0,0,0,0,17948
Tyler Gilbert,ARI,3,0,0,0,0,0,0,0,0,0,0,0,0,0,0,0,0,0,0,0,17964
Brock Burke,TEX,12,0,0,0,0,0,0,0,0,0,0,0,0,0,0,0,0,0,0,0,17968
Logan Webb,SFG,8,0,0,0,0,0,0,0,0,0,0,0,0,0,0,0,0,0,0,0,17995
Triston McKenzie,CLE,7,0,0,0,0,0,0,0,0,0,0,0,0,0,0,0,0,0,0,0,18000
Phil Maton,HOU,16,0,0,0,0,0,0,0,0,0,0,0,0,0,0,0,0,0,0,0,18064
Cody Stashak,MIN,10,0,0,0,0,0,0,0,0,0,0,0,0,0,0,0,0,0,0,0,18088
Ka'ai Tom,SFG,1,1,1,0,0,0,0,0,0,0,0,0,0,0,0,0,0,0,0,0,18136
Ryan Helsley,STL,11,0,0,0,0,0,0,0,0,0,0,0,0,0,0,0,0,0,0,0,18138
Anthony Misiewicz,SEA,13,0,0,0,0,0,0,0,0,0,0,0,0,0,0,0,0,0,0,0,18152
Art Warren,CIN,14,0,0,0,0,0,0,0,0,0,0,0,0,0,0,0,0,0,0,0,18251
Jarlin Garcia,SFG,13,0,0,0,0,0,0,0,0,0,0,0,0,0,0,0,0,0,0,0,18282
Tyler Kinley,COL,16,0,0,0,0,0,0,0,0,0,0,0,0,0,0,0,0,0,0,0,18297
Josh Sborz,TEX,8,0,0,0,0,0,0,0,0,0,0,0,0,0,0,0,0,0,0,0,18323
Taylor Hearn,TEX,7,0,0,0,0,0,0,0,0,0,0,0,0,0,0,0,0,0,0,0,18325
James Kaprielian,OAK,4,0,0,0,0,0,0,0,0,0,0,0,0,0,0,0,0,0,0,0,18331
Josh Staumont,KCR,17,0,0,0,0,0,0,0,0,0,0,0,0,0,0,0,0,0,0,0,18335
Jaime Barria,LAA,6,0,0,0,0,0,0,0,0,0,0,0,0,0,0,0,0,0,0,0,18356
Connor Overton,CIN,4,0,0,0,0,0,0,0,0,0,0,0,0,0,0,0,0,0,0,0,18376
Scott Effross,CHC,18,0,0,0,0,0,0,0,0,0,0,0,0,0,0,0,0,0,0,0,18384
Enyel De Los Santos,CLE,8,0,0,0,0,0,0,0,0,0,0,0,0,0,0,0,0,0,0,0,18403
Jose Urquidy,HOU,7,0,0,0,0,0,0,0,0,0,0,0,0,0,0,0,0,0,0,0,18413
Danny Young,SEA,2,0,0,0,0,0,0,0,0,0,0,0,0,0,0,0,0,0,0,0,18439
Trevor Kelley,MIL,1,0,0,0,0,0,0,0,0,0,0,0,0,0,0,0,0,0,0,0,18454
Josh Rogers,WSN,10,0,0,0,0,0,0,0,0,0,0,0,0,0,0,0,0,0,0,0,18510
Phil Bickford,LAD,13,0,0,0,0,0,0,0,0,0,0,0,0,0,0,0,0,0,0,0,18519
Dylan Cease,CHW,8,0,0,0,0,0,0,0,0,0,0,0,0,0,0,0,0,0,0,0,18525
Sam Hentges,CLE,12,0,0,0,0,0,0,0,0,0,0,0,0,0,0,0,0,0,0,0,18548
Logan Allen,- - -,7,0,0,0,0,0,0,0,0,0,0,0,0,0,0,0,0,0,0,0,18555
Travis Lakins Sr.,BAL,6,0,0,0,0,0,0,0,0,0,0,0,0,0,0,0,0,0,0,0,18600
A.J. Minter,ATL,17,0,0,0,0,0,0,0,0,0,0,0,0,0,0,0,0,0,0,0,18655
Jake Woodford,STL,7,0,0,0,0,0,0,0,0,0,0,0,0,0,0,0,0,0,0,0,18674
Freddy Peralta,MIL,7,0,0,0,0,0,0,0,0,0,0,0,0,0,0,0,0,0,0,0,18679
Sandy Alcantara,MIA,8,0,0,0,0,0,0,0,0,0,0,0,0,0,0,0,0,0,0,0,18684
Nick Plummer,NYM,2,1,1,0,0,0,0,0,0,0,0,0,0,0,0,0,0,0,0,0,18690
Kolby Allard,TEX,5,0,0,0,0,0,0,0,0,0,0,0,0,0,0,0,0,0,0,0,18694
Cody Poteet,MIA,9,0,0,0,0,0,0,0,0,0,0,0,0,0,0,0,0,0,0,0,18769
Dillon Peters,PIT,11,0,0,0,0,0,0,0,0,0,0,0,0,0,0,0,0,0,0,0,18790
Drew Steckenrider,SEA,14,0,0,0,0,0,0,0,0,0,0,0,0,0,0,0,0,0,0,0,18806
Pedro Avila,SDP,2,0,0,0,0,0,0,0,0,0,0,0,0,0,0,0,0,0,0,0,18864
Estevan Florial,NYY,1,2,2,0,0,0,0,0,0,0,0,0,0,0,0,0,0,1,0,0,19151
Tommy Nance,MIA,4,0,0,0,0,0,0,0,0,0,0,0,0,0,0,0,0,0,0,0,19178
Kirby Snead,OAK,14,0,0,0,0,0,0,0,0,0,0,0,0,0,0,0,0,0,0,0,19179
Robert Dugger,- - -,2,0,0,0,0,0,0,0,0,0,0,0,0,0,0,0,0,0,0,0,19191
Conner Menez,CHC,1,0,0,0,0,0,0,0,0,0,0,0,0,0,0,0,0,0,0,0,19199
Jose Quijada,LAA,1,0,0,0,0,0,0,0,0,0,0,0,0,0,0,0,0,0,0,0,19200
Dakota Hudson,STL,8,0,0,0,0,0,0,0,0,0,0,0,0,0,0,0,0,0,0,0,19206
Mitch White,LAD,5,0,0,0,0,0,0,0,0,0,0,0,0,0,0,0,0,0,0,0,19225
Cole Irvin,OAK,5,0,0,0,0,0,0,0,0,0,0,0,0,0,0,0,0,0,0,0,19244
Seranthony Dominguez,PHI,15,0,0,0,0,0,0,0,0,0,0,0,0,0,0,0,0,0,0,0,19249
Taylor Widener,ARI,3,0,0,0,0,0,0,0,0,0,0,0,0,0,0,0,0,0,0,0,19266
Vladimir Gutierrez,CIN,6,0,0,0,0,0,0,0,0,0,0,0,0,0,0,0,0,0,0,0,19278
Zac Gallen,ARI,7,0,0,0,0,0,0,0,0,0,0,0,0,0,0,0,0,0,0,0,19291
Trevor Richards,TOR,17,0,0,0,0,0,0,0,0,0,0,0,0,0,0,0,0,0,0,0,19309
Cal Quantrill,CLE,7,0,0,0,0,0,0,0,0,0,0,0,0,0,0,0,0,0,0,0,19312
Eric Lauer,MIL,6,0,0,0,0,0,0,0,0,0,0,0,0,0,0,0,0,0,0,0,19316
Matthew Festa,SEA,11,0,0,0,0,0,0,0,0,0,0,0,0,0,0,0,0,0,0,0,19330
A.J. Puk,OAK,12,0,0,0,0,0,0,0,0,0,0,0,0,0,0,0,0,0,0,0,19343
Daulton Jefferies,OAK,8,0,0,0,0,0,0,0,0,0,0,0,0,0,0,0,0,0,0,0,19345
Caleb Ferguson,LAD,1,0,0,0,0,0,0,0,0,0,0,0,0,0,0,0,0,0,0,0,19349
Corbin Burnes,MIL,8,0,0,0,0,0,0,0,0,0,0,0,0,0,0,0,0,0,0,0,19361
Keegan Akin,BAL,10,0,0,0,0,0,0,0,0,0,0,0,0,0,0,0,0,0,0,0,19362
Walker Buehler,LAD,8,0,0,0,0,0,0,0,0,0,0,0,0,0,0,0,0,0,0,0,19374
Tony Gonsolin,LAD,7,0,0,0,0,0,0,0,0,0,0,0,0,0,0,0,0,0,0,0,19388
Zach McKinstry,LAD,2,1,1,0,0,0,0,0,0,0,0,0,0,0,0,0,0,0,0,0,19392
Colin Poche,TBR,12,0,0,0,0,0,0,0,0,0,0,0,0,0,0,0,0,0,0,0,19403
Ronel Blanco,HOU,7,0,0,0,0,0,0,0,0,0,0,0,0,0,0,0,0,0,0,0,19407
Dane Dunning,TEX,8,0,0,0,0,0,0,0,0,0,0,0,0,0,0,0,0,0,0,0,19409
Brian Serven,COL,1,2,2,0,0,0,0,0,0,0,0,0,0,0,0,0,0,0,0,0,19422
Shane Bieber,CLE,7,0,0,0,0,0,0,0,0,0,0,0,0,0,0,0,0,0,0,0,19427
Yohan Ramirez,SEA,7,0,0,0,0,0,0,0,0,0,0,0,0,0,0,0,0,0,0,0,19444
Patrick Sandoval,LAA,6,0,0,0,0,0,0,0,0,0,0,0,0,0,0,0,0,0,0,0,19447
Michael Rucker,CHC,8,0,0,0,0,0,0,0,0,0,0,0,0,0,0,0,0,0,0,0,19454
Jorge Alcala,MIN,2,0,0,0,0,0,0,0,0,0,0,0,0,0,0,0,0,0,0,0,19459
Aaron Civale,CLE,6,0,0,0,0,0,0,0,0,0,0,0,0,0,0,0,0,0,0,0,19479
Andrew Vasquez,TOR,3,0,0,0,0,0,0,0,0,0,0,0,0,0,0,0,0,0,0,0,19482
Devin Smeltzer,MIN,1,0,0,0,0,0,0,0,0,0,0,0,0,0,0,0,0,0,0,0,19487
Zach Jackson,OAK,18,0,0,0,0,0,0,0,0,0,0,0,0,0,0,0,0,0,0,0,19493
Tanner Tully,CLE,1,0,0,0,0,0,0,0,0,0,0,0,0,0,0,0,0,0,0,0,19518
Jason Foley,DET,7,0,0,0,0,0,0,0,0,0,0,0,0,0,0,0,0,0,0,0,19531
Ryan Hendrix,CIN,5,0,0,0,0,0,0,0,0,0,0,0,0,0,0,0,0,0,0,0,19535
Jimmy Lambert,CHW,2,0,0,0,0,0,0,0,0,0,0,0,0,0,0,0,0,0,0,0,19541
Stephen Nogosek,NYM,1,0,0,0,0,0,0,0,0,0,0,0,0,0,0,0,0,0,0,0,19545
David Bednar,PIT,16,0,0,0,0,0,0,0,0,0,0,0,0,0,0,0,0,0,0,0,19569
Sean Poppen,ARI,7,0,0,0,0,0,0,0,0,0,0,0,0,0,0,0,0,0,0,0,19583
Cionel Perez,BAL,14,0,0,0,0,0,0,0,0,0,0,0,0,0,0,0,0,0,0,0,19614
Jordan Hicks,STL,8,0,0,0,0,0,0,0,0,0,0,0,0,0,0,0,0,0,0,0,19618
Matt Foster,CHW,16,0,0,0,0,0,0,0,0,0,0,0,0,0,0,0,0,0,0,0,19647
Kyle Wright,ATL,7,0,0,0,0,0,0,0,0,0,0,0,0,0,0,0,0,0,0,0,19665
Gregory Soto,DET,13,0,0,0,0,0,0,0,0,0,0,0,0,0,0,0,0,0,0,0,19677
Ronnie Dawson,CIN,1,3,3,0,0,0,0,0,0,0,0,0,2,0,0,0,0,0,0,0,19710
Patrick Murphy,WSN,6,0,0,0,0,0,0,0,0,0,0,0,0,0,0,0,0,0,0,0,19712
Kodi Whitley,STL,11,0,0,0,0,0,0,0,0,0,0,0,0,0,0,0,0,0,0,0,19731
Anthony Bender,MIA,16,0,0,0,0,0,0,0,0,0,0,0,0,0,0,0,0,0,0,0,19742
Jonathan Loaisiga,NYY,16,0,0,0,0,0,0,0,0,0,0,0,0,0,0,0,0,0,0,0,19753
Reiver Sanmartin,CIN,5,2,2,0,0,0,0,0,0,0,0,0,1,0,0,0,0,0,0,0,19754
Will Vest,DET,14,0,0,0,0,0,0,0,0,0,0,0,0,0,0,0,0,0,0,0,19769
Jake Lemoine,OAK,7,0,0,0,0,0,0,0,0,0,0,0,0,0,0,0,0,0,0,0,19785
Anthony Castro,CLE,6,0,0,0,0,0,0,0,0,0,0,0,0,0,0,0,0,0,0,0,19789
Keegan Thompson,CHC,9,0,0,0,0,0,0,0,0,0,0,0,0,0,0,0,0,0,0,0,19795
Wil Crowe,PIT,14,0,0,0,0,0,0,0,0,0,0,0,0,0,0,0,0,0,0,0,19800
Bryan Baker,BAL,14,0,0,0,0,0,0,0,0,0,0,0,0,0,0,0,0,0,0,0,19804
Daniel Castano,MIA,3,0,0,0,0,0,0,0,0,0,0,0,0,0,0,0,0,0,0,0,19805
Alexander Wells,BAL,2,0,0,0,0,0,0,0,0,0,0,0,0,0,0,0,0,0,0,0,19845
Michael King,NYY,12,0,0,0,0,0,0,0,0,0,0,0,0,0,0,0,0,0,0,0,19853
Tucker Davidson,ATL,2,0,0,0,0,0,0,0,0,0,0,0,0,0,0,0,0,0,0,0,19871
Alex Faedo,DET,3,0,0,0,0,0,0,0,0,0,0,0,0,0,0,0,0,0,0,0,19874
Tanner Houck,BOS,9,0,0,0,0,0,0,0,0,0,0,0,0,0,0,0,0,0,0,0,19879
Alex Lange,DET,17,0,0,0,0,0,0,0,0,0,0,0,0,0,0,0,0,0,0,0,19883
Corbin Martin,ARI,5,0,0,0,0,0,0,0,0,0,0,0,0,0,0,0,0,0,0,0,19884
Clarke Schmidt,NYY,5,0,0,0,0,0,0,0,0,0,0,0,0,0,0,0,0,0,0,0,19899
Adonis Medina,NYM,3,0,0,0,0,0,0,0,0,0,0,0,0,0,0,0,0,0,0,0,19903
Jose Suarez,LAA,5,0,0,0,0,0,0,0,0,0,0,0,0,0,0,0,0,0,0,0,19911
Tony Santillan,CIN,13,0,0,0,0,0,0,0,0,0,0,0,0,0,0,0,0,0,0,0,19926
Trevor Stephan,CLE,16,0,0,0,0,0,0,0,0,0,0,0,0,0,0,0,0,0,0,0,19932
Aaron Whitefield,LAA,5,11,11,0,0,0,0,0,0,0,0,0,5,0,0,0,0,0,0,0,19938
Jhon Romero,MIN,4,0,0,0,0,0,0,0,0,0,0,0,0,0,0,0,0,0,0,0,19940
Ian Anderson,ATL,7,0,0,0,0,0,0,0,0,0,0,0,0,0,0,0,0,0,0,0,19951
Jesus Luzardo,MIA,6,0,0,0,0,0,0,0,0,0,0,0,0,0,0,0,0,0,0,0,19959
Joey Wentz,DET,1,0,0,0,0,0,0,0,0,0,0,0,0,0,0,0,0,0,0,0,19962
Zach Plesac,CLE,7,0,0,0,0,0,0,0,0,0,0,0,0,0,0,0,0,0,0,0,19979
Bryse Wilson,PIT,7,0,0,0,0,0,0,0,0,0,0,0,0,0,0,0,0,0,0,0,19990
Joel Kuhnel,CIN,3,0,0,0,0,0,0,0,0,0,0,0,0,0,0,0,0,0,0,0,19995
Tyler Wells,BAL,7,0,0,0,0,0,0,0,0,0,0,0,0,0,0,0,0,0,0,0,20000
Kenny Rosenberg,LAA,1,0,0,0,0,0,0,0,0,0,0,0,0,0,0,0,0,0,0,0,20009
Wyatt Mills,SEA,8,0,0,0,0,0,0,0,0,0,0,0,0,0,0,0,0,0,0,0,20010
John Schreiber,BOS,8,0,0,0,0,0,0,0,0,0,0,0,0,0,0,0,0,0,0,0,20020
Kramer Robertson,STL,2,1,1,0,0,0,0,0,0,1,0,0,0,0,0,0,0,0,0,0,20022
Phillip Diehl,CIN,5,0,0,0,0,0,0,0,0,0,0,0,0,0,0,0,0,0,0,0,20030
Ronald Bolanos,KCR,6,0,0,0,0,0,0,0,0,0,0,0,0,0,0,0,0,0,0,0,20041
Bailey Falter,PHI,5,0,0,0,0,0,0,0,0,0,0,0,0,0,0,0,0,0,0,0,20070
Mauricio Llovera,SFG,5,0,0,0,0,0,0,0,0,0,0,0,0,0,0,0,0,0,0,0,20080
Chris Paddack,MIN,5,0,0,0,0,0,0,0,0,0,0,0,0,0,0,0,0,0,0,0,20099
Calvin Faucher,TBR,1,0,0,0,0,0,0,0,0,0,0,0,0,0,0,0,0,0,0,0,20116
Mark Contreras,MIN,2,2,3,0,0,0,0,0,1,1,0,0,0,0,1,0,0,0,0,0,20122
Adam Oller,OAK,4,0,0,0,0,0,0,0,0,0,0,0,0,0,0,0,0,0,0,0,20132
Nick Nelson,PHI,9,0,0,0,0,0,0,0,0,0,0,0,0,0,0,0,0,0,0,0,20153
J.J. Matijevic,HOU,2,5,5,0,0,0,0,0,0,0,0,0,3,0,0,0,0,0,0,0,20165
Kyle Muller,ATL,1,0,0,0,0,0,0,0,0,0,0,0,0,0,0,0,0,0,0,0,20167
Zach Pop,MIA,1,0,0,0,0,0,0,0,0,0,0,0,0,0,0,0,0,0,0,0,20185
Garrett Whitlock,BOS,9,0,0,0,0,0,0,0,0,0,0,0,0,0,0,0,0,0,0,0,20191
Eli Morgan,CLE,8,0,0,0,0,0,0,0,0,0,0,0,0,0,0,0,0,0,0,0,20203
Mike Baumann,BAL,5,0,0,0,0,0,0,0,0,0,0,0,0,0,0,0,0,0,0,0,20206
Jake Walsh,STL,3,0,0,0,0,0,0,0,0,0,0,0,0,0,0,0,0,0,0,0,20227
Zach Logue,OAK,4,0,0,0,0,0,0,0,0,0,0,0,0,0,0,0,0,0,0,0,20231
Griffin Jax,MIN,10,0,0,0,0,0,0,0,0,0,0,0,0,0,0,0,0,0,0,0,20253
Jonathan Arauz,BOS,5,7,9,0,0,0,0,0,1,1,0,0,2,0,1,1,0,0,0,0,20275
Jhonathan Diaz,LAA,2,0,0,0,0,0,0,0,0,0,0,0,0,0,0,0,0,0,0,0,20298
David Peterson,NYM,4,0,0,0,0,0,0,0,0,0,0,0,0,0,0,0,0,0,0,0,20302
Stuart Fairchild,SEA,3,3,3,0,0,0,0,0,0,0,0,0,2,0,0,0,0,0,0,0,20321
Matt Peacock,ARI,2,0,0,0,0,0,0,0,0,0,0,0,0,0,0,0,0,0,0,0,20339
Riley O'Brien,SEA,1,0,0,0,0,0,0,0,0,0,0,0,0,0,0,0,0,0,0,0,20348
Steven Wilson,SDP,15,0,0,0,0,0,0,0,0,0,0,0,0,0,0,0,0,0,0,0,20353
Brusdar Graterol,LAD,15,0,0,0,0,0,0,0,0,0,0,0,0,0,0,0,0,0,0,0,20367
Matt Manning,DET,2,0,0,0,0,0,0,0,0,0,0,0,0,0,0,0,0,0,0,0,20369
Bruce Zimmermann,BAL,8,0,0,0,0,0,0,0,0,0,0,0,0,0,0,0,0,0,0,0,20370
Andres Munoz,SEA,13,0,0,0,0,0,0,0,0,0,0,0,0,0,0,0,0,0,0,0,20373
Anthony Kay,TOR,1,0,0,0,0,0,0,0,0,0,0,0,0,0,0,0,0,0,0,0,20387
Josh Fleming,TBR,6,0,0,0,0,0,0,0,0,0,0,0,0,0,0,0,0,0,0,0,20418
Jovani Moran,MIN,2,0,0,0,0,0,0,0,0,0,0,0,0,0,0,0,0,0,0,0,20422
Rony Garcia,DET,8,0,0,0,0,0,0,0,0,0,0,0,0,0,0,0,0,0,0,0,20430
Huascar Ynoa,ATL,2,0,0,0,0,0,0,0,0,0,0,0,0,0,0,0,0,0,0,0,20468
Casey Mize,DET,2,0,0,0,0,0,0,0,0,0,0,0,0,0,0,0,0,0,0,0,20492
Kyle Nelson,ARI,15,0,0,0,0,0,0,0,0,0,0,0,0,0,0,0,0,0,0,0,20515
Nick Sandlin,CLE,13,0,0,0,0,0,0,0,0,0,0,0,0,0,0,0,0,0,0,0,20517
Denyi Reyes,BAL,1,0,0,0,0,0,0,0,0,0,0,0,0,0,0,0,0,0,0,0,20526
Kutter Crawford,BOS,8,0,0,0,0,0,0,0,0,0,0,0,0,0,0,0,0,0,0,0,20531
Mickey McDonald,OAK,4,4,6,0,0,0,0,0,0,0,2,0,3,0,0,0,0,0,0,0,20533
Edwin Uceta,ARI,3,0,0,0,0,0,0,0,0,0,0,0,0,0,0,0,0,0,0,0,20539
Phoenix Sanders,TBR,5,0,0,0,0,0,0,0,0,0,0,0,0,0,0,0,0,0,0,0,20541
Bowden Francis,TOR,1,0,0,0,0,0,0,0,0,0,0,0,0,0,0,0,0,0,0,0,20548
Kirk McCarty,CLE,1,0,0,0,0,0,0,0,0,0,0,0,0,0,0,0,0,0,0,0,20555
Anderson Severino,CHW,6,0,0,0,0,0,0,0,0,0,0,0,0,0,0,0,0,0,0,0,20582
JC Mejia,MIL,2,0,0,0,0,0,0,0,0,0,0,0,0,0,0,0,0,0,0,0,20617
Yusei Kikuchi,TOR,7,0,0,0,0,0,0,0,0,0,0,0,0,0,0,0,0,0,0,0,20633
Felix Bautista,BAL,17,0,0,0,0,0,0,0,0,0,0,0,0,0,0,0,0,0,0,0,20666
Cristopher Sanchez,PHI,5,0,0,0,0,0,0,0,0,0,0,0,0,0,0,0,0,0,0,0,20778
Elvin Rodriguez,DET,1,0,0,0,0,0,0,0,0,0,0,0,0,0,0,0,0,0,0,0,20962
Francisco Perez,WSN,5,0,0,0,0,0,0,0,0,0,0,0,0,0,0,0,0,0,0,0,21018
Adrian Martinez,OAK,1,0,0,0,0,0,0,0,0,0,0,0,0,0,0,0,0,0,0,0,21023
Oliver Ortega,LAA,13,0,0,0,0,0,0,0,0,0,0,0,0,0,0,0,0,0,0,0,21025
Jhoan Duran,MIN,13,0,0,0,0,0,0,0,0,0,0,0,0,0,0,0,0,0,0,0,21029
Emmanuel Clase,CLE,16,0,0,0,0,0,0,0,0,0,0,0,0,0,0,0,0,0,0,0,21032
Seth Martinez,HOU,3,0,0,0,0,0,0,0,0,0,0,0,0,0,0,0,0,0,0,0,21045
Luis Gil,NYY,1,0,0,0,0,0,0,0,0,0,0,0,0,0,0,0,0,0,0,0,21052
Dauri Moreta,CIN,15,0,0,0,0,0,0,0,0,0,0,0,0,0,0,0,0,0,0,0,21101
Miguel Yajure,PIT,6,0,0,0,0,0,0,0,0,0,0,0,0,0,0,0,0,0,0,0,21111
Alexis Diaz,CIN,17,0,0,0,0,0,0,0,0,0,0,0,0,0,0,0,0,0,0,0,21132
Dany Jimenez,OAK,15,0,0,0,0,0,0,0,0,0,0,0,0,0,0,0,0,0,0,0,21170
Humberto Castellanos,ARI,8,0,0,0,0,0,0,0,0,0,0,0,0,0,0,0,0,0,0,0,21183
Connor Brogdon,PHI,6,0,0,0,0,0,0,0,0,0,0,0,0,0,0,0,0,0,0,0,21205
Bailey Ober,MIN,4,0,0,0,0,0,0,0,0,0,0,0,0,0,0,0,0,0,0,0,21224
Lucas Gilbreath,COL,8,0,0,0,0,0,0,0,0,0,0,0,0,0,0,0,0,0,0,0,21290
Tylor Megill,NYM,7,0,0,0,0,0,0,0,0,0,0,0,0,0,0,0,0,0,0,0,21318
Parker Mushinski,HOU,5,0,0,0,0,0,0,0,0,0,0,0,0,0,0,0,0,0,0,0,21324
Bennett Sousa,CHW,16,0,0,0,0,0,0,0,0,0,0,0,0,0,0,0,0,0,0,0,21345
Glenn Otto,TEX,5,0,0,0,0,0,0,0,0,0,0,0,0,0,0,0,0,0,0,0,21366
Joe Ryan,MIN,7,0,0,0,0,0,0,0,0,0,0,0,0,0,0,0,0,0,0,0,21390
Ryan Feltner,COL,1,0,0,0,0,0,0,0,0,0,0,0,0,0,0,0,0,0,0,0,21446
Davis Martin,CHW,1,0,0,0,0,0,0,0,0,0,0,0,0,0,0,0,0,0,0,0,21448
Konnor Pilkington,CLE,4,0,0,0,0,0,0,0,0,0,0,0,0,0,0,0,0,0,0,0,21453
Kris Bubic,KCR,6,0,0,0,0,0,0,0,0,0,0,0,0,0,0,0,0,0,0,0,21455
Cole Sands,MIN,2,0,0,0,0,0,0,0,0,0,0,0,0,0,0,0,0,0,0,0,21461
Sean Hjelle,SFG,1,0,0,0,0,0,0,0,0,0,0,0,0,0,0,0,0,0,0,0,21481
Shane McClanahan,TBR,8,0,0,0,0,0,0,0,0,0,0,0,0,0,0,0,0,0,0,0,21483
Daniel Lynch,KCR,6,0,0,0,0,0,0,0,0,0,0,0,0,0,0,0,0,0,0,0,21537
Jackson Kowar,KCR,1,0,0,0,0,0,0,0,0,0,0,0,0,0,0,0,0,0,0,0,21549
Jake Cousins,MIL,8,0,0,0,0,0,0,0,0,0,0,0,0,0,0,0,0,0,0,0,21620
Elvis Peguero,LAA,2,0,0,0,0,0,0,0,0,0,0,0,0,0,0,0,0,0,0,0,21652
Kervin Castro,SFG,2,0,0,0,0,0,0,0,0,0,0,0,0,0,0,0,0,0,0,0,21656
Sebastian Rivero,KCR,2,4,5,0,0,0,0,0,0,0,1,0,1,0,0,0,0,0,0,0,21735
Mason Thompson,WSN,2,0,0,0,0,0,0,0,0,0,0,0,0,0,0,0,0,0,0,0,21850
Gregory Santos,SFG,1,0,0,0,0,0,0,0,0,0,0,0,0,0,0,0,0,0,0,0,21894
Camilo Doval,SFG,15,0,0,0,0,0,0,0,0,0,0,0,0,0,0,0,0,0,0,0,21992
Luis Frias,ARI,2,0,0,0,0,0,0,0,0,0,0,0,0,0,0,0,0,0,0,0,21997
John King,TEX,17,0,0,0,0,0,0,0,0,0,0,0,0,0,0,0,0,0,0,0,22051
Aaron Fletcher,PIT,8,0,0,0,0,0,0,0,0,0,0,0,0,0,0,0,0,0,0,0,22052
Max Kranick,PIT,2,0,0,0,0,0,0,0,0,0,0,0,0,0,0,0,0,0,0,0,22175
Hunter Greene,CIN,7,0,0,0,0,0,0,0,0,0,0,0,0,0,0,0,0,0,0,0,22182
MacKenzie Gore,SDP,6,0,0,0,0,0,0,0,0,0,0,0,0,0,0,0,0,0,0,0,22201
Jon Heasley,KCR,2,0,0,0,0,0,0,0,0,0,0,0,0,0,0,0,0,0,0,0,22224
Logan Gilbert,SEA,8,0,0,0,0,0,0,0,0,0,0,0,0,0,0,0,0,0,0,0,22250
Joe Perez,HOU,1,1,1,0,0,0,0,0,0,0,0,0,1,0,0,0,0,0,0,0,22254
Tarik Skubal,DET,7,0,0,0,0,0,0,0,0,0,0,0,0,0,0,0,0,0,0,0,22267
Dylan Coleman,KCR,16,0,0,0,0,0,0,0,0,0,0,0,0,0,0,0,0,0,0,0,22276
Trevor Rogers,MIA,7,0,0,0,0,0,0,0,0,0,0,0,0,0,0,0,0,0,0,0,22286
Joe Barlow,TEX,13,0,0,0,0,0,0,0,0,0,0,0,0,0,0,0,0,0,0,0,22296
Angel De Jesus,DET,1,0,0,0,0,0,0,0,0,0,0,0,0,0,0,0,0,0,0,0,22323
Colin Holderman,NYM,3,0,0,0,0,0,0,0,0,0,0,0,0,0,0,0,0,0,0,0,22361
Logan Gillaspie,BAL,1,0,0,0,0,0,0,0,0,0,0,0,0,0,0,0,0,0,0,0,22461
Carlos Hernandez,KCR,7,0,0,0,0,0,0,0,0,0,0,0,0,0,0,0,0,0,0,0,22713
Roansy Contreras,PIT,3,0,0,0,0,0,0,0,0,0,0,0,0,0,0,0,0,0,0,0,22810
Luis Patino,TBR,1,0,0,0,0,0,0,0,0,0,0,0,0,0,0,0,0,0,0,0,22815
Francisco Morales,PHI,2,0,0,0,0,0,0,0,0,0,0,0,0,0,0,0,0,0,0,0,22913
Joan Adon,WSN,8,0,0,0,0,0,0,0,0,0,0,0,0,0,0,0,0,0,0,0,22925
Michael Grove,LAD,1,0,0,0,0,0,0,0,0,0,0,0,0,0,0,0,0,0,0,0,23221
Spencer Howard,TEX,3,0,0,0,0,0,0,0,0,0,0,0,0,0,0,0,0,0,0,0,23252
Packy Naughton,STL,6,0,0,0,0,0,0,0,0,0,0,0,0,0,0,0,0,0,0,0,23292
Collin Snider,KCR,18,0,0,0,0,0,0,0,0,0,0,0,0,0,0,0,0,0,0,0,23307
Damon Jones,PHI,4,0,0,0,0,0,0,0,0,0,0,0,0,0,0,0,0,0,0,0,23310
Beau Sulser,PIT,4,0,0,0,0,0,0,0,0,0,0,0,0,0,0,0,0,0,0,0,23420
Jared Solomon,CIN,2,0,0,0,0,0,0,0,0,0,0,0,0,0,0,0,0,0,0,0,23425
JP Sears,NYY,2,0,0,0,0,0,0,0,0,0,0,0,0,0,0,0,0,0,0,0,23429
Brandon Hughes,CHC,2,0,0,0,0,0,0,0,0,0,0,0,0,0,0,0,0,0,0,0,23460
Tommy Romero,TBR,2,0,0,0,0,0,0,0,0,0,0,0,0,0,0,0,0,0,0,0,23465
Ron Marinaccio,NYY,4,0,0,0,0,0,0,0,0,0,0,0,0,0,0,0,0,0,0,0,23488
Nicklaus Snyder,TEX,2,0,0,0,0,0,0,0,0,0,0,0,0,0,0,0,0,0,0,0,23493
Aaron Ashby,MIL,8,0,0,0,0,0,0,0,0,0,0,0,0,0,0,0,0,0,0,0,23550
Luis Garcia,HOU,7,0,0,0,0,0,0,0,0,0,0,0,0,0,0,0,0,0,0,0,23735
Justin Bruihl,LAD,10,0,0,0,0,0,0,0,0,0,0,0,0,0,0,0,0,0,0,0,23779
Ray Kerr,SDP,3,0,0,0,0,0,0,0,0,0,0,0,0,0,0,0,0,0,0,0,23809
Josiah Gray,WSN,8,0,0,0,0,0,0,0,0,0,0,0,0,0,0,0,0,0,0,0,24580
Kyle Bradish,BAL,4,0,0,0,0,0,0,0,0,0,0,0,0,0,0,0,0,0,0,0,24586
Josh Winder,MIN,7,0,0,0,0,0,0,0,0,0,0,0,0,0,0,0,0,0,0,0,24606
Ethan Roberts,CHC,9,0,0,0,0,0,0,0,0,0,0,0,0,0,0,0,0,0,0,0,24930
Andrew Wantz,LAA,3,0,0,0,0,0,0,0,0,0,0,0,0,0,0,0,0,0,0,0,24933
Austin Warren,LAA,7,0,0,0,0,0,0,0,0,0,0,0,0,0,0,0,0,0,0,0,24937
Alex Vesia,LAD,13,0,0,0,0,0,0,0,0,0,0,0,0,0,0,0,0,0,0,0,25007
William Woods,ATL,2,0,0,0,0,0,0,0,0,0,0,0,0,0,0,0,0,0,0,0,25075
Cam Alldred,PIT,1,0,0,0,0,0,0,0,0,0,0,0,0,0,0,0,0,0,0,0,25078
Penn Murfee,SEA,9,0,0,0,0,0,0,0,0,0,0,0,0,0,0,0,0,0,0,0,25174
Brady Singer,KCR,4,0,0,0,0,0,0,0,0,0,0,0,0,0,0,0,0,0,0,0,25377
Sammy Long,SFG,9,0,0,0,0,0,0,0,0,0,0,0,0,0,0,0,0,0,0,0,25379
Drew Rasmussen,TBR,8,0,0,0,0,0,0,0,0,0,0,0,0,0,0,0,0,0,0,0,25385
George Kirby,SEA,3,0,0,0,0,0,0,0,0,0,0,0,0,0,0,0,0,0,0,0,25436
Matt Brash,SEA,5,0,0,0,0,0,0,0,0,0,0,0,0,0,0,0,0,0,0,0,25756
Yennier Cano,MIN,3,0,0,0,0,0,0,0,0,0,0,0,0,0,0,0,0,0,0,0,25911
Beau Brieske,DET,5,0,0,0,0,0,0,0,0,0,0,0,0,0,0,0,0,0,0,0,26079
Neil Pallante,STL,13,0,0,0,0,0,0,0,0,0,0,0,0,0,0,0,0,0,0,0,26108
Ryan Pepiot,LAD,2,0,0,0,0,0,0,0,0,0,0,0,0,0,0,0,0,0,0,0,26221
Tyler Holton,ARI,1,0,0,0,0,0,0,0,0,0,0,0,0,0,0,0,0,0,0,0,26231
Nick Lodolo,CIN,3,0,0,0,0,0,0,0,0,0,0,0,0,0,0,0,0,0,0,0,26378
Alek Manoah,TOR,7,0,0,0,0,0,0,0,0,0,0,0,0,0,0,0,0,0,0,0,26410
Reid Detmers,LAA,7,0,0,0,0,0,0,0,0,0,0,0,0,0,0,0,0,0,0,0,27468
Spencer Strider,ATL,9,0,0,0,0,0,0,0,0,0,0,0,0,0,0,0,0,0,0,0,27498
Hirokazu Sawamura,BOS,15,0,0,0,0,0,0,0,0,0,0,0,0,0,0,0,0,0,0,0,27515
Bryce Elder,ATL,4,0,0,0,0,0,0,0,0,0,0,0,0,0,0,0,0,0,0,0,27779
Chase Silseth,LAA,1,0,0,0,0,0,0,0,0,0,0,0,0,0,0,0,0,0,0,0,30074
Robert Suarez,SDP,14,0,0,0,0,0,0,0,0,0,0,0,0,0,0,0,0,0,0,0,30115
