Name,Team,GS,G,IP,W,L,SV,HLD,H,ER,HR,SO,BB,WHIP,K/9,BB/9,ERA,FIP,-1,WAR,RA9-WAR,playerid
Gerrit Cole,NYY,23,23,139,12,5,,,109,46,16,186,36,1.05,12.07,2.36,2.95,2.76,,3.9,3.1,13125
Zack Wheeler,PHI,23,23,144,11,5,,,127,52,12,151,35,1.13,9.45,2.18,3.25,2.94,,3.6,3.5,10310
Corbin Burnes,MIL,21,21,125,8,3,,,97,41,12,163,35,1.06,11.73,2.53,2.98,2.77,,3.1,3.4,19361
Walker Buehler,LAD,25,25,148,10,4,,,122,54,17,154,36,1.07,9.4,2.2,3.26,3.31,,2.9,3.2,19374
Kevin Gausman,TOR,23,23,132,10,5,,,115,48,15,143,28,1.08,9.72,1.88,3.28,3.1,,2.9,2.7,14107
Max Scherzer,NYM,22,22,130,10,5,,,101,45,18,175,33,1.02,12.08,2.25,3.1,3.09,,2.8,2.9,3137
Aaron Nola,PHI,25,25,142,9,6,,,121,56,19,168,38,1.12,10.64,2.38,3.54,3.42,,2.7,2.8,16149
Lucas Giolito,CHW,22,22,129,9,6,,,102,50,18,163,41,1.11,11.37,2.88,3.5,3.4,,2.7,2,15474
Brandon Woodruff,MIL,21,22,119,9,5,,,98,43,13,143,32,1.08,10.76,2.4,3.26,3.05,,2.6,2.8,16162
Max Fried,ATL,21,21,127,12,5,,,113,45,12,122,28,1.11,8.7,1.97,3.22,3.16,,2.6,3.2,13743
Shane Bieber,CLE,19,19,113,7,4,,,99,41,13,140,28,1.13,11.16,2.26,3.31,3.01,,2.5,2.1,19427
Dylan Cease,CHW,25,25,127,9,6,,,105,52,15,165,58,1.28,11.72,4.1,3.71,3.48,,2.5,1.5,18525
Logan Webb,SFG,21,22,117,8,4,,,108,41,8,115,31,1.18,8.84,2.36,3.18,2.91,,2.4,2.6,17995
Freddy Peralta,MIL,20,26,110,8,4,,,80,42,12,152,46,1.14,12.4,3.71,3.43,3.2,,2.4,2.2,18679
Sandy Alcantara,MIA,25,25,151,10,7,,,133,60,14,149,48,1.2,8.85,2.86,3.58,3.43,,2.3,2.5,18684
Eduardo Rodriguez,DET,23,23,123,9,7,,,116,50,13,129,40,1.28,9.45,2.95,3.68,3.43,,2.3,1.7,13164
Joe Musgrove,SDP,23,24,133,9,6,,,115,51,16,147,33,1.12,9.93,2.23,3.46,3.44,,2.2,2.5,12970
Carlos Rodón,SFG,17,17,92,9,4,,,73,32,8,119,32,1.14,11.61,3.13,3.17,2.9,,2.2,2.1,16137
Luis Castillo,CIN,21,21,123,9,6,,,111,51,13,132,46,1.27,9.69,3.34,3.71,3.55,,2.1,2.4,15689
Julio Urías,LAD,23,25,127,10,5,,,113,50,17,126,28,1.12,8.97,2.01,3.58,3.59,,2.1,2.2,14765
Tyler Mahle,CIN,26,26,131,8,7,,,123,60,17,146,50,1.32,10.01,3.44,4.11,3.8,,2.1,1.9,16358
Justin Verlander,HOU,18,18,114,10,5,,,89,42,19,136,23,0.98,10.73,1.82,3.33,3.63,,2.1,1.9,8700
Frankie Montas,OAK,23,23,130,10,6,,,119,52,17,143,38,1.2,9.92,2.63,3.6,3.55,,2,1.5,14309
Robbie Ray,SEA,22,22,130,8,6,,,103,52,21,164,41,1.11,11.39,2.87,3.61,3.68,,1.9,1.4,11486
Germán Márquez,COL,23,23,133,8,8,,,134,65,17,132,41,1.32,8.93,2.78,4.4,3.82,,1.9,2,15038
Clayton Kershaw,LAD,18,18,100,9,4,,,85,36,14,112,19,1.05,10.11,1.74,3.26,3.34,,1.9,2.2,2036
Shohei Ohtani,LAA,17,17,89,5,3,,,73,34,10,109,31,1.16,11.01,3.13,3.44,3.28,,1.9,1.4,19755
Charlie Morton,ATL,23,23,124,9,5,,,106,50,13,137,45,1.22,9.96,3.29,3.62,3.57,,1.8,2.4,4676
Noah Syndergaard,LAA,18,18,102,6,5,,,103,45,12,96,26,1.26,8.41,2.29,3.97,3.69,,1.8,0.9,11762
Trevor Rogers,MIA,22,22,109,8,6,,,95,43,11,124,39,1.23,10.27,3.21,3.54,3.37,,1.7,1.9,22286
Jordan Montgomery,NYY,21,21,110,5,4,,,107,47,15,112,29,1.24,9.16,2.4,3.88,3.72,,1.7,1,16511
Pablo López,MIA,19,19,96,6,5,,,87,37,10,98,24,1.16,9.21,2.24,3.5,3.27,,1.7,1.8,17085
Nathan Eovaldi,BOS,21,23,119,7,6,,,122,57,18,129,28,1.25,9.69,2.07,4.3,3.76,,1.7,0.8,9132
José Berríos,TOR,24,24,141,9,7,,,132,63,20,138,38,1.2,8.84,2.4,4.04,3.96,,1.6,1.4,14168
Sean Manaea,SDP,22,22,122,8,6,,,115,51,18,129,30,1.2,9.55,2.25,3.77,3.74,,1.6,1.8,15873
Marcus Stroman,CHC,23,23,127,10,7,,,124,53,15,111,34,1.25,7.91,2.45,3.74,3.76,,1.6,2.2,13431
Sonny Gray,MIN,20,20,102,7,5,,,85,41,11,108,40,1.23,9.55,3.56,3.62,3.63,,1.6,1.3,12768
Zack Greinke,KCR,22,22,126,6,6,,,133,58,15,89,23,1.24,6.33,1.65,4.13,3.84,,1.6,1,1943
Alek Manoah,TOR,18,18,97,7,4,,,80,38,11,110,33,1.16,10.23,3.07,3.49,3.65,,1.5,1.6,26410
Yu Darvish,SDP,21,21,116,7,6,,,103,50,16,124,34,1.19,9.68,2.65,3.88,3.75,,1.5,1.5,13074
Antonio Senzatela,COL,22,22,116,6,6,,,132,58,12,81,31,1.4,6.3,2.4,4.47,4.01,,1.5,1.6,15488
Luis Garcia,HOU,21,23,112,8,6,,,102,50,16,123,37,1.25,9.9,3,4.01,3.88,,1.5,0.8,23735
Tarik Skubal,DET,22,24,116,8,8,,,108,51,17,126,36,1.24,9.8,2.79,3.99,3.91,,1.5,1,22267
Jameson Taillon,NYY,20,20,103,6,5,,,100,48,15,97,26,1.23,8.44,2.28,4.21,4,,1.5,0.6,11674
Zach Eflin,PHI,17,18,95,7,5,,,98,42,12,84,22,1.26,7.9,2.08,3.93,3.81,,1.4,1.4,13774
Mike Clevinger,SDP,14,14,80,6,3,,,67,31,10,88,27,1.17,9.88,3,3.47,3.52,,1.4,1.5,12808
Shane McClanahan,TBR,20,21,103,8,5,,,93,43,15,124,32,1.21,10.85,2.81,3.71,3.56,,1.4,1,21483
Nick Martinez,SDP,17,17,98,6,5,,,91,44,11,98,35,1.29,9,3.23,4.06,3.73,,1.3,1,12730
Luis Severino,NYY,14,15,79,6,4,,,73,33,10,87,23,1.21,9.84,2.6,3.78,3.56,,1.3,0.9,15890
Zac Gallen,ARI,19,19,103,7,5,,,92,44,13,113,35,1.23,9.89,3.06,3.8,3.79,,1.3,1.8,19291
Ian Anderson,ATL,22,22,107,7,5,,,95,47,12,109,48,1.33,9.17,4.06,3.97,3.93,,1.3,1.6,19951
Patrick Corbin,WSN,22,22,127,9,8,,,130,60,18,122,42,1.35,8.63,2.96,4.25,4.07,,1.2,1.4,9323
Hyun Jin Ryu,TOR,19,19,104,8,6,,,105,45,15,88,21,1.21,7.55,1.82,3.88,3.87,,1.2,1.2,14444
Framber Valdez,HOU,18,19,107,8,5,,,99,46,10,99,46,1.35,8.32,3.84,3.88,3.89,,1.2,1,17295
Joe Ryan,MIN,16,17,80,5,5,,,70,36,11,83,22,1.16,9.4,2.49,4.05,3.83,,1.2,0.6,21390
Alex Wood,SFG,19,20,100,6,5,,,94,42,12,105,28,1.22,9.45,2.52,3.75,3.63,,1.2,1.5,13781
Logan Gilbert,SEA,21,21,101,6,5,,,93,45,15,109,30,1.22,9.66,2.68,3.99,3.91,,1.2,0.6,22250
Jon Gray,TEX,21,21,106,7,7,,,100,49,14,113,42,1.34,9.58,3.58,4.18,3.95,,1.2,0.6,14916
Chris Paddack,MIN,18,19,93,6,5,,,92,42,14,89,19,1.19,8.61,1.84,4.08,3.84,,1.1,0.7,20099
Chris Bassitt,NYM,20,20,110,7,5,,,99,47,14,109,33,1.2,8.9,2.68,3.8,3.94,,1.1,1.3,12304
Anthony DeSclafani,SFG,21,21,107,7,6,,,102,49,14,99,28,1.22,8.3,2.36,4.1,3.83,,1.1,1.1,13050
Michael Kopech,CHW,9,26,65,3,2,,,53,26,7,83,32,1.31,11.51,4.38,3.62,3.46,,1.1,0.7,17282
Aaron Ashby,MIL,14,29,86,7,5,,,73,36,9,105,42,1.33,10.91,4.39,3.76,3.62,,1.1,1.3,23550
Patrick Sandoval,LAA,14,17,79,5,4,,,70,35,10,88,34,1.32,10.09,3.91,3.95,3.85,,1.1,0.7,19447
Blake Snell,SDP,17,17,82,5,4,,,66,35,11,104,37,1.27,11.52,4.13,3.81,3.71,,1.1,1.1,13543
John Means,BAL,18,18,99,6,7,,,94,47,19,89,23,1.19,8.09,2.09,4.32,4.57,,1,0.6,16269
Kyle Freeland,COL,20,20,108,6,7,,,119,57,14,86,38,1.46,7.14,3.16,4.77,4.44,,1,1.2,16256
Ryan Yarbrough,TBR,13,20,100,6,5,,,101,46,12,79,23,1.24,7.08,2.06,4.14,4,,1,0.3,16502
Josh Hader,MIL,0,45,46,4,1,,,24,11,5,79,18,0.93,15.53,3.54,2.21,2.25,,1,1.2,14212
Emmanuel Clase,CLE,0,56,54,6,2,,,43,15,3,62,15,1.08,10.41,2.51,2.57,2.43,,1,0.9,21032
Carlos Carrasco,NYM,13,14,70,5,4,,,68,30,9,71,18,1.22,9.1,2.29,3.84,3.61,,1,0.8,6632
Miles Mikolas,STL,18,18,95,6,5,,,96,41,11,71,19,1.21,6.72,1.77,3.86,3.92,,1,1.3,9803
Dane Dunning,TEX,19,20,92,5,5,,,94,45,11,88,33,1.38,8.52,3.2,4.33,3.96,,1,0.4,19409
Triston McKenzie,CLE,21,23,104,6,7,,,89,51,17,119,42,1.26,10.3,3.63,4.42,4.27,,1,0.3,18000
José Urquidy,HOU,19,20,98,5,5,,,97,48,16,83,21,1.2,7.65,1.9,4.43,4.29,,1,0.2,18413
Cal Quantrill,CLE,22,22,123,7,8,,,126,59,16,101,39,1.34,7.39,2.82,4.32,4.29,,1,0.6,19312
Brady Singer,KCR,20,21,98,6,6,,,100,46,12,95,36,1.39,8.76,3.27,4.23,4,,1,0.7,25377
Nestor Cortes,NYY,13,21,81,3,3,,,76,37,14,91,24,1.23,10.1,2.68,4.07,4.03,,1,0.5,17874
Kyle Wright,ATL,20,21,109,7,6,,,106,52,13,106,41,1.35,8.67,3.41,4.29,4.06,,1,1.1,19665
Wade Miley,CHC,18,18,99,6,5,,,100,44,11,74,34,1.35,6.77,3.06,4.01,4.09,,1,1.4,8779
Michael King,NYY,7,20,62,4,3,,,56,25,8,67,17,1.18,9.79,2.47,3.67,3.52,,1,0.7,19853
Nick Pivetta,BOS,21,25,113,6,8,,,109,61,17,116,45,1.36,9.25,3.55,4.86,4.33,,1,0,15454
Corey Kluber,TBR,15,15,78,5,3,,,74,33,10,77,21,1.22,8.91,2.43,3.78,3.79,,0.9,0.6,2429
Ranger Suárez,PHI,11,29,84,6,5,,,78,38,9,75,28,1.28,8.12,3.06,4.06,3.84,,0.9,0.9,17277
Jake Odorizzi,HOU,19,20,90,7,6,,,86,41,13,84,30,1.29,8.4,3.01,4.12,4.16,,0.9,0.5,6397
Andrew Heaney,LAD,16,19,89,6,5,,,84,41,16,104,23,1.2,10.48,2.35,4.12,4.03,,0.9,0.9,15423
Kyle Gibson,PHI,21,21,118,6,7,,,117,60,16,103,43,1.36,7.89,3.32,4.55,4.37,,0.9,0.8,10123
Kyle Hendricks,CHC,22,22,125,7,8,,,133,60,19,95,29,1.29,6.86,2.09,4.33,4.4,,0.9,1.2,12049
Devin Williams,MIL,0,44,44,6,2,,,27,12,3,73,23,1.16,15.1,4.73,2.52,2.47,,0.9,1,15816
Adam Wainwright,STL,21,21,124,9,8,,,120,57,16,101,38,1.27,7.33,2.74,4.1,4.15,,0.9,1.2,2233
Liam Hendriks,CHW,0,49,51,5,2,,,39,17,7,75,12,1,13.23,2.16,2.96,2.81,,0.9,0.6,3548
Drew Rasmussen,TBR,11,29,70,4,3,,,61,29,7,76,25,1.23,9.7,3.25,3.69,3.49,,0.8,0.5,25385
Bailey Ober,MIN,16,16,75,3,3,,,75,35,12,72,17,1.24,8.65,2.1,4.24,4.09,,0.8,0.5,21224
Alex Cobb,SFG,13,13,70,5,4,,,67,31,8,67,22,1.28,8.67,2.87,3.99,3.63,,0.8,0.8,6562
Merrill Kelly,ARI,19,19,110,6,7,,,114,55,16,91,34,1.35,7.5,2.77,4.52,4.29,,0.8,0.9,11156
Adrian Houser,MIL,19,22,100,7,6,,,98,47,10,79,41,1.39,7.13,3.71,4.26,4.22,,0.8,1,12718
Steven Matz,STL,22,23,113,8,7,,,114,53,17,106,34,1.31,8.45,2.7,4.21,4.19,,0.8,1,13361
Casey Mize,DET,21,21,101,5,6,,,99,48,14,81,30,1.27,7.2,2.64,4.27,4.29,,0.8,0.5,20492
Taylor Rogers,SDP,0,38,40,3,1,,,31,10,3,51,9,1.01,11.57,2.13,2.21,2.31,,0.8,1,13449
Adrian Martinez,OAK,13,18,73,4,4,,,75,34,8,58,25,1.37,7.11,3.09,4.21,4.11,,0.8,0.2,21023
Luis Gil,NYY,16,18,72,3,3,,,64,36,10,85,38,1.41,10.61,4.75,4.52,4.34,,0.8,0,21052
Eric Lauer,MIL,18,21,98,5,6,,,93,49,16,106,34,1.29,9.74,3.1,4.47,4.24,,0.8,0.8,19316
A.J. Minter,ATL,0,50,44,4,2,,,36,15,3,58,16,1.17,11.86,3.18,3.06,2.61,,0.8,0.7,18655
Daulton Jefferies,OAK,14,18,76,4,4,,,80,35,10,58,14,1.22,6.87,1.64,4.1,3.9,,0.7,0.3,19345
Garrett Whitlock,BOS,6,28,63,5,3,,,59,28,7,68,21,1.27,9.7,3.01,3.95,3.57,,0.7,0.5,20191
Cristian Javier,HOU,7,27,74,3,2,,,56,32,10,97,34,1.21,11.76,4.12,3.92,3.85,,0.7,0.4,17606
Yusei Kikuchi,TOR,22,22,110,5,7,,,113,59,16,107,42,1.41,8.78,3.46,4.8,4.32,,0.7,0.1,20633
Raisel Iglesias,LAA,0,46,47,6,3,,,37,16,7,67,12,1.05,12.82,2.32,3.11,2.94,,0.7,0.5,17130
Chad Green,NYY,2,47,55,6,4,,,45,22,8,70,16,1.11,11.48,2.63,3.53,3.46,,0.7,0.3,15552
Brad Keller,KCR,21,21,114,7,9,,,119,57,14,90,45,1.43,7.1,3.52,4.51,4.35,,0.7,0.4,15734
Dylan Bundy,MIN,18,19,89,6,6,,,88,46,14,88,29,1.32,8.83,2.97,4.58,4.32,,0.7,0,12917
Tylor Megill,NYM,19,20,91,5,6,,,87,43,15,101,32,1.3,9.97,3.13,4.26,4.14,,0.7,0.6,21318
José Quintana,PIT,15,22,84,4,5,,,87,43,11,81,33,1.42,8.61,3.48,4.55,4.07,,0.7,0.4,11423
Kenley Jansen,ATL,0,49,47,4,2,,,34,16,5,65,16,1.07,12.51,3.15,3.02,2.96,,0.7,0.8,3096
Spencer Strider,ATL,14,21,71,4,3,,,65,33,9,77,30,1.34,9.81,3.78,4.17,4,,0.7,0.8,27498
JT Brubaker,PIT,18,19,93,5,7,,,91,47,14,95,36,1.36,9.18,3.45,4.55,4.28,,0.7,0.6,17578
Brock Burke,TEX,14,20,65,3,4,,,65,32,9,64,23,1.35,8.95,3.19,4.44,4.12,,0.7,0.1,17968
Nick Lodolo,CIN,11,11,45,2,2,,,43,21,7,48,14,1.26,9.71,2.75,4.14,3.97,,0.6,0.7,26378
Tanner Houck,BOS,15,22,77,5,5,,,74,39,10,82,31,1.36,9.59,3.61,4.59,4.08,,0.6,0.2,19879
Roansy Contreras,PIT,11,12,50,3,3,,,50,24,6,49,17,1.33,8.78,3.1,4.22,4.03,,0.6,0.4,22810
Giovanny Gallegos,STL,0,50,53,5,2,,,41,19,6,65,15,1.05,10.94,2.54,3.23,3.06,,0.6,0.6,14986
Michael Pineda,DET,16,17,81,5,7,,,86,40,13,64,16,1.27,7.12,1.81,4.49,4.29,,0.6,0.2,5372
Paul Blackburn,OAK,18,19,96,5,6,,,104,48,13,70,25,1.35,6.55,2.38,4.53,4.27,,0.6,0,14739
Jeffrey Springs,TBR,2,32,42,4,2,,,35,15,4,55,15,1.18,11.67,3.1,3.3,2.94,,0.6,0.3,17677
Edwin Díaz,NYM,0,49,47,4,2,,,33,15,6,77,19,1.1,14.77,3.63,2.92,2.89,,0.6,0.6,14710
Josh Winder,MIN,13,15,71,3,3,,,74,37,10,60,23,1.36,7.58,2.86,4.66,4.42,,0.6,0,24606
Andrew Kittredge,TBR,3,43,53,5,3,,,49,21,6,57,10,1.11,9.68,1.63,3.48,3.19,,0.6,0.3,12828
Zach Logue,OAK,16,17,83,5,6,,,86,43,13,72,25,1.33,7.8,2.73,4.59,4.45,,0.6,-0.1,20231
Chris Flexen,SEA,21,23,120,7,8,,,127,60,18,92,33,1.33,6.9,2.46,4.51,4.45,,0.6,0,13896
Jonathan Loáisiga,NYY,3,38,50,5,3,,,45,21,5,55,18,1.25,9.91,3.21,3.74,3.52,,0.6,0.2,19753
Ryan Pressly,HOU,0,42,40,4,1,,,33,13,4,50,10,1.08,11.33,2.26,2.9,2.81,,0.6,0.5,7005
Austin Gomber,COL,17,19,86,6,7,,,88,47,15,86,31,1.39,8.95,3.29,4.9,4.54,,0.5,0.8,16561
Huascar Ynoa,ATL,14,16,72,4,3,,,67,34,11,78,27,1.31,9.86,3.4,4.29,4.14,,0.5,0.8,20468
Tommy Romero,TBR,15,17,71,4,4,,,67,35,11,74,26,1.3,9.39,3.27,4.4,4.32,,0.5,0,23465
Blake Treinen,LAD,0,44,43,5,2,,,35,15,4,50,15,1.16,10.53,3.2,3.26,3.07,,0.5,0.5,12572
Max Kranick,PIT,17,18,75,4,6,,,82,40,10,60,27,1.45,7.21,3.27,4.78,4.52,,0.5,0.3,22175
Martín Pérez,TEX,18,25,95,5,7,,,103,50,12,75,36,1.46,7.06,3.38,4.68,4.42,,0.5,-0.2,6902
Reid Detmers,LAA,17,17,70,4,5,,,70,36,11,74,27,1.39,9.6,3.48,4.62,4.41,,0.5,0.1,27468
David Bednar,PIT,0,46,49,2,1,,,39,19,6,63,17,1.15,11.66,3.07,3.43,3.1,,0.5,0.5,19569
Keegan Akin,BAL,13,21,76,4,5,,,81,41,13,70,27,1.42,8.35,3.2,4.84,4.61,,0.5,-0.1,19362
Jackson Kowar,KCR,17,18,82,5,8,,,85,44,11,79,34,1.45,8.76,3.7,4.83,4.35,,0.5,-0.1,21549
Marco Gonzales,SEA,20,20,110,6,8,,,112,58,18,82,32,1.31,6.72,2.62,4.7,4.7,,0.5,-0.4,15467
Matt Manning,DET,18,18,83,4,6,,,89,43,12,63,27,1.41,6.91,2.99,4.65,4.51,,0.5,0.1,20369
Mitch Keller,PIT,22,24,105,6,9,,,115,57,14,98,46,1.54,8.4,3.93,4.85,4.48,,0.5,0.3,17594
Matt Wisler,TBR,5,37,50,4,3,,,47,22,7,57,14,1.21,10.31,2.57,3.91,3.64,,0.5,0,12804
Scott Barlow,KCR,0,52,54,3,3,,,47,23,6,69,22,1.28,11.54,3.71,3.76,3.35,,0.5,0.2,14993
Tyler Anderson,LAD,20,21,109,6,6,,,114,58,22,97,25,1.27,7.98,2.05,4.74,4.69,,0.5,0.2,12880
MacKenzie Gore,SDP,12,12,52,3,3,,,50,25,6,51,23,1.39,8.71,3.9,4.24,4.02,,0.5,0.4,22201
Taijuan Walker,NYM,18,19,94,5,6,,,91,47,14,87,33,1.32,8.28,3.18,4.49,4.4,,0.5,0.3,11836
Aroldis Chapman,NYY,0,44,40,4,2,,,26,14,4,65,24,1.25,14.59,5.39,3.19,3.24,,0.5,0.4,10233
Joely Rodríguez,NYM,0,39,37,3,1,,,30,12,3,44,14,1.17,10.55,3.37,2.89,2.92,,0.5,0.5,11487
Bryse Wilson,PIT,18,21,100,5,7,,,109,54,16,76,31,1.4,6.84,2.78,4.82,4.66,,0.5,0.3,19990
Reynaldo López,CHW,16,26,91,6,8,,,88,47,15,84,33,1.34,8.27,3.29,4.65,4.61,,0.5,-0.1,16400
Craig Stammen,SDP,1,45,53,4,3,,,51,21,6,49,10,1.14,8.31,1.65,3.54,3.29,,0.5,0.4,7274
Luis Patiño,TBR,15,19,69,4,4,,,65,35,10,73,28,1.35,9.42,3.65,4.5,4.33,,0.5,-0.2,22815
Aaron Bummer,CHW,0,45,43,3,2,,,34,16,3,53,21,1.27,11,4.33,3.28,3.23,,0.5,0.3,16258
Cody Stashak,MIN,1,26,37,2,2,,,35,16,5,43,10,1.2,10.43,2.36,3.9,3.43,,0.5,0,18088
Josiah Gray,WSN,15,17,78,4,4,,,74,42,15,89,31,1.34,10.29,3.58,4.79,4.69,,0.5,0.4,24580
Dallas Keuchel,CHW,20,21,108,6,7,,,116,55,15,76,39,1.44,6.31,3.27,4.6,4.71,,0.5,0.1,9434
Devin Smeltzer,MIN,11,17,68,3,4,,,72,36,10,53,19,1.34,6.96,2.55,4.77,4.55,,0.5,-0.1,19487
Seth Lugo,NYM,8,30,66,4,3,,,58,28,11,74,18,1.15,10.1,2.41,3.88,3.87,,0.4,0.5,12447
Matt Strahm,BOS,5,30,49,4,3,,,50,23,6,47,11,1.24,8.55,2.04,4.1,3.65,,0.4,0.1,13799
Jakob Junis,SFG,16,20,84,5,5,,,86,43,14,81,25,1.33,8.75,2.69,4.59,4.34,,0.4,0.4,13619
Glenn Otto,TEX,16,17,79,4,7,,,81,44,11,77,40,1.54,8.79,4.58,5.02,4.6,,0.4,-0.4,21366
Collin McHugh,ATL,4,30,46,3,2,,,39,19,6,53,14,1.16,10.39,2.69,3.8,3.62,,0.4,0.5,7531
David Peterson,NYM,14,14,65,3,3,,,62,31,7,59,27,1.36,8.18,3.69,4.22,4.16,,0.4,0.5,20302
Kyle Bradish,BAL,16,18,76,3,6,,,76,42,12,78,35,1.47,9.29,4.18,5,4.7,,0.4,-0.2,24586
Zach Plesac,CLE,22,22,117,6,8,,,120,61,19,91,32,1.3,6.99,2.48,4.7,4.63,,0.4,-0.1,19979
Clay Holmes,NYY,2,47,58,5,4,,,49,24,5,65,29,1.35,10.03,4.51,3.79,3.63,,0.4,0.1,13649
Ross Stripling,TOR,15,21,76,4,5,,,79,40,13,69,22,1.34,8.17,2.65,4.74,4.48,,0.4,0.1,13273
Brooks Raley,TBR,0,46,45,3,1,,,39,16,3,49,19,1.27,9.87,3.72,3.22,3.11,,0.4,0.4,10061
Kutter Crawford,BOS,14,18,69,4,6,,,72,39,10,70,32,1.51,9.12,4.16,5.13,4.5,,0.4,-0.3,20531
Michael Wacha,BOS,17,20,84,3,4,,,95,49,14,74,27,1.47,8.01,2.96,5.24,4.56,,0.4,-0.4,14078
Drew Smyly,CHC,17,21,92,5,6,,,96,49,17,86,29,1.36,8.44,2.8,4.81,4.58,,0.4,0.4,11760
David Price,LAD,9,22,58,3,2,,,57,26,9,57,17,1.28,8.97,2.66,4.03,4.18,,0.4,0.6,3184
Mitch White,LAD,10,22,63,3,3,,,60,31,10,63,21,1.3,9.03,3.06,4.38,4.28,,0.4,0.4,19225
Andrew Chafin,DET,0,49,41,2,2,,,35,17,4,42,13,1.18,9.25,2.84,3.65,3.33,,0.4,0.1,12988
Paul Sewald,SEA,1,43,46,5,4,,,38,20,7,63,15,1.15,12.3,2.87,3.89,3.45,,0.4,-0.1,13892
Edwin Uceta,ARI,9,18,54,3,4,,,52,28,7,55,25,1.44,9.27,4.17,4.68,4.3,,0.4,0.3,20539
Trevor Williams,NYM,14,19,83,4,4,,,84,40,13,74,24,1.3,8.05,2.6,4.33,4.27,,0.4,0.4,16977
Aaron Loup,LAA,1,42,35,3,1,,,31,13,3,36,9,1.16,9.32,2.39,3.36,3.26,,0.4,0.3,10343
Jesús Luzardo,MIA,20,25,99,6,9,,,97,50,15,108,44,1.43,9.87,4.02,4.51,4.36,,0.4,0.4,19959
Hunter Greene,CIN,18,18,86,7,10,,,85,48,17,97,36,1.4,10.12,3.78,5.03,4.75,,0.4,0.4,22182
Justin Steele,CHC,13,21,63,4,5,,,60,31,8,64,31,1.43,9.05,4.42,4.36,4.31,,0.4,0.5,17312
Michael Fulmer,DET,7,33,56,4,5,,,56,27,8,53,21,1.38,8.52,3.35,4.38,4.24,,0.4,-0.1,13218
Rich Hill,BOS,19,20,92,4,5,,,93,50,15,78,30,1.34,7.7,2.95,4.87,4.66,,0.4,0,4806
Cristopher Sánchez,PHI,12,20,62,4,4,,,60,32,7,63,32,1.49,9.09,4.69,4.62,4.41,,0.4,0.3,20778
Joel Payamps,KCR,4,31,54,3,4,,,57,27,7,45,15,1.33,7.53,2.52,4.41,3.99,,0.4,-0.1,14332
Corey Knebel,PHI,2,30,28,3,2,,,23,11,3,34,12,1.24,10.92,3.84,3.5,3.28,,0.4,0.3,15010
John Brebbia,SFG,1,37,38,2,1,,,33,14,5,46,13,1.2,10.94,2.95,3.4,3.34,,0.4,0.4,12777
Bruce Zimmermann,BAL,17,17,82,4,6,,,91,47,15,70,30,1.47,7.72,3.29,5.11,4.98,,0.4,-0.4,20370
Chris Stratton,PIT,3,43,65,4,4,,,64,33,8,67,26,1.38,9.21,3.61,4.47,3.86,,0.4,0,13761
Tyler Wells,BAL,6,28,52,3,4,,,51,28,10,53,14,1.23,9.12,2.33,4.85,4.51,,0.4,-0.3,20000
José Suarez,LAA,13,20,78,5,7,,,78,41,12,73,32,1.4,8.38,3.67,4.75,4.62,,0.4,-0.1,19911
Bryce Elder,ATL,19,19,94,6,7,,,96,51,13,84,44,1.48,7.97,4.19,4.84,4.71,,0.4,0.4,27779
Pierce Johnson,SDP,1,42,39,3,2,,,32,16,5,51,18,1.25,11.7,4.04,3.66,3.41,,0.4,0.3,13435
Dinelson Lamet,SDP,8,18,44,3,2,,,39,20,6,54,21,1.35,11.06,4.26,4.12,4.09,,0.3,0.3,17186
Erick Fedde,WSN,19,21,96,5,6,,,101,52,15,84,39,1.45,7.87,3.69,4.87,4.66,,0.3,0.3,17425
Tim Mayza,TOR,0,47,39,3,2,,,34,15,4,42,13,1.21,9.7,3.08,3.51,3.32,,0.3,0.2,15042
Cole Sulser,MIA,1,45,47,4,3,,,39,18,5,55,19,1.24,10.45,3.55,3.51,3.42,,0.3,0.4,15256
Connor Overton,CIN,7,20,50,1,2,,,53,25,7,39,17,1.39,7.03,2.97,4.56,4.36,,0.3,0.3,18376
Penn Murfee,SEA,10,22,59,3,3,,,58,28,8,57,22,1.36,8.73,3.39,4.35,4.2,,0.3,0,25174
Jhonathan Diaz,LAA,12,14,65,4,6,,,68,36,8,55,30,1.5,7.57,4.13,4.92,4.63,,0.3,-0.2,20298
Justin Bruihl,LAD,2,34,39,2,1,,,36,16,4,37,11,1.22,8.6,2.58,3.68,3.74,,0.3,0.4,23779
Kendall Graveman,CHW,0,41,41,2,1,,,36,16,3,42,15,1.24,9.15,3.37,3.41,3.46,,0.3,0.2,15514
Ryan Borucki,TOR,7,23,52,3,3,,,50,26,6,49,24,1.42,8.4,4.2,4.47,4.18,,0.3,0.1,16350
J.P. Feyereisen,TBR,1,42,44,4,3,,,35,18,5,52,21,1.28,10.76,4.3,3.69,3.6,,0.3,0.1,16610
Enyel De Los Santos,CLE,7,28,56,2,3,,,54,28,9,65,24,1.39,10.48,3.89,4.59,4.33,,0.3,-0.1,18403
Jonathan Heasley,KCR,16,18,75,3,6,,,83,42,10,56,30,1.5,6.7,3.57,5.04,4.73,,0.3,-0.3,22224
Cole Irvin,OAK,20,21,112,7,8,,,123,59,18,79,28,1.35,6.37,2.21,4.73,4.64,,0.3,-0.3,19244
Matt Barnes,BOS,1,46,42,5,4,,,34,18,5,56,21,1.32,12.02,4.56,3.94,3.65,,0.3,0.1,12863
George Kirby,SEA,10,10,50,3,3,,,51,24,7,43,14,1.3,7.67,2.49,4.32,4.27,,0.3,0.1,25436
Johnny Cueto,CHW,12,12,65,3,3,,,58,29,11,51,19,1.2,7.05,2.66,4.09,4.75,,0.3,0.5,6893
Héctor Neris,HOU,0,53,50,5,3,,,40,20,7,66,18,1.17,11.75,3.28,3.49,3.55,,0.3,0.2,11804
Lucas Sims,CIN,0,43,40,3,2,,,30,16,5,59,21,1.28,13.43,4.85,3.71,3.7,,0.3,0.4,13470
Reiver Sanmartin,CIN,15,20,80,5,7,,,87,43,13,68,26,1.4,7.64,2.93,4.78,4.65,,0.3,0.5,19754
Bailey Falter,PHI,6,19,48,2,2,,,49,24,8,45,11,1.25,8.45,2.13,4.42,4.26,,0.3,0.2,20070
Tyler Matzek,ATL,0,43,38,2,1,,,29,15,2,51,23,1.35,11.82,5.44,3.48,3.34,,0.3,0.4,10058
César Valdez,LAA,4,22,48,3,3,,,51,23,6,41,13,1.32,7.75,2.38,4.28,4.01,,0.3,0,9013
Seranthony Domínguez,PHI,1,27,29,3,1,,,24,11,2,31,13,1.28,9.78,3.94,3.42,3.31,,0.3,0.4,19249
Dany Jiménez,OAK,1,33,38,3,2,,,31,15,4,46,18,1.28,11.1,4.22,3.48,3.52,,0.3,0.2,21170
Jordan Romano,TOR,0,45,44,4,2,,,34,17,6,57,16,1.16,11.76,3.32,3.45,3.52,,0.3,0.4,16122
Adam Ottavino,NYM,0,48,44,5,3,,,33,16,4,59,24,1.29,12.02,4.89,3.31,3.35,,0.3,0.4,1247
Tyler Holton,ARI,7,17,45,2,3,,,48,22,5,39,15,1.38,7.71,2.92,4.41,4,,0.3,0.3,26231
John Schreiber,BOS,4,32,47,2,2,,,50,23,6,44,16,1.39,8.34,3.11,4.42,4.05,,0.3,0,20020
Zach Thompson,PIT,10,27,66,4,5,,,67,33,9,60,25,1.39,8.07,3.45,4.54,4.4,,0.3,0.3,16094
A.J. Puk,OAK,3,30,46,4,3,,,44,20,5,46,18,1.36,9.08,3.56,3.88,3.85,,0.3,0.1,19343
Jake Cousins,MIL,1,31,33,2,1,,,25,12,4,45,14,1.19,12.48,3.89,3.38,3.39,,0.3,0.5,21620
Luke Weaver,ARI,13,14,62,3,4,,,63,33,11,62,19,1.33,8.96,2.77,4.81,4.39,,0.3,0.3,16918
Tucker Davidson,ATL,12,13,59,4,4,,,57,30,7,57,32,1.52,8.67,4.97,4.63,4.43,,0.3,0.4,19871
Dakota Hudson,STL,17,21,91,6,6,,,88,43,9,65,40,1.4,6.44,3.92,4.21,4.43,,0.3,0.6,19206
Konnor Pilkington,CLE,16,18,69,4,5,,,70,36,9,67,32,1.47,8.69,4.12,4.67,4.49,,0.3,0,21453
Josh Staumont,KCR,2,47,50,3,3,,,41,23,5,62,29,1.38,11.07,5.13,4.08,3.83,,0.3,0,18335
Joe Mantiply,ARI,0,40,33,2,1,,,31,13,3,33,9,1.22,9.06,2.54,3.54,3.24,,0.3,0.3,14857
Tony Gonsolin,LAD,15,17,64,4,3,,,58,31,10,67,29,1.35,9.35,4.07,4.33,4.53,,0.3,0.4,19388
Trent Thornton,TOR,9,30,67,3,4,,,70,35,10,62,25,1.42,8.4,3.42,4.76,4.53,,0.3,-0.1,17948
Cole Sands,MIN,13,15,57,2,3,,,57,30,8,54,24,1.42,8.53,3.73,4.75,4.49,,0.3,-0.1,21461
Ryan Feltner,COL,16,16,75,4,6,,,86,46,12,60,34,1.59,7.12,4.07,5.53,5.08,,0.3,0.2,21446
Joe Kelly,CHW,1,35,31,1,1,,,25,13,2,35,17,1.38,10.09,5.03,3.73,3.55,,0.3,0.1,9761
Daniel Castano,MIA,11,16,68,3,5,,,74,35,9,45,21,1.41,6.01,2.81,4.7,4.62,,0.3,0.1,19805
Erik Swanson,SEA,6,28,47,2,2,,,44,23,9,51,13,1.21,9.84,2.45,4.5,4.27,,0.2,-0.2,16587
Brusdar Graterol,LAD,0,42,41,4,2,,,38,16,3,37,14,1.27,8.19,3.06,3.54,3.6,,0.2,0.4,20367
Alex Faedo,DET,13,13,63,3,5,,,69,35,13,57,17,1.35,8.06,2.41,4.91,4.88,,0.2,-0.2,19874
Kyle Muller,ATL,17,18,77,5,6,,,71,40,10,81,45,1.49,9.44,5.2,4.69,4.53,,0.2,0.4,20167
Caleb Ferguson,LAD,3,39,44,2,1,,,36,18,6,59,20,1.27,12.19,4.04,3.77,3.77,,0.2,0.3,19349
Tanner Scott,MIA,0,50,47,3,2,,,37,19,4,66,28,1.39,12.61,5.39,3.56,3.48,,0.2,0.3,17586
Jorge López,BAL,14,29,82,4,8,,,88,47,13,75,35,1.5,8.18,3.87,5.14,4.81,,0.2,-0.5,14527
Víctor Arano,WSN,0,31,32,1,1,,,27,13,3,36,12,1.24,10.34,3.49,3.59,3.41,,0.2,0.3,15915
Sean Hjelle,SFG,16,16,79,4,5,,,84,40,9,55,29,1.43,6.3,3.31,4.58,4.37,,0.2,0.3,21481
Luis Frías,ARI,15,19,75,5,6,,,73,39,10,68,34,1.43,8.16,4.05,4.69,4.47,,0.2,0.5,21997
Colin Poche,TBR,1,48,52,4,3,,,42,23,8,65,18,1.15,11.2,3.08,3.96,3.84,,0.2,-0.2,19403
Dillon Peters,PIT,14,20,70,3,6,,,76,39,11,60,26,1.45,7.71,3.33,4.99,4.6,,0.2,0,18790
Luis Cessa,CIN,1,37,50,3,2,,,49,24,6,46,17,1.31,8.18,3.07,4.25,3.92,,0.2,0.2,13345
Phoenix Sanders,TBR,0,34,43,3,2,,,38,17,5,46,15,1.22,9.58,3.05,3.53,3.5,,0.2,0.1,20541
Dylan Floro,MIA,0,43,41,4,3,,,38,17,3,36,14,1.29,7.83,3.13,3.65,3.45,,0.2,0.2,13394
David Robertson,CHC,1,24,23,1,1,,,19,10,2,29,10,1.28,11.42,4,3.92,3.3,,0.2,0.1,8241
Tony Santillan,CIN,9,29,62,3,3,,,56,32,9,72,32,1.43,10.53,4.61,4.66,4.53,,0.2,0.3,19926
Jeff Hoffman,CIN,1,50,50,2,2,,,45,24,6,60,25,1.41,10.81,4.57,4.33,4.05,,0.2,0.2,17432
Michael Lorenzen,LAA,3,30,49,3,3,,,48,23,6,44,19,1.35,7.98,3.5,4.23,4.1,,0.2,0,14843
Wandy Peralta,NYY,1,43,40,3,2,,,38,17,4,37,15,1.34,8.43,3.51,3.92,3.78,,0.2,0,14295
Daniel Hudson,LAD,0,42,41,4,3,,,34,17,6,50,15,1.2,10.97,3.25,3.81,3.69,,0.2,0.2,7146
Caleb Thielbar,MIN,0,41,45,2,2,,,42,20,6,50,15,1.27,9.94,3.03,4.08,3.83,,0.2,-0.1,10078
Packy Naughton,STL,14,19,76,4,5,,,82,40,11,55,22,1.36,6.53,2.6,4.73,4.5,,0.2,0,23292
Connor Brogdon,PHI,1,38,42,3,3,,,37,20,6,47,16,1.27,10.19,3.42,4.31,4.06,,0.2,0,21205
Madison Bumgarner,ARI,20,20,107,5,7,,,111,59,20,88,31,1.33,7.4,2.6,4.96,4.89,,0.2,0.3,5524
Kyle Finnegan,WSN,0,45,44,4,3,,,41,19,5,50,20,1.36,10.04,4.01,3.93,3.7,,0.2,0.2,15009
Mike Mayers,LAA,1,47,48,3,3,,,45,23,8,57,18,1.3,10.57,3.29,4.27,4.01,,0.2,-0.2,15451
Dillon Tate,BAL,3,42,55,3,3,,,55,26,6,44,18,1.33,7.23,2.88,4.24,4.24,,0.2,0,17796
Richard Bleier,MIA,0,43,37,1,1,,,37,15,3,27,6,1.18,6.48,1.52,3.6,3.42,,0.2,0.2,7803
Garrett Richards,TEX,13,25,78,4,5,,,82,41,12,68,31,1.44,7.86,3.58,4.77,4.67,,0.2,-0.3,9784
Rowan Wick,CHC,0,35,36,2,1,,,30,14,3,42,18,1.32,10.6,4.48,3.47,3.54,,0.2,0.4,14646
Daniel Lynch,KCR,19,19,92,4,8,,,101,53,14,79,37,1.49,7.75,3.58,5.17,4.8,,0.2,-0.5,21537
Craig Kimbrel,LAD,0,41,37,3,2,,,28,16,6,57,17,1.23,13.92,4.2,3.85,3.6,,0.2,0.2,6655
Adam Cimber,TOR,0,53,48,4,3,,,48,21,4,34,12,1.25,6.34,2.22,3.83,3.85,,0.2,0.1,15288
Chris Martin,CHC,0,38,35,2,1,,,35,14,4,32,6,1.17,8.21,1.54,3.58,3.53,,0.2,0.3,11847
Eli Morgan,CLE,17,20,85,4,6,,,90,48,17,80,26,1.36,8.51,2.73,5.06,4.81,,0.2,-0.4,20203
José Alvarado,PHI,1,48,41,3,2,,,32,17,3,55,29,1.48,12.09,6.36,3.77,3.79,,0.2,0.3,17780
Bryan Abreu,HOU,3,33,52,3,2,,,44,23,5,63,32,1.47,10.93,5.57,4.03,4.03,,0.2,0,16609
Brett Martin,TEX,0,51,49,3,3,,,51,22,5,42,14,1.33,7.65,2.62,3.93,3.71,,0.2,0,17369
JP Sears,NYY,10,16,58,4,5,,,58,31,10,57,21,1.38,8.8,3.33,4.8,4.63,,0.2,-0.2,23429
Chris Archer,MIN,15,15,65,2,3,,,66,36,11,68,29,1.47,9.42,4.02,5.06,4.72,,0.2,-0.3,6345
Miguel Castro,NYY,1,52,52,3,3,,,45,25,5,61,32,1.47,10.67,5.55,4.28,4.02,,0.2,-0.3,15684
Jorge Alcala,MIN,4,33,51,3,4,,,49,26,7,53,20,1.35,9.36,3.5,4.53,4.13,,0.2,-0.2,19459
Tanner Banks,CHW,9,21,67,3,4,,,73,36,11,49,18,1.36,6.55,2.38,4.84,4.64,,0.2,-0.3,16990
Jhoan Duran,MIN,7,13,38,3,3,,,36,19,6,42,16,1.37,9.91,3.77,4.45,4.39,,0.2,0.1,21029
Rafael Montero,HOU,0,33,36,3,2,,,35,15,4,36,10,1.26,9,2.63,3.77,3.72,,0.2,0.1,12760
John King,TEX,4,25,49,4,4,,,50,24,6,42,17,1.37,7.85,3.07,4.37,4.15,,0.2,-0.1,22051
Lucas Luetge,NYY,1,40,46,3,3,,,44,21,7,47,14,1.26,9.31,2.69,4.15,4.08,,0.2,-0.1,8337
Spencer Howard,TEX,15,16,54,2,4,,,55,32,10,59,22,1.42,9.75,3.68,5.23,4.74,,0.2,-0.4,23252
Alex Vesia,LAD,0,37,37,2,1,,,29,15,5,51,18,1.25,12.36,4.35,3.74,3.82,,0.2,0.2,25007
David Phelps,TOR,1,23,19,1,1,,,17,8,2,21,8,1.33,10.06,3.97,3.85,3.64,,0.2,0.1,6316
Mark Melancon,ARI,0,43,42,3,3,,,43,18,3,31,14,1.36,6.72,2.99,3.85,3.67,,0.2,0.3,4264
Kirby Snead,OAK,1,35,38,2,1,,,36,17,4,38,16,1.35,9,3.78,3.96,3.92,,0.2,0,19179
José Álvarez,SFG,1,48,40,3,2,,,40,17,4,34,14,1.34,7.54,3.14,3.9,3.75,,0.1,0.1,5358
Julian Merryweather,TOR,1,16,20,1,1,,,21,9,2,19,5,1.27,8.37,2.25,4.07,3.66,,0.1,0,16703
Danny Coulombe,MIN,1,30,36,2,2,,,36,17,5,34,12,1.33,8.54,3.1,4.13,3.93,,0.1,-0.1,13293
Aaron Civale,CLE,19,19,97,5,8,,,101,54,19,81,26,1.31,7.52,2.38,4.98,4.85,,0.1,-0.3,19479
Joe Smith,MIN,1,35,28,3,2,,,29,12,3,23,6,1.21,7.2,1.76,3.82,3.73,,0.1,0.1,3281
Trevor Stephan,CLE,5,32,58,3,3,,,55,30,9,67,26,1.41,10.39,4.07,4.7,4.42,,0.1,-0.3,19932
Zach Davies,ARI,22,22,106,5,7,,,112,58,15,79,45,1.48,6.73,3.8,4.9,4.74,,0.1,0.4,13183
Evan Phillips,LAD,1,32,40,3,2,,,36,18,6,49,17,1.33,10.92,3.9,4,4.08,,0.1,0.2,17734
Jalen Beeks,TBR,5,28,82,4,4,,,84,39,11,79,30,1.38,8.69,3.29,4.23,4.16,,0.1,-0.2,17192
Jovani Moran,MIN,0,26,43,2,2,,,36,19,5,55,25,1.41,11.56,5.19,4.01,3.78,,0.1,-0.1,20422
Robert Suarez,SDP,1,39,42,2,1,,,38,18,5,46,15,1.26,9.84,3.2,3.83,3.77,,0.1,0.2,30115
Humberto Castellanos,ARI,13,20,74,3,4,,,79,39,12,57,22,1.36,6.95,2.63,4.78,4.69,,0.1,0.3,21183
Trevor May,NYM,0,43,41,3,3,,,36,18,6,52,16,1.26,11.43,3.53,3.91,3.69,,0.1,0.1,6398
James Norwood,PHI,0,39,39,2,3,,,37,19,5,49,21,1.48,11.2,4.86,4.45,4.13,,0.1,-0.1,16440
Darren O'Day,ATL,0,14,12,1,0,,,11,5,1,13,4,1.22,10.06,3.03,4.08,3.42,,0.1,0,3321
Ryan Helsley,STL,2,35,42,4,3,,,36,18,5,49,21,1.34,10.44,4.41,3.96,3.92,,0.1,0.2,18138
Trevor Richards,TOR,0,49,52,3,3,,,45,24,8,62,21,1.27,10.74,3.61,4.21,4.02,,0.1,-0.1,19309
Amir Garrett,KCR,0,47,37,2,2,,,31,17,4,48,22,1.42,11.49,5.3,4.06,3.84,,0.1,0,14375
Steven Wilson,SDP,0,29,36,3,2,,,30,16,5,47,15,1.26,11.71,3.82,3.85,3.83,,0.1,0.1,20353
Taylor Clarke,KCR,7,32,63,3,4,,,68,35,10,52,21,1.4,7.47,2.93,4.94,4.49,,0.1,-0.5,17611
Art Warren,CIN,0,32,29,3,3,,,24,13,4,38,14,1.31,11.83,4.44,4.13,3.93,,0.1,0.2,18251
Tyler Rogers,SFG,0,56,55,3,2,,,56,22,4,37,14,1.28,5.99,2.37,3.67,3.71,,0.1,0.4,15541
Matt Foster,CHW,0,40,46,2,2,,,42,21,7,48,16,1.29,9.48,3.22,4.11,4.15,,0.1,-0.2,19647
James Kaprielian,OAK,15,17,78,4,5,,,76,42,14,78,31,1.38,9.07,3.64,4.82,4.79,,0.1,-0.3,18331
Seth Martinez,HOU,0,28,42,3,3,,,39,20,6,44,16,1.34,9.61,3.52,4.3,4.1,,0.1,-0.3,21045
Tim Hill,SDP,0,52,40,4,3,,,37,16,4,37,14,1.27,8.37,3.12,3.64,3.81,,0.1,0.2,16814
Ryan Tepera,LAA,0,44,39,1,1,,,33,18,5,44,17,1.29,10.18,3.95,4.28,4.07,,0.1,-0.2,10291
Tanner Rainey,WSN,1,38,35,2,2,,,27,17,5,51,24,1.46,13.06,6.14,4.4,4.1,,0.1,0,17610
Nabil Crismatt,SDP,6,31,73,3,3,,,72,35,11,71,25,1.32,8.76,3.04,4.27,4.32,,0.1,0.2,17732
Jarlín García,SFG,0,44,46,4,3,,,41,19,5,43,15,1.22,8.33,3.03,3.8,3.66,,0.1,0.2,18282
Paul Fry,ARI,0,46,42,2,3,,,37,20,4,47,26,1.49,10,5.52,4.34,4.15,,0.1,-0.2,15832
Chad Kuhl,COL,13,20,69,4,5,,,73,40,11,63,32,1.52,8.23,4.21,5.22,4.94,,0.1,0.4,14975
Daniel Bard,COL,0,44,44,5,5,,,40,21,6,54,23,1.43,11.1,4.72,4.28,4.21,,0.1,0.3,7115
Robert Stephenson,COL,1,40,38,1,1,,,34,19,5,44,17,1.36,10.33,4.14,4.43,4.1,,0.1,0.2,13594
Mike Baumann,BAL,12,17,56,3,5,,,60,34,8,45,29,1.6,7.31,4.71,5.42,5.16,,0.1,-0.5,20206
Jharel Cotton,MIN,2,27,43,2,2,,,42,22,6,45,21,1.45,9.4,4.41,4.57,4.42,,0.1,-0.3,13654
Josh Fleming,TBR,9,22,84,7,7,,,91,42,11,58,23,1.35,6.26,2.42,4.47,4.42,,0.1,-0.2,20418
Camilo Doval,SFG,0,45,46,4,3,,,36,19,4,58,27,1.39,11.43,5.38,3.68,3.63,,0.1,0.3,21992
Bennett Sousa,CHW,0,36,41,3,3,,,40,20,6,40,14,1.32,8.68,3.1,4.38,4.19,,0.1,-0.3,21345
Jason Adam,TBR,1,25,25,3,2,,,20,11,3,34,13,1.31,12.03,4.65,3.86,4.01,,0.1,-0.1,11861
Alex Lange,DET,5,37,56,3,4,,,54,29,6,55,30,1.51,8.8,4.8,4.63,4.31,,0.1,-0.3,19883
Matt Brash,SEA,16,17,77,4,5,,,74,40,11,74,38,1.45,8.59,4.41,4.73,4.7,,0.1,-0.3,25756
Austin Davis,BOS,0,38,41,2,2,,,39,21,5,44,20,1.42,9.75,4.32,4.59,4.1,,0.1,-0.3,17117
Clarke Schmidt,NYY,9,13,43,3,3,,,45,23,6,39,20,1.48,8.06,4.05,4.83,4.77,,0.1,-0.1,19899
Carl Edwards Jr.,WSN,1,24,22,1,1,,,20,11,3,23,10,1.36,9.39,4.07,4.36,3.98,,0.1,0,13607
Steven Okert,MIA,1,38,39,2,3,,,34,18,6,46,15,1.26,10.73,3.45,4.18,4.09,,0.1,0.1,13580
Andrew Bellatti,PHI,0,26,27,2,2,,,25,13,4,29,11,1.37,9.77,3.8,4.4,4.08,,0.1,0,10657
Hoby Milner,MIL,0,39,40,1,1,,,37,17,6,46,11,1.21,10.34,2.5,3.84,3.86,,0.1,0.3,13346
Scott Effross,CHC,2,36,51,4,4,,,52,25,7,48,14,1.28,8.44,2.39,4.36,4.07,,0.1,0.1,18384
Tommy Kahnle,LAD,0,44,38,2,1,,,31,17,7,55,14,1.18,12.9,3.35,3.93,3.85,,0.1,0.1,11384
Tyler Duffey,MIN,0,45,46,3,2,,,42,21,6,48,16,1.24,9.31,3.08,4.07,3.92,,0.1,-0.1,13758
Wyatt Mills,SEA,1,28,35,2,2,,,32,15,4,35,13,1.31,9.14,3.39,3.9,3.91,,0.1,0,20010
Anthony Bass,MIA,1,49,44,4,4,,,40,19,6,44,15,1.25,9.09,3.14,3.99,3.93,,0.1,0.1,7982
Jhon Romero,MIN,0,28,37,2,2,,,38,18,4,31,12,1.36,7.49,2.96,4.34,3.9,,0.1,-0.3,19940
Carlos Hernández,KCR,15,23,83,3,5,,,84,47,11,70,41,1.5,7.59,4.42,5.06,4.8,,0.1,-0.4,22713
Ian Kennedy,ARI,0,41,40,2,2,,,38,19,6,43,14,1.3,9.58,3.21,4.27,4.09,,0.1,0,6986
Logan Gillaspie,BAL,4,19,42,2,2,,,46,23,6,32,14,1.41,6.82,2.88,4.79,4.71,,0.1,-0.3,22461
Damon Jones,PHI,7,22,47,2,3,,,44,26,5,49,34,1.65,9.27,6.54,5,4.91,,0.1,-0.1,23310
Andre Pallante,STL,14,21,70,3,4,,,75,36,8,46,29,1.49,5.97,3.69,4.68,4.57,,0.1,0.1,26108
Austin Voth,WSN,8,31,60,2,3,,,63,34,11,59,21,1.38,8.75,3.08,5.03,4.74,,0.1,-0.2,15047
Cionel Pérez,BAL,3,38,44,2,3,,,42,23,6,46,24,1.51,9.37,4.99,4.74,4.66,,0.1,-0.3,19614
Logan Allen,BAL,14,20,70,3,6,,,74,40,11,55,31,1.51,7.04,4.05,5.17,5.15,,0.1,-0.4,18555
Louis Head,MIA,1,36,39,1,1,,,36,18,5,37,15,1.32,8.55,3.47,4.17,4.15,,0,0,13259
Domingo Acevedo,OAK,1,31,37,2,1,,,35,17,6,39,11,1.25,9.41,2.75,4.08,4.04,,0,-0.1,17092
Vince Velasquez,CHW,19,23,85,4,7,,,85,50,18,90,37,1.44,9.56,3.93,5.35,5.17,,0,-0.8,11189
Trevor Gott,MIL,1,36,34,2,2,,,30,16,5,39,13,1.28,10.33,3.4,4.29,4.05,,0,0.1,15046
Hirokazu Sawamura,BOS,0,40,39,2,2,,,35,18,4,44,21,1.42,10.27,4.78,4.1,4.03,,0,0,27515
Alexander Wells,BAL,12,16,65,3,6,,,76,41,15,47,16,1.42,6.56,2.23,5.63,5.44,,0,-0.7,19845
Anthony Misiewicz,SEA,6,40,59,4,5,,,61,30,10,55,16,1.31,8.44,2.43,4.54,4.31,,0,-0.4,18152
Noé Ramirez,ARI,1,40,41,2,2,,,37,20,6,42,14,1.27,9.38,3.2,4.34,4.23,,0,0.1,12800
Andrew Wantz,LAA,6,21,43,2,2,,,42,24,8,47,20,1.44,9.77,4.14,5.05,4.94,,0,-0.3,24933
Adonis Medina,NYM,12,15,58,3,4,,,56,30,8,42,23,1.37,6.59,3.6,4.63,4.94,,0,0.1,19903
Adam Kolarek,OAK,0,38,39,1,1,,,40,17,3,24,14,1.37,5.64,3.16,3.91,3.93,,0,0,10843
Gregory Santos,SFG,0,12,16,1,1,,,15,8,2,16,6,1.31,9.34,3.4,4.29,3.92,,0,0,21894
Brent Suter,MIL,3,36,48,5,4,,,49,23,7,42,15,1.31,7.72,2.8,4.22,4.24,,0,0.2,13942
Jimmy Lambert,CHW,14,15,51,3,4,,,52,30,10,51,24,1.49,8.98,4.26,5.18,5.12,,0,-0.4,19541
José Quijada,LAA,0,33,35,2,2,,,31,17,5,45,20,1.42,11.34,5.02,4.29,4.29,,0,-0.2,19200
Wily Peralta,DET,12,22,64,2,4,,,65,35,8,49,32,1.52,6.94,4.54,4.91,4.9,,0,-0.3,7738
Josh Sborz,TEX,0,44,43,2,3,,,38,22,7,53,19,1.35,11.11,4.09,4.55,4.15,,0,-0.3,18323
Sean Poppen,ARI,5,26,51,3,4,,,54,27,7,48,23,1.5,8.43,4.02,4.81,4.45,,0,0,19583
Oliver Pérez,,0,28,18,2,1,,,18,8,2,17,5,1.24,8.42,2.43,3.96,4.02,,0,0,1514
Sergio Romo,SEA,0,40,36,1,1,,,34,17,5,36,12,1.29,9.07,3.08,4.21,4.09,,0,-0.2,9817
Alexis Díaz,CIN,1,31,40,2,2,,,35,19,4,46,24,1.48,10.42,5.42,4.38,4.27,,0,0.1,21132
Beau Brieske,DET,15,16,73,3,7,,,81,43,13,56,24,1.44,6.84,2.98,5.24,5.05,,0,-0.5,26079
Sean Doolittle,WSN,0,36,32,2,2,,,31,15,6,34,10,1.25,9.58,2.69,4.22,4.32,,0,0.1,1581
Ty Blach,COL,11,21,63,2,4,,,81,42,11,40,18,1.57,5.74,2.53,6.08,4.98,,0,-0.3,14361
Matt Moore,TEX,10,23,62,2,3,,,65,36,10,57,30,1.54,8.34,4.37,5.24,4.88,,0,-0.6,1890
Luis García,SDP,1,39,36,2,2,,,33,17,5,38,15,1.34,9.34,3.8,4.3,4.09,,0,-0.1,6984
Jordan Lyles,BAL,21,22,118,5,11,,,129,72,26,100,40,1.43,7.61,3,5.48,5.39,,0,-1,7593
Sam Moll,OAK,0,31,32,1,1,,,29,15,3,33,18,1.44,9.3,4.98,4.2,4.19,,0,-0.2,14874
Francisco Perez,WSN,0,25,39,1,1,,,36,19,5,41,20,1.44,9.53,4.58,4.46,4.13,,0,-0.1,21018
Dylan Coleman,KCR,0,39,44,3,3,,,40,21,5,51,22,1.4,10.39,4.44,4.22,4.04,,0,-0.1,22276
Keegan Thompson,CHC,9,26,61,3,4,,,60,31,10,59,26,1.41,8.64,3.83,4.63,4.68,,0,0.2,19795
Pedro Báez,,0,27,25,2,1,,,23,12,3,24,11,1.33,8.55,3.92,4.21,4.23,,0,-0.2,5420
JT Chargois,TBR,0,34,32,3,2,,,27,13,3,35,15,1.33,9.9,4.24,3.75,3.89,,0,0,13767
Cody Poteet,MIA,12,16,67,3,5,,,68,38,11,56,27,1.43,7.58,3.63,5.07,4.8,,0,-0.2,18769
Drew Hutchison,DET,12,21,73,4,7,,,78,41,11,59,34,1.53,7.24,4.16,5.1,4.93,,0,-0.5,10732
Drew Smith,NYM,1,29,34,1,2,,,31,16,5,37,14,1.31,9.89,3.69,4.27,4.31,,0,-0.1,17755
Patrick Murphy,WSN,6,24,50,2,3,,,50,28,6,44,25,1.51,7.95,4.54,4.99,4.73,,0,-0.1,19712
Justin Grimm,OAK,1,34,38,2,2,,,34,18,5,40,17,1.37,9.65,4.18,4.4,4.25,,0,-0.3,11720
Daniel Norris,CHC,0,44,45,2,2,,,42,21,6,48,18,1.34,9.73,3.69,4.14,4.08,,0,0.1,13475
Paolo Espino,WSN,10,24,65,2,3,,,70,38,13,56,18,1.35,7.77,2.44,5.24,4.89,,0,-0.2,8246
Sam Selman,OAK,1,29,31,1,1,,,26,15,4,34,16,1.38,9.73,4.75,4.34,4.37,,0,-0.2,13397
Andrés Muñoz,SEA,1,22,20,2,2,,,17,9,4,29,11,1.35,12.93,4.72,4.1,4.2,,0,-0.1,20373
Jake Walsh,STL,7,15,44,3,3,,,44,23,7,41,18,1.4,8.38,3.67,4.68,4.56,,0,0,20227
Bryan Baker,BAL,0,35,35,2,3,,,33,19,5,38,20,1.52,10,5.21,4.87,4.65,,0,-0.3,19804
Jesse Chavez,ATL,3,33,42,2,2,,,42,21,7,39,12,1.29,8.28,2.6,4.39,4.28,,0,0.2,5448
Anthony Bender,MIA,1,42,47,3,3,,,42,22,5,49,20,1.33,9.4,3.79,4.21,4.03,,0,0,19742
Chris Mazza,TBR,5,22,48,2,2,,,48,25,7,45,19,1.38,8.37,3.46,4.63,4.62,,0,-0.4,14151
Austin Adams,SDP,0,24,24,2,1,,,19,10,3,33,15,1.43,12.33,5.67,3.7,3.99,,0,0.1,13801
Alex Colomé,COL,0,47,46,3,3,,,46,22,5,37,17,1.4,7.33,3.41,4.42,4.25,,0,0.3,6661
Ethan Roberts,CHC,0,31,40,2,3,,,40,20,5,38,15,1.38,8.61,3.35,4.47,4.21,,0,0,24930
Dominic Leone,SFG,2,47,45,3,3,,,41,22,6,50,19,1.34,10.04,3.92,4.35,4.04,,0,-0.1,13763
Austin Warren,LAA,1,28,40,3,4,,,39,21,6,40,21,1.49,8.96,4.67,4.73,4.61,,0,-0.4,24937
Brad Hand,PHI,0,49,43,5,4,,,38,19,6,50,19,1.31,10.39,3.92,3.92,4.23,,0,0.1,9111
Kodi Whitley,STL,1,35,39,3,2,,,35,17,5,40,17,1.34,9.32,4.01,4.07,4.08,,0,0.1,19731
Jordan Hicks,STL,3,23,30,2,2,,,25,14,3,33,18,1.44,10,5.48,4.15,4.27,,0,0.1,19618
Miguel Yajure,PIT,10,15,54,2,4,,,57,30,8,42,21,1.45,6.97,3.48,5.04,4.95,,0,-0.1,21111
Jake McGee,SFG,0,41,37,2,2,,,36,18,6,35,9,1.22,8.38,2.23,4.23,4.1,,0,-0.1,7550
Sam Hentges,CLE,11,26,66,2,3,,,71,37,10,63,32,1.56,8.63,4.4,5.09,4.77,,0,-0.4,18548
Sean Newcomb,CHC,5,32,55,3,3,,,50,28,8,59,27,1.39,9.55,4.44,4.53,4.54,,0,0.1,16943
Sam Long,SFG,9,23,58,2,2,,,58,30,8,54,23,1.39,8.33,3.53,4.61,4.47,,0,0,25379
Ryan Pepiot,LAD,16,19,69,4,5,,,68,39,13,71,32,1.45,9.18,4.2,5.08,5.07,,0,-0.2,26221
Parker Mushinski,HOU,7,17,45,1,1,,,44,24,6,43,22,1.47,8.56,4.5,4.81,4.74,,0,-0.2,21324
Yimi Garcia,TOR,0,45,41,4,4,,,37,19,6,41,12,1.21,9.08,2.63,4.25,4.2,,0,-0.1,12095
Gregory Soto,DET,0,49,46,3,4,,,39,22,5,55,29,1.47,10.82,5.64,4.35,4.16,,0,-0.3,19677
Kervin Castro,SFG,0,29,42,3,3,,,40,20,5,41,18,1.39,8.77,3.89,4.25,4.02,,0,-0.1,21656
Dusten Knight,TBR,0,25,28,1,1,,,27,14,4,28,11,1.37,9.24,3.58,4.45,4.24,,0,-0.3,16537
Brandon Hughes,CHC,0,18,27,1,1,,,25,13,3,29,12,1.37,9.53,3.92,4.25,4.11,,0,0,23460
Mark Leiter Jr.,CHC,11,18,66,4,6,,,70,37,12,63,24,1.41,8.49,3.23,5.01,4.82,,0,0,15551
Ryan Thompson,TBR,1,30,27,2,2,,,27,13,5,26,7,1.25,8.77,2.38,4.36,4.19,,0,-0.2,16647
Stephen Nogosek,NYM,1,23,30,2,2,,,28,16,4,35,16,1.45,10.53,4.67,4.78,4.37,,0,-0.2,19545
Robert Gsellman,CHC,2,26,37,1,2,,,39,19,5,28,12,1.38,6.86,2.97,4.57,4.41,,0,0,13696
Nick Nelson,PHI,7,27,58,3,4,,,56,31,8,60,35,1.57,9.34,5.47,4.88,4.76,,0,0,20153
Keynan Middleton,ARI,1,26,24,2,2,,,23,13,3,26,11,1.41,9.65,4.21,4.74,4.31,,-0.1,-0.1,15264
Sean Reid-Foley,NYM,10,21,61,3,4,,,56,34,9,71,38,1.53,10.36,5.62,4.92,4.81,,-0.1,-0.3,17034
Tyler Kinley,COL,0,50,46,1,2,,,43,25,7,50,24,1.43,9.6,4.57,4.91,4.5,,-0.1,-0.1,18297
Will Smith,ATL,0,50,46,3,3,,,39,21,8,58,18,1.23,11.36,3.47,4.19,4.2,,-0.1,0.1,8048
Bowden Francis,TOR,16,17,82,5,7,,,86,47,14,74,34,1.47,8.17,3.73,5.17,4.96,,-0.1,-0.3,20548
Brad Boxberger,MIL,0,47,40,3,3,,,33,19,6,49,19,1.33,11.21,4.39,4.36,4.31,,-0.1,0,10133
Drew Steckenrider,SEA,0,43,43,2,2,,,40,21,6,37,13,1.25,7.8,2.8,4.3,4.34,,-0.1,-0.3,18806
Ryne Stanek,HOU,0,50,48,2,2,,,39,23,8,61,26,1.34,11.4,4.79,4.29,4.28,,-0.1,-0.3,15947
Casey Lawrence,TOR,8,15,48,2,4,,,54,28,9,35,12,1.4,6.68,2.32,5.29,4.88,,-0.1,-0.3,11121
Tommy Nance,MIA,0,24,29,1,1,,,27,14,3,30,14,1.4,9.4,4.24,4.4,4.05,,-0.1,-0.1,19178
Archie Bradley,LAA,0,41,41,3,3,,,41,20,6,37,16,1.41,8.23,3.61,4.4,4.45,,-0.1,-0.3,12918
Mychal Givens,CHC,1,43,41,3,3,,,35,21,7,54,21,1.33,11.69,4.51,4.57,4.25,,-0.1,-0.1,10430
Will Vest,DET,0,40,45,2,2,,,46,22,6,41,18,1.4,8.17,3.49,4.43,4.19,,-0.1,-0.3,19769
Yoan López,NYM,0,35,35,2,2,,,32,16,5,34,13,1.29,8.75,3.36,4.02,4.34,,-0.1,0,17181
Steve Cishek,WSN,0,51,46,1,1,,,41,21,5,44,22,1.37,8.58,4.22,4.05,4.35,,-0.1,0.2,6483
Ron Marinaccio,NYY,0,26,39,1,1,,,34,18,5,45,20,1.4,10.44,4.65,4.31,4.28,,-0.1,-0.2,23488
Oliver Ortega,LAA,4,30,53,3,4,,,54,29,7,47,28,1.54,7.9,4.71,4.87,4.76,,-0.1,-0.4,21025
Michael Rucker,CHC,3,28,58,1,1,,,59,30,10,58,20,1.38,9.07,3.16,4.71,4.43,,-0.1,-0.1,19454
Andrew Vasquez,TOR,0,28,34,1,1,,,29,17,4,42,19,1.44,11.36,5.16,4.57,4.21,,-0.1,-0.3,19482
Joe Jiménez,DET,0,46,40,2,3,,,35,20,6,48,19,1.38,10.83,4.4,4.64,4.49,,-0.1,-0.3,15761
Jake Diekman,BOS,0,48,40,2,2,,,33,19,5,55,26,1.47,12.36,5.9,4.34,4.26,,-0.1,-0.1,5003
Justus Sheffield,SEA,14,19,72,4,6,,,76,39,10,64,36,1.55,7.93,4.46,4.91,4.85,,-0.1,-0.5,17285
Zach Pop,MIA,1,34,37,1,1,,,36,17,4,36,15,1.37,8.61,3.68,4.11,4.18,,-0.1,0.1,20185
Elieser Hernandez,MIA,16,19,75,2,5,,,76,43,16,77,24,1.33,9.28,2.84,5.13,4.99,,-0.1,-0.2,16933
Phil Maton,HOU,1,48,50,2,2,,,46,23,7,52,20,1.34,9.51,3.71,4.2,4.25,,-0.1,-0.2,18064
Jacob Barnes,DET,0,36,34,2,2,,,35,17,5,32,13,1.42,8.4,3.5,4.61,4.39,,-0.1,-0.3,12323
José Ruiz,CHW,0,44,45,1,1,,,42,23,7,48,22,1.42,9.56,4.43,4.61,4.51,,-0.1,-0.4,14552
Shawn Armstrong,TBR,0,41,45,2,2,,,43,21,6,49,18,1.35,9.88,3.6,4.3,4.14,,-0.1,-0.1,12857
Ryan Brasier,BOS,0,36,32,2,2,,,32,16,6,32,10,1.32,8.89,2.78,4.51,4.39,,-0.1,-0.2,5615
Tyler Gilbert,ARI,9,18,56,3,4,,,58,31,10,48,18,1.37,7.72,2.99,5.01,4.85,,-0.1,0,17964
Joan Adon,WSN,18,18,86,5,7,,,92,50,13,70,41,1.56,7.35,4.32,5.29,5.07,,-0.1,-0.1,22925
Shane Greene,LAD,0,29,27,1,1,,,26,14,5,26,9,1.3,8.8,3.1,4.57,4.64,,-0.1,-0.2,10756
Angel De Jesus,DET,1,30,42,2,3,,,40,22,5,41,24,1.53,8.87,5.12,4.64,4.4,,-0.1,-0.3,22323
Kris Bubic,KCR,17,23,96,4,7,,,98,55,16,84,44,1.48,7.93,4.11,5.19,4.98,,-0.1,-0.5,21455
Marcos Diplán,BAL,1,27,36,2,3,,,34,20,6,36,19,1.51,9.12,4.89,4.98,4.93,,-0.1,-0.3,17583
Phil Bickford,LAD,0,42,39,3,2,,,34,18,6,42,14,1.25,9.7,3.25,4.23,4.31,,-0.1,-0.1,18519
Garrett Cleavinger,LAD,1,23,25,2,2,,,20,12,3,30,16,1.49,10.92,5.94,4.59,4.57,,-0.1,-0.1,17897
Riley O'Brien,SEA,14,15,71,5,4,,,57,32,11,65,34,1.29,8.21,4.34,4.07,4.96,,-0.1,0.3,20348
Gabe Speier,KCR,0,41,44,1,2,,,46,22,6,39,13,1.36,8.08,2.71,4.57,4.2,,-0.1,-0.3,17170
Spencer Patton,TEX,0,36,34,2,2,,,33,18,5,34,15,1.39,8.89,3.89,4.75,4.53,,-0.1,-0.3,12361
Duane Underwood Jr.,PIT,3,30,57,2,3,,,58,30,9,56,24,1.45,8.85,3.85,4.75,4.53,,-0.1,-0.2,14677
Yunior Marte,SFG,1,33,44,1,1,,,43,22,4,42,21,1.43,8.45,4.2,4.36,4.12,,-0.1,-0.1,14416
Anthony Kay,TOR,11,16,59,3,4,,,61,34,10,56,29,1.54,8.64,4.48,5.22,5.04,,-0.1,-0.3,20387
Brian Moran,LAA,0,32,31,1,1,,,29,15,5,34,14,1.37,9.81,4.02,4.42,4.51,,-0.1,-0.3,9646
Pedro Avila,SDP,7,23,48,2,2,,,47,25,7,45,22,1.45,8.45,4.15,4.68,4.75,,-0.1,0,18864
Lou Trivino,OAK,0,48,47,5,5,,,42,22,6,48,23,1.38,9.13,4.48,4.19,4.26,,-0.1,-0.3,15043
Blake Taylor,HOU,2,38,42,3,3,,,40,22,5,37,25,1.55,8.03,5.37,4.77,4.76,,-0.1,-0.4,16418
Emilio Pagán,MIN,0,47,44,2,2,,,41,23,9,53,18,1.31,10.73,3.56,4.73,4.56,,-0.1,-0.5,14771
Lucas Gilbreath,COL,9,30,61,2,4,,,65,38,8,58,38,1.7,8.51,5.65,5.65,5.1,,-0.1,-0.1,21290
Wil Crowe,PIT,17,24,88,4,7,,,95,52,14,80,42,1.55,8.12,4.31,5.32,5.03,,-0.1,-0.4,19800
Dennis Santana,TEX,5,41,53,3,5,,,52,30,7,52,27,1.48,8.77,4.53,5.03,4.63,,-0.1,-0.6,17878
Kyle Barraclough,LAA,0,31,32,2,3,,,29,17,5,40,19,1.48,11.17,5.3,4.92,4.64,,-0.1,-0.4,13713
Jhoulys Chacín,COL,8,30,63,3,5,,,67,39,11,53,29,1.52,7.51,4.09,5.6,5.09,,-0.2,-0.1,2608
Colin Holderman,NYM,4,12,25,1,2,,,26,15,3,20,14,1.62,7.18,5,5.28,4.99,,-0.2,-0.2,22361
Jaime Barría,LAA,14,19,79,3,5,,,92,49,17,58,21,1.43,6.54,2.42,5.56,5.34,,-0.2,-0.8,18356
Adam Oller,OAK,15,16,72,3,6,,,77,43,12,61,33,1.53,7.67,4.07,5.38,5.17,,-0.2,-0.8,20132
Jake Reed,NYM,1,25,33,1,2,,,32,17,5,34,14,1.41,9.45,3.97,4.59,4.48,,-0.2,-0.2,16209
Beau Sulser,BAL,13,19,76,3,6,,,88,46,12,53,31,1.55,6.27,3.62,5.42,5.09,,-0.2,-0.4,23420
Ashton Goudeau,COL,6,21,54,2,3,,,63,34,10,37,20,1.52,6.17,3.25,5.66,5.25,,-0.2,-0.1,15139
Nick Wittgren,STL,1,46,46,3,3,,,44,21,6,41,15,1.29,8.13,3.01,4.07,4.23,,-0.2,0.1,15594
Anthony Castro,CLE,7,24,50,2,3,,,50,30,8,54,31,1.62,9.77,5.54,5.47,5.15,,-0.2,-0.7,19789
Dereck Rodríguez,MIN,13,17,69,3,5,,,74,41,13,56,24,1.42,7.29,3.09,5.31,5.11,,-0.2,-0.5,14509
Diego Castillo,SEA,0,29,33,2,2,,,30,16,4,33,17,1.44,8.94,4.73,4.37,4.52,,-0.2,-0.3,17496
Jimmy Herget,LAA,0,40,48,2,3,,,46,24,7,49,19,1.37,9.28,3.68,4.52,4.45,,-0.2,-0.4,17556
Hunter Harvey,WSN,4,18,31,2,2,,,33,17,6,25,10,1.42,7.23,2.98,5.06,5.14,,-0.2,-0.1,15507
Jandel Gustave,MIL,0,32,32,1,1,,,32,18,5,31,12,1.35,8.5,3.38,4.89,4.7,,-0.2,-0.2,14665
Javy Guerra,TBR,0,39,38,1,1,,,39,21,6,34,15,1.42,7.9,3.5,4.96,4.5,,-0.2,-0.7,17292
Davis Martin,CHW,16,16,65,3,5,,,73,40,12,52,27,1.55,7.21,3.8,5.59,5.34,,-0.2,-0.7,21448
Ryan Hendrix,CIN,0,34,32,2,3,,,30,18,5,37,20,1.56,10.35,5.54,4.96,4.69,,-0.2,-0.2,19535
Hunter Strickland,CIN,0,40,39,1,2,,,38,22,6,39,19,1.47,9.01,4.48,5.05,4.89,,-0.2,-0.3,7836
Corbin Martin,ARI,9,13,51,2,3,,,53,30,8,46,26,1.56,8.2,4.59,5.32,5.05,,-0.2,-0.1,19884
J.B. Wendelken,ARI,0,39,42,2,3,,,41,22,6,40,19,1.44,8.67,4.05,4.86,4.54,,-0.2,-0.2,14506
Chris Ellis,BAL,11,18,57,2,4,,,60,36,12,49,29,1.57,7.86,4.56,5.75,5.74,,-0.2,-0.7,16125
Nick Sandlin,CLE,0,29,27,2,2,,,23,14,4,32,18,1.54,10.53,6.07,4.67,4.78,,-0.2,-0.2,20517
Daniel Duarte,CIN,0,14,17,1,2,,,19,12,3,14,9,1.63,7.32,4.84,5.94,5.53,,-0.2,-0.4,17480
Ronald Bolaños,KCR,13,19,65,2,5,,,70,39,9,54,36,1.62,7.51,4.97,5.4,5.04,,-0.2,-0.5,20041
Griffin Jax,MIN,14,20,83,4,6,,,91,50,16,65,28,1.44,7.11,3.09,5.43,5.23,,-0.2,-0.8,20253
Joe Barlow,TEX,0,39,37,1,2,,,32,19,6,41,20,1.41,10.07,4.86,4.77,4.62,,-0.2,-0.4,22296
Mauricio Llovera,SFG,6,23,46,2,3,,,48,26,7,43,21,1.47,8.26,3.98,5.12,4.8,,-0.2,-0.3,20080
Matt Bush,TEX,1,16,15,0,1,,,16,10,4,18,7,1.48,10.37,3.83,5.97,5.56,,-0.2,-0.4,1246
Anthony Banda,PIT,3,29,54,2,4,,,57,30,8,47,22,1.47,7.85,3.7,4.9,4.75,,-0.2,-0.3,14706
Yohan Ramirez,CLE,3,27,45,2,3,,,37,24,7,56,33,1.57,11.32,6.66,4.88,4.99,,-0.2,-0.5,19444
Hansel Robles,BOS,0,50,48,3,3,,,46,25,7,49,21,1.4,9.29,3.87,4.68,4.45,,-0.2,-0.4,11801
Yennier Cano,MIN,1,27,43,2,3,,,42,23,6,42,22,1.5,8.77,4.69,4.86,4.67,,-0.2,-0.4,25911
Ronel Blanco,HOU,0,28,32,2,3,,,30,17,5,34,16,1.44,9.67,4.53,4.75,4.66,,-0.2,-0.4,19407
Jake Brentz,KCR,0,47,42,2,3,,,36,22,5,51,28,1.54,10.91,5.99,4.82,4.5,,-0.3,-0.4,17783
Sam Clay,WSN,0,39,37,2,2,,,39,20,4,30,19,1.57,7.46,4.65,4.83,4.63,,-0.3,-0.2,16279
Caleb Smith,ARI,11,27,76,3,6,,,69,45,15,85,39,1.44,10.07,4.67,5.34,5.17,,-0.3,-0.3,14875
Taylor Hearn,TEX,11,28,76,3,6,,,77,45,14,74,36,1.49,8.83,4.29,5.4,5.05,,-0.3,-0.9,18325
Génesis Cabrera,STL,4,48,62,4,4,,,56,31,10,68,29,1.37,9.87,4.16,4.46,4.59,,-0.3,-0.1,17490
Sam Howard,DET,3,37,39,2,3,,,36,22,7,50,24,1.51,11.49,5.45,4.98,4.95,,-0.3,-0.3,16265
Kyle Crick,CHW,0,33,29,2,2,,,25,15,4,32,19,1.52,9.96,5.9,4.59,5.05,,-0.3,-0.3,13182
Nick Snyder,TEX,0,21,21,1,1,,,21,13,3,19,13,1.66,8.28,5.76,5.49,5.43,,-0.3,-0.5,23493
Kenny Rosenberg,LAA,6,15,50,2,4,,,53,31,9,46,27,1.59,8.15,4.76,5.58,5.33,,-0.3,-0.7,20009
Trevor Kelley,MIL,0,30,32,2,3,,,32,17,5,31,14,1.45,8.67,3.9,4.91,4.74,,-0.3,-0.2,18454
Robert Dugger,CIN,14,19,75,2,6,,,93,53,16,67,28,1.61,8.03,3.35,6.39,5.37,,-0.3,-0.9,19191
Jackson Stephens,ATL,2,33,59,4,4,,,60,31,8,55,27,1.47,8.41,4.07,4.77,4.55,,-0.3,-0.1,14420
Matt Peacock,KCR,8,22,59,3,5,,,67,34,8,39,25,1.56,5.85,3.82,5.19,4.98,,-0.3,-0.2,20339
Conner Menez,CHC,9,22,59,2,4,,,59,34,11,61,31,1.51,9.21,4.72,5.2,5.25,,-0.3,-0.2,19199
Mason Thompson,WSN,1,35,33,2,3,,,35,19,5,29,18,1.62,7.83,4.86,5.26,5.19,,-0.3,-0.3,21850
Matthew Festa,SEA,1,22,26,1,2,,,26,15,6,29,11,1.42,10.03,3.75,5.13,5.08,,-0.3,-0.4,19330
Chasen Shreve,NYM,0,41,40,2,3,,,36,20,7,45,17,1.33,10.13,3.89,4.49,4.61,,-0.3,-0.3,10855
Tanner Tully,CLE,14,17,78,3,6,,,96,50,16,50,21,1.5,5.76,2.47,5.74,5.49,,-0.3,-1,19518
Tyler Beede,PIT,13,19,60,2,5,,,62,37,9,54,40,1.7,8.04,5.99,5.59,5.47,,-0.3,-0.5,16981
Elvin Rodriguez,DET,13,14,56,2,5,,,64,38,11,41,25,1.6,6.58,4.05,6.07,5.71,,-0.3,-0.9,20962
Rony García,DET,5,15,37,1,2,,,40,24,8,35,15,1.48,8.43,3.66,5.68,5.39,,-0.3,-0.6,20430
Jason Foley,DET,0,31,33,1,1,,,36,18,4,23,14,1.53,6.19,3.92,4.92,4.81,,-0.3,-0.5,19531
Justin Lawrence,COL,0,39,38,3,4,,,39,23,4,36,28,1.74,8.47,6.57,5.54,4.96,,-0.3,-0.2,17639
Carlos Estévez,COL,0,49,47,2,3,,,52,27,9,45,18,1.48,8.66,3.39,5.24,4.81,,-0.3,-0.2,14542
Aaron Sanchez,WSN,15,15,66,3,6,,,74,41,10,46,31,1.6,6.27,4.29,5.6,5.4,,-0.3,-0.2,11490
Aaron Fletcher,PIT,0,33,42,2,3,,,46,22,6,31,15,1.46,6.74,3.3,4.8,4.69,,-0.3,-0.3,22052
Travis Lakins Sr.,BAL,2,32,40,2,4,,,43,24,7,36,20,1.54,8.04,4.37,5.27,5.28,,-0.3,-0.6,18600
Kolby Allard,TEX,13,23,84,4,8,,,92,53,17,69,27,1.42,7.35,2.91,5.68,5.2,,-0.3,-1.2,18694
Erasmo Ramírez,WSN,6,20,50,2,3,,,56,30,10,36,13,1.38,6.45,2.4,5.34,5.22,,-0.3,-0.2,10314
Zach Jackson,OAK,0,32,42,2,2,,,40,22,4,40,26,1.57,8.62,5.6,4.7,4.61,,-0.3,-0.6,19493
Locke St. John,NYM,3,26,38,2,2,,,39,22,8,39,17,1.46,9.21,3.91,5.24,5.1,,-0.3,-0.3,16850
Taylor Widener,ARI,11,18,57,2,3,,,58,35,11,58,29,1.51,9.15,4.48,5.46,5.34,,-0.3,-0.3,19266
Greg Holland,,0,35,32,2,3,,,32,19,6,35,17,1.51,9.66,4.72,5.18,5.02,,-0.4,-0.6,7196
Tyler Danish,BOS,2,23,46,2,3,,,52,28,9,40,15,1.47,7.74,2.99,5.43,4.99,,-0.4,-0.6,15126
Dauri Moreta,CIN,0,36,40,1,2,,,42,24,8,41,15,1.4,9.11,3.3,5.25,4.98,,-0.4,-0.4,21101
Heath Hembree,PIT,0,44,39,2,4,,,37,23,8,47,18,1.41,10.8,4.22,5.22,4.97,,-0.4,-0.5,11632
Félix Bautista,BAL,0,29,31,1,3,,,30,20,6,35,23,1.68,10.06,6.53,5.87,5.69,,-0.4,-0.8,20666
Calvin Faucher,TBR,1,23,37,1,1,,,37,20,5,36,23,1.59,8.8,5.44,4.93,4.88,,-0.4,-0.6,20116
Anthony Gose,CLE,1,27,27,1,3,,,24,17,4,33,22,1.71,11.3,7.44,5.89,5.42,,-0.4,-0.6,5097
Francisco Morales,PHI,14,18,63,4,8,,,64,41,10,62,47,1.76,8.84,6.68,5.85,5.56,,-0.4,-0.6,22913
Yency Almonte,LAD,0,37,38,2,2,,,36,21,6,40,21,1.52,9.4,5.05,4.9,4.94,,-0.4,-0.3,15068
Michael Grove,LAD,14,16,51,1,2,,,55,33,11,48,26,1.57,8.39,4.56,5.8,5.6,,-0.4,-0.6,23221
Ryan Burr,CHW,1,33,36,2,3,,,36,21,6,32,20,1.58,8.12,5.11,5.39,5.3,,-0.4,-0.6,17536
Buck Farmer,CIN,0,45,45,2,2,,,46,27,9,48,22,1.49,9.49,4.34,5.25,5.19,,-0.4,-0.4,14814
Ross Detwiler,CIN,6,26,41,1,3,,,51,30,10,39,16,1.65,8.53,3.62,6.64,5.76,,-0.4,-0.8,2859
Ray Kerr,SDP,8,22,51,2,4,,,53,31,8,44,30,1.64,7.82,5.3,5.46,5.29,,-0.4,-0.4,23809
Collin Snider,KCR,1,38,50,3,5,,,58,30,7,34,17,1.5,6.02,3.13,5.3,4.8,,-0.4,-0.8,23307
Bryan Shaw,CLE,0,56,51,3,4,,,51,28,7,44,25,1.5,7.92,4.42,4.95,4.79,,-0.4,-0.6,8110
Tayler Saucedo,TOR,5,25,47,2,3,,,51,29,9,37,19,1.52,7.2,3.76,5.65,5.51,,-0.4,-0.7,17888
Vladimir Gutierrez,CIN,19,19,96,4,9,,,106,63,21,83,41,1.53,7.75,3.84,5.93,5.69,,-0.4,-0.6,19278
Zack Littell,SFG,1,49,51,1,2,,,49,26,9,51,18,1.32,9.04,3.14,4.68,4.57,,-0.4,-0.3,15823
Joey Krehbiel,BAL,0,40,41,2,3,,,44,26,9,39,18,1.5,8.46,3.96,5.58,5.38,,-0.4,-0.9,13707
Phillip Diehl,CIN,0,40,39,1,2,,,40,23,9,44,14,1.39,10.09,3.23,5.24,5.21,,-0.5,-0.4,20030
Joey Wentz,DET,14,14,53,2,4,,,58,35,10,42,30,1.67,7.23,5.08,5.91,5.75,,-0.5,-0.8,19962
Ralph Garza Jr.,TBR,0,28,47,3,2,,,39,22,7,44,21,1.27,8.32,4.05,4.14,4.76,,-0.5,-0.4,17682
Adrian Sampson,SEA,11,18,74,3,5,,,86,44,15,52,22,1.46,6.27,2.65,5.32,5.36,,-0.5,-0.3,13339
Elvis Peguero,LAA,0,21,35,2,3,,,40,22,6,27,16,1.57,7.01,4.03,5.57,5.33,,-0.5,-0.8,21652
Kirk McCarty,CLE,16,16,75,3,6,,,86,47,15,58,28,1.51,6.91,3.36,5.67,5.48,,-0.5,-0.8,20555
Jacob Lemoine,OAK,1,31,38,2,3,,,40,22,5,28,19,1.56,6.75,4.49,5.19,5.1,,-0.5,-0.7,19785
José Ureña,,10,23,62,2,4,,,68,38,12,47,27,1.52,6.76,3.87,5.47,5.42,,-0.5,-0.4,11589
Andres Machado,WSN,1,35,42,1,2,,,44,25,7,36,20,1.51,7.73,4.24,5.28,5.21,,-0.5,-0.4,14681
Cam Alldred,PIT,0,24,40,1,2,,,43,23,5,32,22,1.59,7.03,4.86,5.09,5.06,,-0.5,-0.5,25078
Phillips Valdez,BOS,4,31,51,2,3,,,55,31,8,45,26,1.59,7.93,4.59,5.47,5.23,,-0.5,-0.7,15605
T.J. McFarland,STL,0,42,46,2,2,,,50,24,7,28,15,1.41,5.56,2.92,4.8,4.81,,-0.5,-0.4,3237
Anderson Severino,CHW,0,28,30,1,2,,,29,18,5,29,23,1.78,8.83,7.12,5.49,5.81,,-0.6,-0.7,20582
Matt Koch,SEA,6,21,56,2,4,,,63,35,13,41,18,1.47,6.62,2.91,5.72,5.75,,-0.6,-1,13420
Jake Woodford,STL,11,25,79,4,5,,,81,44,13,61,34,1.46,6.97,3.9,5.07,5.2,,-0.6,-0.3,18674
J.C. Mejía,MIL,10,18,50,2,5,,,54,33,10,42,26,1.62,7.57,4.71,5.99,5.89,,-0.6,-0.5,20617
Josh Rogers,WSN,14,19,80,4,8,,,97,54,18,51,25,1.53,5.69,2.83,6.08,5.86,,-0.6,-0.9,18510
Chase De Jong,PIT,11,15,58,2,5,,,67,40,13,46,26,1.62,7.1,4.09,6.29,5.95,,-0.7,-0.8,15036
Albert Abreu,TEX,5,25,45,1,3,,,49,32,8,46,33,1.82,9.11,6.5,6.45,5.85,,-0.7,-1.2,17485
Spenser Watkins,BAL,14,19,76,2,7,,,95,55,19,50,30,1.66,5.91,3.59,6.56,6.34,,-0.8,-1.6,17489
Ryan Castellani,OAK,14,16,60,3,6,,,63,39,11,48,40,1.7,7.25,5.94,5.85,6.01,,-0.8,-1,16377
