ID,POS,Name,TM,CID,G,GS,PA,AB,H,1B,2B,3B,HR,RBI,R,BB,IBB,HP,SH,SF,SO,GIDP,wOBA,BABIP,wRC,wRAA,WAR,SB,CS,BatR,wSB,UBR,BsR,G,GS,IP,BF,AB,HA,1B,2B,3B,HR,R,ER,BB,IBB,K,HP,BABIP,SH,SF,WP,DP,RA,pLi,PPG,PI,GB,FB,SB,CS,FIP,WPA,WAR,rWAR,SIERA,POS,G,GS,TC,A,PO,E,DP,TP,PCT,RNG,ZR,EFF,SBA,RTO,IP,PB,CER,CERA,BIZ-R,BIZ-Rm,BIZ-L,BIZ-Lm,BIZ-E,BIZ-Em,BIZ-U,BIZ-Um,BIZ-Z,BIZ-Zm,BIZ-I,FRM,ARM
356,RP,Albert Abreu,brAin,34556, , ,0,0,0,0,0,0,0,0,0,0,0,0,0,0,0,0,.000,.000,0,-0.0,0.0,0,0,-0.0,0.0,0.0,0.0,3,0,5.1,25,21,6,4,0,2,0,1,1,4,0,8,0,.462,0,0,0,0,3,0.83,31,94,3,4,0,0,2.92,0.1,0.2,0.3,3.29,1,3,0,2,2,0,0,0,0,1.000,3.38,0.1,1.043,0,0,5.1,0,0,0.00,1,1,0,0,0,0,0,0,0,0,0,-0.0,0.0
122,RP,Domingo Acevedo,Auckland,34638, , ,0,0,0,0,0,0,0,0,0,0,0,0,0,0,0,0,.000,.000,0,-0.0,0.0,0,0,-0.0,0.0,0.0,0.0,13,0,13.2,66,61,22,12,4,0,6,16,16,4,0,19,1,.444,0,0,0,2,13,1.02,20,266,14,6,1,0,7.70,-1.2,-0.1,-0.4,2.77,1,13,0,1,1,0,0,0,0,1.000,0.66,-0.2,1.043,1,0,13.2,0,0,0.00,1,1,0,0,0,0,0,0,0,0,0,-0.0,0.0
736,RP,Armando Almanza,South Alberta,39243, , ,0,0,0,0,0,0,0,0,0,0,0,0,0,0,0,0,.000,.000,0,-0.0,0.0,0,0,-0.0,0.0,0.0,0.0,4,0,6.2,29,26,7,4,3,0,0,1,1,3,0,8,0,.389,0,0,0,1,4,0.46,27,109,6,5,0,0,2.62,0.1,0.3,0.3,3.25,1,4,0,0,0,0,0,0,0,.000,0.00,0.1,.000,0,0,6.2,0,0,0.00,0,0,0,0,0,0,0,0,0,0,0,-0.1,0.0
238,RP,Joaquin Andujar,Kennereigh,39117, , ,0,0,0,0,0,0,0,0,0,0,0,0,0,0,0,0,.000,.000,0,-0.0,0.0,0,0,-0.0,0.0,0.0,0.0,5,0,6.0,33,26,6,3,1,0,2,6,6,7,1,14,0,.400,0,0,2,0,5,0.78,29,146,3,1,0,0,6.34,-0.9,0.0,-0.1,2.85,1,4,0,0,0,0,0,0,0,.000,0.00,0.1,.000,0,0,6.0,0,0,0.00,0,0,0,0,0,0,0,0,0,0,0,0.0,0.0
307,RP,Chris Archer,Tokyo,34690, , ,0,0,0,0,0,0,0,0,0,0,0,0,0,0,0,0,.000,.000,0,-0.0,0.0,0,0,-0.0,0.0,0.0,0.0,3,0,4.0,21,18,6,5,1,0,0,2,2,3,0,4,0,.429,0,0,1,0,3,1.20,29,88,4,4,0,0,3.92,-0.2,0.1,0.1,4.82,1,2,0,0,0,0,0,0,0,.000,0.00,0.1,.000,0,0,4.0,0,0,0.00,0,0,0,0,0,0,0,0,0,0,0,-0.3,0.0
664,RP,Tanner Banks,Sacramento,40688, , ,0,0,0,0,0,0,0,0,0,0,0,0,0,0,0,0,.000,.000,0,-0.0,0.0,0,0,-0.0,0.0,0.0,0.0,8,0,9.1,39,34,8,6,1,0,1,1,1,5,0,8,0,.280,0,0,0,2,8,1.37,20,164,8,10,0,0,4.96,0.5,0.2,0.6,4.45,1,8,0,0,0,0,0,0,0,.000,0.00,0.1,.000,0,0,9.1,0,0,0.00,0,0,0,0,0,0,0,0,0,0,0,-0.0,0.0
528,RP,Tanner Banks,Strickland,40688, , ,0,0,0,0,0,0,0,0,0,0,0,0,0,0,0,0,.000,.000,0,-0.0,0.0,0,0,-0.0,0.0,0.0,0.0,4,0,4.0,15,12,1,1,0,0,0,0,0,3,1,5,0,.143,0,0,0,1,4,1.99,17,69,4,2,0,0,2.67,0.3,0.2,0.4,3.80,1,4,0,1,1,0,0,0,0,1.000,2.25,0.1,1.043,0,0,4.0,0,0,0.00,1,1,0,0,0,0,0,0,0,0,0,-0.1,0.0
499,RP,Tanner Banks,Marble,40688, , ,0,0,0,0,0,0,0,0,0,0,0,0,0,0,0,0,.000,.000,0,-0.0,0.0,0,0,-0.0,0.0,0.0,0.0,2,0,3.1,17,13,3,2,1,0,0,2,1,4,0,3,0,.300,0,0,0,1,2,2.66,39,78,4,2,0,0,5.47,-0.2,0.1,0.1,6.02,1,2,0,0,0,0,0,0,0,.000,0.00,0.1,.000,0,0,3.1,0,0,0.00,0,0,0,0,0,0,0,0,0,0,0,0.0,0.0
89,RP,Tanner Banks,GKT,40688, , ,0,0,0,0,0,0,0,0,0,0,0,0,0,0,0,0,.000,.000,0,-0.0,0.0,0,0,-0.0,0.0,0.0,0.0,2,0,4.2,16,16,1,0,0,0,1,2,1,0,0,4,0,.000,0,0,0,0,2,0.30,32,65,5,5,0,0,4.74,-0.0,0.1,0.1,2.38,1,2,0,0,0,0,0,0,0,.000,0.00,0.1,.000,0,0,4.2,0,0,0.00,0,0,0,0,0,0,0,0,0,0,0,0.0,0.0
643,RP,Mike Baumann,Sacramento,35000, , ,0,0,0,0,0,0,0,0,0,0,0,0,0,0,0,0,.000,.000,0,-0.0,0.0,0,0,-0.0,0.0,0.0,0.0,7,0,10.0,46,39,10,5,1,0,4,11,11,7,0,15,0,.300,0,0,0,1,7,0.51,27,194,7,7,0,0,7.97,0.1,-0.1,-0.2,3.16,1,6,0,0,0,0,0,0,0,.000,0.00,0.2,.000,0,0,10.0,0,0,0.00,0,0,0,0,0,0,0,0,0,0,0,-0.5,0.0
77,RP,Mike Baumann,BZH,35000, , ,0,0,0,0,0,0,0,0,0,0,0,0,0,0,0,0,.000,.000,0,-0.0,0.0,0,0,-0.0,0.0,0.0,0.0,11,0,11.0,57,45,14,7,4,1,2,10,10,9,0,20,1,.500,1,1,0,0,11,1.26,24,264,6,7,1,0,5.13,-0.6,0.2,-0.1,2.92,1,11,0,1,1,0,0,0,0,1.000,0.82,-0.2,1.043,1,0,11.0,0,0,0.00,0,0,0,0,0,0,0,0,0,0,0,-0.5,0.0
75,RP,Tyler Beede,BZH,34022, , ,0,0,0,0,0,0,0,0,0,0,0,0,0,0,0,0,.000,.000,0,-0.0,0.0,0,0,-0.0,0.0,0.0,0.0,10,0,13.2,60,52,12,6,2,0,4,10,10,8,0,15,0,.242,0,0,2,2,10,0.78,24,242,14,10,3,0,7.04,0.2,-0.1,0.1,3.93,1,9,0,0,0,0,0,0,0,.000,0.00,-1.0,.000,3,0,13.2,0,0,0.00,0,0,0,0,0,0,0,0,0,0,0,-0.1,0.0
291,RP,Andrew Bellatti,Tokyo,40746, , ,0,0,0,0,0,0,0,0,0,0,0,0,0,0,0,0,.000,.000,0,-0.0,0.0,0,0,-0.0,0.0,0.0,0.0,4,0,4.2,19,18,4,1,2,0,1,2,2,1,0,5,0,.250,0,0,0,0,4,0.36,18,75,3,6,0,0,4.96,-0.0,0.1,0.1,2.56,1,4,0,0,0,0,0,0,0,.000,0.00,0.1,.000,0,0,4.2,0,0,0.00,0,0,0,0,0,0,0,0,0,0,0,0.0,0.0
188,RP,Andrew Bellatti,Lebowski,40746, , ,0,0,0,0,0,0,0,0,0,0,0,0,0,0,0,0,.000,.000,0,-0.0,0.0,0,0,-0.0,0.0,0.0,0.0,6,0,5.0,25,21,7,5,2,0,0,1,1,4,0,5,0,.438,0,0,0,1,6,0.66,16,97,4,5,1,0,4.07,0.0,0.1,0.2,4.90,1,6,0,1,1,0,0,0,0,1.000,1.80,-0.3,1.043,1,0,5.0,0,0,0.00,1,1,0,0,0,0,0,0,0,0,0,-0.1,0.0
426,RP,Ralph Birkofer,Radium,40452, , ,0,0,0,0,0,0,0,0,0,0,0,0,0,0,0,0,.000,.000,0,-0.0,0.0,0,0,-0.0,0.0,0.0,0.0,3,0,5.0,21,19,4,3,0,0,1,4,4,2,0,6,0,.250,0,0,0,0,3,1.28,28,86,2,7,0,0,5.07,-0.4,0.1,-0.0,2.50,1,3,0,1,0,1,0,0,0,1.000,1.80,0.1,.000,0,0,5.0,0,0,0.00,0,0,0,0,0,0,0,0,0,0,0,0.1,0.0
174,RP,Nick Blackburn,Mighty,39467, , ,0,0,0,0,0,0,0,0,0,0,0,0,0,0,0,0,.000,.000,0,-0.0,0.0,0,0,-0.0,0.0,0.0,0.0,7,0,15.1,70,65,18,9,2,0,7,14,14,5,0,18,0,.275,0,0,1,0,7,0.83,40,284,15,13,1,0,8.24,-0.4,-0.2,-0.1,3.12,1,7,0,0,0,0,0,0,0,.000,0.00,-0.2,.000,1,0,15.1,0,0,0.00,0,0,0,0,0,0,0,0,0,0,0,-0.1,0.0
679,RP,Ronel Blanco,Uxbridge,40806, , ,0,0,0,0,0,0,0,0,0,0,0,0,0,0,0,0,.000,.000,0,-0.0,0.0,0,0,-0.0,0.0,0.0,0.0,3,0,3.1,16,11,1,1,0,0,0,1,1,5,0,4,0,.143,0,0,1,0,3,0.33,25,76,3,3,0,0,5.77,0.0,0.0,0.1,5.95,1,3,0,0,0,0,0,0,0,.000,0.00,0.1,.000,0,0,3.1,0,0,0.00,0,0,0,0,0,0,0,0,0,0,0,-0.1,0.0
534,RP,Ronel Blanco,Strickland,40806, , ,0,0,0,0,0,0,0,0,0,0,0,0,0,0,0,0,.000,.000,0,-0.0,0.0,0,0,-0.0,0.0,0.0,0.0,4,0,4.0,20,17,5,4,0,0,1,4,3,1,0,7,1,.444,1,0,1,0,4,0.42,22,88,5,1,0,0,4.92,-0.5,0.1,-0.1,2.26,1,3,0,2,1,0,1,0,0,.500,2.25,-0.2,.000,0,0,4.0,0,0,0.00,1,1,0,0,0,0,0,0,0,0,0,-0.1,0.0
333,RP,Doug Bochtler,Stockholm,40448, , ,0,0,0,0,0,0,0,0,0,0,0,0,0,0,0,0,.000,.000,0,-0.0,0.0,0,0,-0.0,0.0,0.0,0.0,5,0,5.0,26,23,8,2,2,0,4,9,9,3,0,4,0,.267,0,0,1,0,5,0.51,17,85,4,7,1,0,14.27,-0.4,-0.3,-0.4,5.05,1,5,0,1,1,0,0,0,0,1.000,1.80,-0.3,1.043,1,0,5.0,0,0,0.00,0,0,0,0,0,0,0,0,0,0,0,-0.1,0.0
624,RP,Brian Bohanon,Metropolis,38948, , ,0,0,0,0,0,0,0,0,0,0,0,0,0,0,0,0,.000,.000,0,-0.0,0.0,0,0,-0.0,0.0,0.0,0.0,3,0,5.0,20,18,5,4,0,0,1,3,3,2,0,5,0,.333,0,0,0,2,3,0.69,22,66,2,5,0,1,5.47,0.1,0.1,0.1,3.35,1,3,0,0,0,0,0,0,0,.000,0.00,-0.0,.000,1,1,5.0,0,0,0.00,0,0,1,0,0,0,0,0,0,0,0,-0.3,0.0
69,RP,Ronald Bolanos,BZH,40687, , ,0,0,0,0,0,0,0,0,0,0,0,0,0,0,0,0,.000,.000,0,-0.0,0.0,0,0,-0.0,0.0,0.0,0.0,11,0,12.2,65,55,19,11,2,0,6,17,14,10,0,15,0,.382,0,0,2,1,11,0.83,22,246,9,12,0,1,9.83,-0.3,-0.4,-0.5,4.39,1,11,0,2,1,1,0,0,0,1.000,1.42,0.4,1.043,1,1,12.2,0,0,0.00,1,1,0,0,1,1,0,0,0,0,0,-0.0,0.0
424,RP,Ryan Borucki,Radium,34862, , ,0,0,0,0,0,0,0,0,0,0,0,0,0,0,0,0,.000,.000,0,-0.0,0.0,0,0,-0.0,0.0,0.0,0.0,4,0,5.2,20,18,3,3,0,0,0,0,0,1,0,8,0,.273,0,1,1,0,4,0.84,18,72,4,4,0,0,1.38,0.3,0.3,0.4,1.15,1,4,0,1,1,0,0,0,0,1.000,1.59,0.1,.000,0,0,5.2,0,0,0.00,0,0,0,0,0,0,0,0,0,0,0,-0.1,0.0
105,RP,Matt Boyd,Auckland,35696, , ,0,0,0,0,0,0,0,0,0,0,0,0,0,0,0,0,.000,.000,0,-0.0,0.0,0,0,-0.0,0.0,0.0,0.0,10,0,17.0,72,62,14,6,2,1,5,11,11,9,0,21,1,.250,0,0,0,1,10,0.66,29,296,11,16,3,1,6.79,-0.2,-0.0,0.2,3.21,1,10,0,3,2,1,0,1,0,1.000,1.59,-0.8,1.043,4,1,17.0,0,0,0.00,0,0,0,0,0,0,0,0,0,0,0,-0.4,0.0
701,RP,Jake Brentz,Dallas,34748, , ,0,0,0,0,0,0,0,0,0,0,0,0,0,0,0,0,.000,.000,0,-0.0,0.0,0,0,-0.0,0.0,0.0,0.0,3,0,2.1,9,7,1,1,0,0,0,0,0,2,0,4,0,.333,0,0,0,1,3,0.36,13,40,2,0,0,0,2.82,0.1,0.1,0.1,3.31,1,3,0,0,0,0,0,0,0,.000,0.00,0.0,.000,0,0,2.1,0,0,0.00,0,0,0,0,0,0,0,0,0,0,0,-0.1,0.0
243,RP,JT Brubaker,Kennereigh,34243, , ,0,0,0,0,0,0,0,0,0,0,0,0,0,0,0,0,.000,.000,0,-0.0,0.0,0,0,-0.0,0.0,0.0,0.0,3,0,4.0,21,18,6,4,0,0,2,3,3,3,0,8,0,.500,0,0,0,0,3,0.22,27,83,3,1,0,0,8.42,0.0,-0.1,0.0,2.60,1,3,0,0,0,0,0,0,0,.000,0.00,0.1,.000,0,0,4.0,0,0,0.00,0,0,0,0,0,0,0,0,0,0,0,-0.3,0.0
235,RP,Madison Bumgarner,Kennereigh,34172, , ,0,0,0,0,0,0,0,0,0,0,0,0,0,0,0,0,.000,.000,0,-0.0,0.0,0,0,-0.0,0.0,0.0,0.0,5,0,10.0,49,41,12,9,3,0,0,10,10,7,1,12,1,.414,0,0,1,1,5,0.53,34,172,8,8,0,1,3.37,-0.1,0.3,-0.1,4.08,1,5,0,1,1,0,0,0,0,1.000,0.90,0.3,1.043,1,1,10.0,0,0,0.00,1,1,0,0,0,0,0,0,0,0,0,-0.5,0.0
43,RP,Madison Bumgarner,Phoenix,34172, , ,0,0,0,0,0,0,0,0,0,0,0,0,0,0,0,0,.000,.000,0,-0.0,0.0,0,0,-0.0,0.0,0.0,0.0,5,0,5.2,32,27,11,6,2,1,2,4,4,4,0,6,1,.474,0,0,1,0,5,0.48,26,131,5,5,0,0,8.79,-0.0,-0.1,0.0,4.66,1,5,0,1,1,0,0,0,0,1.000,1.59,-0.1,1.043,0,0,5.2,0,0,0.00,2,1,0,0,0,0,0,0,0,0,0,-0.1,0.0
587,RP,Tom Burgmeier,Baseball,38841, , ,0,0,0,0,0,0,0,0,0,0,0,0,0,0,0,0,.000,.000,0,-0.0,0.0,0,0,-0.0,0.0,0.0,0.0,5,0,8.2,43,37,10,7,1,0,2,11,4,6,0,6,0,.276,0,0,0,1,5,0.87,34,172,11,7,0,1,7.37,0.0,-0.1,-0.3,5.47,1,5,0,1,0,1,0,0,0,1.000,1.04,0.2,.000,1,1,8.2,0,0,0.00,0,0,0,0,0,0,0,0,0,0,0,-0.4,0.0
213,RP,Tom Burgmeier,Muktown,38841, , ,0,0,0,0,0,0,0,0,0,0,0,0,0,0,0,0,.000,.000,0,-0.0,0.0,0,0,-0.0,0.0,0.0,0.0,11,0,11.2,54,43,9,6,1,0,2,7,2,10,0,15,0,.259,0,1,0,0,11,1.32,19,217,10,8,1,2,5.90,-0.6,0.1,0.2,4.14,1,11,0,1,1,0,0,0,0,1.000,0.77,-0.0,1.043,3,2,11.2,0,0,0.00,0,0,0,0,0,0,0,0,0,0,0,-0.1,0.0
401,RP,Matt Bush,Winterfell,40560, , ,0,0,0,0,0,0,0,0,0,0,0,0,0,0,0,0,.000,.000,0,-0.0,0.0,0,0,-0.0,0.0,0.0,0.0,2,0,3.0,15,13,4,1,2,0,1,4,4,1,0,3,1,.333,0,0,0,0,2,0.31,30,61,3,3,0,0,8.01,-0.0,-0.0,-0.1,3.82,1,2,0,0,0,0,0,0,0,.000,0.00,0.0,.000,0,0,3.0,0,0,0.00,0,0,0,0,0,0,0,0,0,0,0,-0.3,0.0
189,RP,Matt Bush,Lebowski,40560, , ,0,0,0,0,0,0,0,0,0,0,0,0,0,0,0,0,.000,.000,0,-0.0,0.0,0,0,-0.0,0.0,0.0,0.0,6,0,7.0,31,26,7,7,0,0,0,1,1,5,0,8,0,.389,0,0,0,0,6,0.44,17,105,7,4,0,1,3.53,0.1,0.2,0.4,4.17,1,6,0,2,1,1,0,0,0,1.000,2.57,-0.0,1.043,1,1,7.0,0,0,0.00,2,1,0,0,0,0,0,0,0,0,0,0.1,0.0
574,RP,Tim Byrdak,Baseball,40404, , ,0,0,0,0,0,0,0,0,0,0,0,0,0,0,0,0,.000,.000,0,-0.0,0.0,0,0,-0.0,0.0,0.0,0.0,8,0,6.2,31,23,3,3,0,0,0,2,1,8,0,13,0,.300,0,0,0,0,8,1.80,16,128,6,1,1,0,3.37,0.1,0.3,0.4,3.66,1,8,0,0,0,0,0,0,0,.000,0.00,-0.3,.000,1,0,6.2,0,0,0.00,0,0,0,0,0,0,0,0,0,0,0,0.0,0.0
599,RP,Matt Capps,Rosarito,39495, , ,0,0,0,0,0,0,0,0,0,0,0,0,0,0,0,0,.000,.000,0,-0.0,0.0,0,0,-0.0,0.0,0.0,0.0,3,0,3.2,14,12,2,1,1,0,0,0,0,1,0,6,0,.286,0,1,1,0,3,0.93,16,49,1,4,0,0,1.22,0.1,0.2,0.2,0.33,1,3,0,0,0,0,0,0,0,.000,0.00,0.1,.000,0,0,3.2,0,0,0.00,0,0,0,0,0,0,0,0,0,0,0,0.3,0.0
365,RP,Matt Capps,Iron,39495, , ,0,0,0,0,0,0,0,0,0,0,0,0,0,0,0,0,.000,.000,0,-0.0,0.0,0,0,-0.0,0.0,0.0,0.0,6,0,7.1,29,29,8,6,2,0,0,4,4,0,0,6,0,.348,0,0,1,2,6,0.63,18,108,6,8,0,0,2.04,0.0,0.3,0.1,2.91,1,6,0,1,0,1,0,0,0,1.000,1.23,0.1,.000,0,0,7.1,0,0,0.00,0,0,0,0,0,0,0,0,0,0,0,0.0,0.0
766,RP,Giovanni Carrara,Sugar Land,40391, , ,0,0,0,0,0,0,0,0,0,0,0,0,0,0,0,0,.000,.000,0,-0.0,0.0,0,0,-0.0,0.0,0.0,0.0,3,0,5.0,21,20,6,2,0,0,4,5,5,0,0,7,1,.222,0,0,0,1,3,0.38,28,86,4,3,0,0,11.87,-0.1,-0.2,-0.1,1.42,1,3,0,1,0,1,0,0,0,1.000,1.80,0.1,.000,0,0,5.0,0,0,0.00,0,0,0,0,0,0,0,0,0,0,0,-0.4,0.0
605,RP,Daniel Castano,Rosarito,34456, , ,0,0,0,0,0,0,0,0,0,0,0,0,0,0,0,0,.000,.000,0,-0.0,0.0,0,0,-0.0,0.0,0.0,0.0,3,0,4.0,17,16,3,1,0,0,2,3,3,1,0,4,0,.100,0,0,0,0,3,0.51,24,72,6,1,1,1,8.92,0.0,-0.1,0.0,3.89,1,3,0,1,0,0,1,0,0,.000,0.00,-0.7,.000,2,1,4.0,0,0,0.00,0,0,1,0,0,0,0,0,0,0,0,0.1,0.0
167,RP,Daniel Castano,Mighty,34456, , ,0,0,0,0,0,0,0,0,0,0,0,0,0,0,0,0,.000,.000,0,-0.0,0.0,0,0,-0.0,0.0,0.0,0.0,7,0,10.0,43,38,8,4,4,0,0,5,3,5,0,9,0,.276,0,0,1,0,7,1.11,21,151,14,6,0,1,3.37,0.3,0.3,0.2,4.42,1,7,0,2,0,2,0,0,0,1.000,1.80,0.2,.000,1,1,10.0,0,0,0.00,0,0,0,0,0,0,0,0,0,0,0,-0.3,0.0
74,RP,Ryan Castellani,BZH,40827, , ,0,0,0,0,0,0,0,0,0,0,0,0,0,0,0,0,.000,.000,0,-0.0,0.0,0,0,-0.0,0.0,0.0,0.0,10,0,13.0,63,51,15,7,6,0,2,9,8,12,0,13,0,.361,0,0,0,2,10,1.00,26,260,11,11,0,0,6.44,0.3,0.0,0.1,5.14,1,10,0,1,0,0,1,0,0,.000,0.00,-0.3,.000,0,0,13.0,0,0,0.00,1,0,0,0,0,0,0,0,0,0,0,-0.1,0.0
582,RP,Miguel Castro,Baseball,34439, , ,0,0,0,0,0,0,0,0,0,0,0,0,0,0,0,0,.000,.000,0,-0.0,0.0,0,0,-0.0,0.0,0.0,0.0,6,0,6.2,34,25,9,6,1,0,2,10,10,8,0,7,0,.412,0,1,0,1,6,0.85,22,133,2,8,0,1,9.07,-0.2,-0.1,-0.3,5.63,1,5,0,0,0,0,0,0,0,.000,0.00,0.2,.000,1,1,6.2,0,0,0.00,0,0,0,0,0,0,0,0,0,0,0,0.0,0.0
377,RP,Miguel Castro,Iron,34439, , ,0,0,0,0,0,0,0,0,0,0,0,0,0,0,0,0,.000,.000,0,-0.0,0.0,0,0,-0.0,0.0,0.0,0.0,6,0,6.2,27,21,1,0,0,0,1,3,3,5,0,12,1,.000,0,0,1,0,6,0.50,21,128,4,4,0,0,4.72,-0.2,0.1,0.2,2.22,1,6,0,1,1,0,0,0,0,1.000,1.35,0.1,1.043,0,0,6.2,0,0,0.00,1,1,0,0,0,0,0,0,0,0,0,-0.5,0.0
508,RP,Jesse Chavez,Marble,34317, , ,0,0,0,0,0,0,0,0,0,0,0,0,0,0,0,0,.000,.000,0,-0.0,0.0,0,0,-0.0,0.0,0.0,0.0,4,0,3.0,18,13,4,2,0,0,2,4,4,5,0,3,0,.250,0,0,0,0,4,0.72,23,93,4,2,0,0,15.34,0.0,-0.2,-0.1,6.61,1,4,0,0,0,0,0,0,0,.000,0.00,0.0,.000,0,0,3.0,0,0,0.00,0,0,0,0,0,0,0,0,0,0,0,0.0,0.0
237,RP,Jesse Chavez,Kennereigh,34317, , ,0,0,0,0,0,0,0,0,0,0,0,0,0,0,0,0,.000,.000,0,-0.0,0.0,0,0,-0.0,0.0,0.0,0.0,6,0,7.2,35,27,7,5,1,0,1,7,6,8,1,3,0,.261,0,0,1,4,6,0.79,24,149,10,6,1,0,7.33,-0.3,-0.1,-0.1,7.20,1,6,0,1,1,0,0,1,0,1.000,1.17,-0.3,1.043,1,0,7.2,0,0,0.00,0,0,0,0,0,0,0,0,0,0,0,-0.5,0.0
1454,RP,Steve Cishek,Montreal,34353, , ,0,0,0,0,0,0,0,0,0,0,0,0,0,0,0,0,.000,.000,0,-0.0,0.0,0,0,-0.0,0.0,0.0,0.0,11,0,9.0,40,34,8,8,0,0,0,4,3,5,0,8,0,.296,0,1,0,1,11,1.07,13,143,9,9,0,0,3.56,0.0,0.3,0.3,4.48,1,11,0,0,0,0,0,0,0,.000,0.00,0.1,.000,0,0,9.0,0,0,0.00,0,0,0,0,0,0,0,0,0,0,0,-0.3,0.0
708,RP,Steve Cishek,Dallas,34353, , ,0,0,0,0,0,0,0,0,0,0,0,0,0,0,0,0,.000,.000,0,-0.0,0.0,0,0,-0.0,0.0,0.0,0.0,1,0,1.0,4,4,1,1,0,0,0,0,0,0,0,1,0,.333,0,0,0,0,1,1.05,15,15,0,2,0,0,1.67,0.1,0.0,0.1,0.37,1,1,0,0,0,0,0,0,0,.000,0.00,0.0,.000,0,0,1.0,0,0,0.00,0,0,0,0,0,0,0,0,0,0,0,0.0,0.0
692,RP,Steve Cishek,Uxbridge,34353, , ,0,0,0,0,0,0,0,0,0,0,0,0,0,0,0,0,.000,.000,0,-0.0,0.0,0,0,-0.0,0.0,0.0,0.0,2,0,2.2,14,10,2,1,0,0,1,4,1,4,0,5,0,.250,0,0,1,0,2,0.34,35,71,2,1,0,0,9.30,0.0,-0.1,-0.1,4.38,1,2,0,0,0,0,0,0,0,.000,0.00,0.0,.000,0,0,2.2,0,0,0.00,0,0,0,0,0,0,0,0,0,0,0,-0.1,0.0
611,RP,Steve Cishek,Rosarito,34353, , ,0,0,0,0,0,0,0,0,0,0,0,0,0,0,0,0,.000,.000,0,-0.0,0.0,0,0,-0.0,0.0,0.0,0.0,4,0,4.0,11,9,0,0,0,0,0,0,0,2,0,3,0,.000,0,0,0,2,4,0.75,10,43,6,0,0,1,3.67,0.2,0.1,0.3,6.12,1,4,0,0,0,0,0,0,0,.000,0.00,0.2,.000,1,1,4.0,0,0,0.00,0,0,0,0,0,0,0,0,0,0,0,-0.0,0.0
581,RP,Steve Cishek,Baseball,34353, , ,0,0,0,0,0,0,0,0,0,0,0,0,0,0,0,0,.000,.000,0,-0.0,0.0,0,0,-0.0,0.0,0.0,0.0,7,0,5.1,26,25,10,5,1,0,4,8,5,1,0,5,0,.375,0,0,0,1,7,0.66,14,104,6,3,0,1,12.11,-0.6,-0.3,-0.3,3.68,1,7,0,0,0,0,0,0,0,.000,0.00,0.2,.000,1,1,5.1,0,0,0.00,0,0,0,0,0,0,0,0,0,0,0,-0.1,0.0
554,RP,Steve Cishek,Bern,34353, , ,0,0,0,0,0,0,0,0,0,0,0,0,0,0,0,0,.000,.000,0,-0.0,0.0,0,0,-0.0,0.0,0.0,0.0,3,0,4.1,16,15,3,1,0,0,2,3,3,1,0,8,0,.200,0,0,0,0,3,0.73,22,67,2,2,0,0,6.67,0.1,-0.0,0.0,0.28,1,3,0,2,1,1,0,0,0,1.000,4.15,0.1,.000,0,0,4.1,0,0,0.00,0,0,0,0,0,0,0,0,0,0,0,0.1,0.0
526,RP,Steve Cishek,Strickland,34353, , ,0,0,0,0,0,0,0,0,0,0,0,0,0,0,0,0,.000,.000,0,-0.0,0.0,0,0,-0.0,0.0,0.0,0.0,4,0,8.1,34,30,7,4,2,0,1,2,2,4,0,7,0,.273,0,0,0,2,4,0.52,31,126,9,7,0,0,4.99,0.1,0.1,0.4,4.32,1,4,0,1,1,0,0,0,0,1.000,1.08,0.2,1.043,0,0,8.1,0,0,0.00,1,1,0,0,0,0,0,0,0,0,0,-0.1,0.0
389,RP,Steve Cishek,Winterfell,34353, , ,0,0,0,0,0,0,0,0,0,0,0,0,0,0,0,0,.000,.000,0,-0.0,0.0,0,0,-0.0,0.0,0.0,0.0,3,0,2.2,12,10,3,3,0,0,0,0,0,2,0,3,0,.429,0,0,0,1,3,0.49,16,49,3,1,0,0,3.67,0.1,0.1,0.2,4.44,1,3,0,0,0,0,0,0,0,.000,0.00,0.0,.000,0,0,2.2,0,0,0.00,0,0,0,0,0,0,0,0,0,0,0,0.1,0.0
388,RP,Steve Cishek,Iron,34353, , ,0,0,0,0,0,0,0,0,0,0,0,0,0,0,0,0,.000,.000,0,-0.0,0.0,0,0,-0.0,0.0,0.0,0.0,6,0,8.0,33,30,6,4,0,0,2,2,2,3,0,7,0,.190,0,0,1,1,6,0.71,20,120,9,7,0,0,6.30,0.2,0.0,0.3,3.94,1,6,0,0,0,0,0,0,0,.000,0.00,0.1,.000,0,0,8.0,0,0,0.00,0,0,0,0,0,0,0,0,0,0,0,-0.3,0.0
277,RP,Steve Cishek,Bellingham,34353, , ,0,0,0,0,0,0,0,0,0,0,0,0,0,0,0,0,.000,.000,0,-0.0,0.0,0,0,-0.0,0.0,0.0,0.0,1,0,1.0,6,6,3,2,1,0,0,1,1,0,0,2,0,.750,0,0,0,0,1,1.98,18,18,1,0,0,0,0.00,-0.2,0.1,-0.0,1.77,1,1,0,0,0,0,0,0,0,.000,0.00,0.0,.000,0,0,1.0,0,0,0.00,0,0,0,0,0,0,0,0,0,0,0,0.0,0.0
182,RP,Steve Cishek,Mighty,34353, , ,0,0,0,0,0,0,0,0,0,0,0,0,0,0,0,0,.000,.000,0,-0.0,0.0,0,0,-0.0,0.0,0.0,0.0,8,0,8.0,35,31,7,4,2,0,1,2,2,4,0,10,0,.300,0,0,0,0,8,0.67,16,134,6,8,0,0,4.30,-0.2,0.2,0.3,3.18,1,8,0,0,0,0,0,0,0,.000,0.00,0.1,.000,0,0,8.0,0,0,0.00,0,0,0,0,0,0,0,0,0,0,0,-0.8,0.0
785,RP,Jose Cisnero,Sugar Land,34777, , ,0,0,0,0,0,0,0,0,0,0,0,0,0,0,0,0,.000,.000,0,-0.0,0.0,0,0,-0.0,0.0,0.0,0.0,3,0,3.1,16,15,5,2,0,0,3,3,3,1,0,5,0,.286,0,0,0,0,3,0.87,22,66,2,3,0,0,13.27,-0.3,-0.2,-0.0,2.21,1,3,0,0,0,0,0,0,0,.000,0.00,0.1,.000,0,0,3.1,0,0,0.00,0,0,0,0,0,0,0,0,0,0,0,0.0,0.0
629,RP,Jose Cisnero,Metropolis,39421, , ,0,0,0,0,0,0,0,0,0,0,0,0,0,0,0,0,.000,.000,0,-0.0,0.0,0,0,-0.0,0.0,0.0,0.0,2,0,1.2,13,9,4,1,1,0,2,6,6,4,0,2,0,.400,0,0,0,0,2,0.33,27,54,1,2,1,0,24.07,-0.0,-0.2,-0.3,7.34,1,2,0,0,0,0,0,0,0,.000,0.00,-0.4,.000,1,0,1.2,0,0,0.00,0,0,0,0,0,0,0,0,0,0,0,-0.1,0.0
545,RP,Jose Cisnero,Bern,34777, , ,0,0,0,0,0,0,0,0,0,0,0,0,0,0,0,0,.000,.000,0,-0.0,0.0,0,0,-0.0,0.0,0.0,0.0,4,0,4.0,18,15,4,3,0,0,1,1,1,3,0,4,0,.300,0,0,1,1,4,0.46,17,69,4,3,0,0,7.17,-0.0,-0.0,0.2,4.65,1,4,0,0,0,0,0,0,0,.000,0.00,0.1,.000,0,0,4.0,0,0,0.00,0,0,0,0,0,0,0,0,0,0,0,-0.1,0.0
326,RP,Jose Cisnero,Stockholm,34777, , ,0,0,0,0,0,0,0,0,0,0,0,0,0,0,0,0,.000,.000,0,-0.0,0.0,0,0,-0.0,0.0,0.0,0.0,4,0,5.0,22,17,3,2,0,0,1,3,3,3,0,5,2,.182,0,0,0,1,4,0.89,22,89,5,4,1,0,7.27,0.0,-0.0,0.1,4.24,1,4,0,0,0,0,0,0,0,.000,0.00,-0.3,.000,1,0,5.0,0,0,0.00,0,0,0,0,0,0,0,0,0,0,0,0.1,0.0
126,RP,Jose Cisnero,Auckland,39421, , ,0,0,0,0,0,0,0,0,0,0,0,0,0,0,0,0,.000,.000,0,-0.0,0.0,0,0,-0.0,0.0,0.0,0.0,12,0,13.0,55,45,8,4,0,0,4,6,6,10,0,22,0,.211,0,0,0,0,12,0.89,18,217,10,5,0,2,6.60,0.2,0.0,0.3,2.82,1,12,0,1,0,1,0,0,0,1.000,0.69,0.4,.000,2,2,13.0,0,0,0.00,0,0,0,0,0,0,0,0,0,0,0,-0.0,0.0
31,RP,Kyle Crick,Phoenix,40566, , ,0,0,0,0,0,0,0,0,0,0,0,0,0,0,0,0,.000,.000,0,-0.0,0.0,0,0,-0.0,0.0,0.0,0.0,6,0,6.2,39,29,10,4,1,0,5,12,12,7,0,9,1,.294,0,2,0,0,6,0.71,24,149,4,7,1,0,14.32,-0.5,-0.4,-0.5,4.68,1,6,0,0,0,0,0,0,0,.000,0.00,-0.3,.000,1,0,6.2,0,0,0.00,0,0,0,0,0,0,0,0,0,0,0,-0.1,0.0
221,RP,Tim Davis,Muktown,40307, , ,0,0,0,0,0,0,0,0,0,0,0,0,0,0,0,0,.000,.000,0,-0.0,0.0,0,0,-0.0,0.0,0.0,0.0,8,0,8.0,38,32,9,8,1,0,0,2,2,3,0,7,2,.360,1,0,0,1,8,1.11,17,137,7,8,0,1,3.80,0.5,0.2,0.4,4.18,1,8,0,1,0,1,0,0,0,1.000,1.12,0.2,.000,1,1,8.0,0,0,0.00,0,0,0,0,0,0,0,0,0,0,0,-0.4,0.0
739,RP,Enyel De Los Santos,Berlin,40764, , ,0,0,0,0,0,0,0,0,0,0,0,0,0,0,0,0,.000,.000,0,-0.0,0.0,0,0,-0.0,0.0,0.0,0.0,9,0,11.0,43,40,8,4,1,0,3,4,4,3,0,15,0,.227,0,0,1,1,9,1.18,18,163,8,8,0,1,5.31,0.2,0.1,0.4,1.95,1,9,0,1,1,0,0,0,0,1.000,0.82,0.3,.000,1,1,11.0,0,0,0.00,0,0,0,0,0,0,0,0,0,0,0,0.1,0.0
267,RP,Enyel De Los Santos,Bellingham,40764, , ,0,0,0,0,0,0,0,0,0,0,0,0,0,0,0,0,.000,.000,0,-0.0,0.0,0,0,-0.0,0.0,0.0,0.0,2,0,5.0,22,19,5,0,3,0,2,2,2,3,0,5,0,.250,0,0,0,1,2,0.15,38,76,4,5,0,0,8.67,0.0,-0.1,0.2,4.24,1,2,0,1,1,0,0,1,0,1.000,1.80,0.1,1.043,0,0,5.0,0,0,0.00,0,0,0,0,0,0,0,0,0,0,0,-0.0,0.0
456,RP,Phillip Diehl,Rocky Top,40831, , ,0,0,0,0,0,0,0,0,0,0,0,0,0,0,0,0,.000,.000,0,-0.0,0.0,0,0,-0.0,0.0,0.0,0.0,3,0,4.1,17,15,2,2,0,0,0,0,0,2,0,6,0,.222,0,0,0,0,3,1.05,20,62,6,1,0,0,2.29,0.3,0.2,0.3,3.35,1,3,0,0,0,0,0,0,0,.000,0.00,0.1,.000,0,0,4.1,0,0,0.00,0,0,0,0,0,0,0,0,0,0,0,-0.0,0.0
84,RP,Phillip Diehl,GKT,40831, , ,0,0,0,0,0,0,0,0,0,0,0,0,0,0,0,0,.000,.000,0,-0.0,0.0,0,0,-0.0,0.0,0.0,0.0,3,0,4.1,20,18,5,3,1,1,0,2,2,2,0,6,0,.417,0,0,0,0,3,0.37,23,71,3,4,1,0,2.29,0.0,0.2,0.1,2.83,1,3,0,0,0,0,0,0,0,.000,0.00,-0.3,.000,1,0,4.1,0,0,0.00,0,0,0,0,0,0,0,0,0,0,0,-0.1,0.0
586,RP,Jake Diekman,Baseball,35894, , ,0,0,0,0,0,0,0,0,0,0,0,0,0,0,0,0,.000,.000,0,-0.0,0.0,0,0,-0.0,0.0,0.0,0.0,3,0,5.0,21,15,2,2,0,0,0,1,1,5,0,8,0,.286,1,0,0,1,3,1.01,33,100,5,1,1,0,3.47,0.2,0.1,0.2,3.89,1,3,0,2,1,1,0,0,0,1.000,3.60,-0.5,1.043,1,0,5.0,0,0,0.00,0,0,1,0,0,0,0,0,0,0,0,-0.0,0.0
455,RP,Daniel Duarte,Rocky Top,40697, , ,0,0,0,0,0,0,0,0,0,0,0,0,0,0,0,0,.000,.000,0,-0.0,0.0,0,0,-0.0,0.0,0.0,0.0,2,0,4.0,18,13,2,0,1,0,1,3,2,4,0,5,0,.125,0,1,0,1,2,0.24,31,62,3,4,0,0,7.42,-0.0,-0.0,0.0,4.55,1,2,0,0,0,0,0,0,0,.000,0.00,0.1,.000,0,0,4.0,0,0,0.00,0,0,0,0,0,0,0,0,0,0,0,-0.1,0.0
172,RP,Alex Ferguson,Mighty,40245, , ,0,0,0,0,0,0,0,0,0,0,0,0,0,0,0,0,.000,.000,0,-0.0,0.0,0,0,-0.0,0.0,0.0,0.0,8,0,13.2,64,61,19,9,8,0,2,7,7,3,0,16,0,.395,0,0,1,0,8,0.60,29,232,13,12,0,0,3.89,-0.5,0.3,0.3,2.92,1,8,0,0,0,0,0,0,0,.000,0.00,0.2,.000,0,0,13.2,0,0,0.00,0,0,0,0,0,0,0,0,0,0,0,0.3,0.0
780,RP,Matt Festa,Sugar Land,40802, , ,0,0,0,0,0,0,0,0,0,0,0,0,0,0,0,0,.000,.000,0,-0.0,0.0,0,0,-0.0,0.0,0.0,0.0,4,0,5.1,21,19,3,0,1,0,2,3,3,2,0,6,0,.091,0,0,0,0,4,0.16,22,90,4,6,0,0,7.42,0.0,-0.0,0.1,2.89,1,4,0,2,1,1,0,0,0,1.000,3.38,0.1,1.043,0,0,5.1,0,0,0.00,1,1,0,0,0,0,0,0,0,0,0,-0.0,0.0
436,RP,John Frascatore,Radium,40220, , ,0,0,0,0,0,0,0,0,0,0,0,0,0,0,0,0,.000,.000,0,-0.0,0.0,0,0,-0.0,0.0,0.0,0.0,2,0,2.0,13,8,2,2,0,0,0,3,3,5,0,4,0,.500,0,0,0,0,2,1.00,32,65,1,1,0,0,7.17,0.1,-0.0,-0.1,6.04,1,2,0,1,0,1,0,0,0,1.000,4.50,0.0,.000,0,0,2.0,0,0,0.00,0,0,0,0,0,0,0,0,0,0,0,0.0,0.0
211,RP,John Frascatore,Muktown,40220, , ,0,0,0,0,0,0,0,0,0,0,0,0,0,0,0,0,.000,.000,0,-0.0,0.0,0,0,-0.0,0.0,0.0,0.0,15,0,17.2,76,64,16,11,4,1,0,8,8,7,0,14,3,.314,1,1,1,4,15,1.19,18,277,20,15,0,0,3.79,-0.5,0.5,0.5,4.33,1,15,0,1,1,0,0,0,0,1.000,0.51,0.1,1.043,0,0,17.2,0,0,0.00,0,0,1,0,0,0,0,0,0,0,0,-0.1,0.0
6,RP,John Frascatore,Appleton,40220, , ,0,0,0,0,0,0,0,0,0,0,0,0,0,0,0,0,.000,.000,0,-0.0,0.0,0,0,-0.0,0.0,0.0,0.0,4,0,2.0,14,11,6,5,0,0,1,4,4,2,0,3,0,.625,0,1,3,0,4,1.09,13,54,1,2,0,0,10.17,-0.5,-0.1,-0.2,4.49,1,4,0,0,0,0,0,0,0,.000,0.00,0.0,.000,0,0,2.0,0,0,0.00,0,0,0,0,0,0,0,0,0,0,0,0.0,0.0
706,RP,Jason Frasor,Dallas,36121, , ,0,0,0,0,0,0,0,0,0,0,0,0,0,0,0,0,.000,.000,0,-0.0,0.0,0,0,-0.0,0.0,0.0,0.0,3,0,4.1,19,19,6,4,1,0,1,3,3,0,0,6,0,.417,0,0,1,1,3,0.28,21,65,2,4,0,0,3.90,-0.0,0.1,0.0,1.33,1,3,0,0,0,0,0,0,0,.000,0.00,0.1,.000,0,0,4.1,0,0,0.00,0,0,0,0,0,0,0,0,0,0,0,0.0,0.0
748,RP,Paul Fry,Berlin,35002, , ,0,0,0,0,0,0,0,0,0,0,0,0,0,0,0,0,.000,.000,0,-0.0,0.0,0,0,-0.0,0.0,0.0,0.0,7,0,6.0,38,26,11,5,3,0,3,14,14,11,0,6,1,.471,0,0,0,3,7,1.25,22,159,5,4,0,0,14.17,-0.2,-0.4,-0.7,6.92,1,7,0,1,0,1,0,0,0,1.000,1.50,0.1,.000,0,0,6.0,0,0,0.00,0,0,0,0,0,0,0,0,0,0,0,0.1,0.0
202,RP,Paul Fry,Lebowski,35002, , ,0,0,0,0,0,0,0,0,0,0,0,0,0,0,0,0,.000,.000,0,-0.0,0.0,0,0,-0.0,0.0,0.0,0.0,6,0,8.2,33,31,7,5,0,0,2,3,3,2,0,12,0,.294,0,0,0,2,6,0.61,22,133,4,7,0,1,4.60,0.2,0.2,0.3,1.48,1,6,0,1,1,0,0,0,0,1.000,1.04,0.3,1.043,1,1,8.2,0,0,0.00,1,1,0,0,0,0,0,0,0,0,0,0.3,0.0
551,RP,Luis Garcia,Bern,34059, , ,0,0,0,0,0,0,0,0,0,0,0,0,0,0,0,0,.000,.000,0,-0.0,0.0,0,0,-0.0,0.0,0.0,0.0,2,0,1.2,10,8,3,1,1,0,1,4,4,2,0,1,0,.333,0,0,0,0,2,0.50,24,48,1,3,1,0,13.87,0.1,-0.1,-0.2,6.92,1,2,0,0,0,0,0,0,0,.000,0.00,-0.4,.000,1,0,1.2,0,0,0.00,0,0,0,0,0,0,0,0,0,0,0,-0.3,0.0
746,RP,Anthony Gose,Berlin,34811, , ,0,0,0,0,0,0,0,0,0,0,0,0,0,0,0,0,.000,.000,0,-0.0,0.0,0,0,-0.0,0.0,0.0,0.0,6,0,8.0,42,31,7,5,0,0,2,12,10,10,0,15,0,.333,0,1,0,0,6,1.02,29,177,3,6,0,0,6.92,-0.3,-0.0,-0.4,3.71,1,6,0,0,0,0,0,0,0,.000,0.00,0.1,.000,0,0,8.0,0,0,0.00,0,0,0,0,0,0,0,0,0,0,0,0.0,0.0
801,RP,Deolis Guerra,Montreal,34631, , ,0,0,0,0,0,0,0,0,0,0,0,0,0,0,0,0,.000,.000,0,-0.0,0.0,0,0,-0.0,0.0,0.0,0.0,9,0,7.1,35,29,8,7,0,0,1,5,3,6,0,11,0,.412,0,0,0,0,9,1.29,14,131,4,6,0,0,4.90,-0.4,0.1,0.1,3.48,1,9,0,0,0,0,0,0,0,.000,0.00,-0.1,.000,0,0,7.1,0,0,0.00,1,0,0,0,0,0,0,0,0,0,0,-0.1,0.0
334,RP,Deolis Guerra,Stockholm,34631, , ,0,0,0,0,0,0,0,0,0,0,0,0,0,0,0,0,.000,.000,0,-0.0,0.0,0,0,-0.0,0.0,0.0,0.0,5,0,5.2,26,21,6,5,0,0,1,4,4,5,0,6,0,.357,0,0,0,1,5,1.65,20,101,3,6,0,1,6.50,0.5,0.0,0.1,4.80,1,5,0,0,0,0,0,0,0,.000,0.00,0.2,.000,1,1,5.2,0,0,0.00,0,0,0,0,0,0,0,0,0,0,0,0.1,0.0
263,RP,Deolis Guerra,Bellingham,34631, , ,0,0,0,0,0,0,0,0,0,0,0,0,0,0,0,0,.000,.000,0,-0.0,0.0,0,0,-0.0,0.0,0.0,0.0,3,0,2.1,14,10,3,1,0,0,2,4,4,2,0,5,2,.333,0,0,0,0,3,0.18,19,57,0,2,1,0,15.67,-0.1,-0.2,-0.2,2.41,1,3,0,0,0,0,0,0,0,.000,0.00,-0.4,.000,1,0,2.1,0,0,0.00,0,0,0,0,0,0,0,0,0,0,0,0.1,0.0
42,RP,Deolis Guerra,Phoenix,34631, , ,0,0,0,0,0,0,0,0,0,0,0,0,0,0,0,0,.000,.000,0,-0.0,0.0,0,0,-0.0,0.0,0.0,0.0,7,0,8.1,36,33,7,5,1,0,1,5,5,3,0,9,0,.261,0,0,0,1,7,0.59,19,134,8,7,0,0,4.15,-0.1,0.2,0.1,3.34,1,7,0,1,0,1,0,1,0,1.000,1.08,0.1,.000,0,0,8.1,0,0,0.00,0,0,0,0,0,0,0,0,0,0,0,0.1,0.0
61,RP,Don Gullett,BZH,38121, , ,0,0,0,0,0,0,0,0,0,0,0,0,0,0,0,0,.000,.000,0,-0.0,0.0,0,0,-0.0,0.0,0.0,0.0,11,0,14.2,70,63,20,9,4,0,7,13,13,6,0,17,0,.325,0,1,0,0,11,0.83,25,276,10,16,0,1,8.79,-0.1,-0.3,-0.1,3.39,1,11,0,3,1,2,0,0,0,1.000,1.84,0.3,1.043,1,1,14.2,0,0,0.00,0,0,0,0,0,0,0,0,0,0,0,-0.1,0.0
295,RP,Harvey Haddix,Tokyo,38110, , ,0,0,0,0,0,0,0,0,0,0,0,0,0,0,0,0,.000,.000,0,-0.0,0.0,0,0,-0.0,0.0,0.0,0.0,2,0,4.1,17,14,2,1,0,0,1,2,2,3,0,5,0,.125,0,0,0,1,2,0.34,30,61,3,4,0,0,6.44,-0.0,0.0,0.1,3.79,1,2,0,1,0,1,0,0,0,1.000,2.08,0.1,.000,0,0,4.1,0,0,0.00,0,0,0,0,0,0,0,0,0,0,0,0.0,0.0
709,RP,Heath Hembree,Dallas,34223, , ,0,0,0,0,0,0,0,0,0,0,0,0,0,0,0,0,.000,.000,0,-0.0,0.0,0,0,-0.0,0.0,0.0,0.0,2,0,3.1,14,12,2,1,1,0,0,1,0,2,0,4,0,.250,0,0,0,0,2,0.32,28,57,2,4,0,0,3.07,0.0,0.1,0.1,3.37,1,2,0,1,1,0,0,0,0,1.000,2.70,0.1,1.043,0,0,3.1,0,0,0.00,1,1,0,0,0,0,0,0,0,0,0,0.1,0.0
488,RP,Heath Hembree,Free,34223, , ,0,0,0,0,0,0,0,0,0,0,0,0,0,0,0,0,.000,.000,0,-0.0,0.0,0,0,-0.0,0.0,0.0,0.0,1,0,0.2,6,5,3,1,0,0,2,2,2,1,0,1,0,.500,0,0,1,0,1,0.57,19,19,0,1,0,0,43.70,-0.1,-0.2,-0.1,5.42,1,1,0,0,0,0,0,0,0,.000,0.00,0.0,.000,0,0,0.2,0,0,0.00,0,0,0,0,0,0,0,0,0,0,0,0.0,0.0
223,RP,Sterling Hitchcock,Muktown,37964, , ,0,0,0,0,0,0,0,0,0,0,0,0,0,0,0,0,.000,.000,0,-0.0,0.0,0,0,-0.0,0.0,0.0,0.0,11,0,11.1,49,38,7,4,3,0,0,4,4,9,0,11,0,.241,0,2,0,1,11,0.82,17,196,7,15,0,0,4.11,0.3,0.3,0.4,4.73,1,11,0,2,1,1,0,1,0,1.000,1.59,0.2,1.043,0,0,11.1,0,0,0.00,0,0,0,0,0,0,0,0,0,0,0,-0.1,0.0
208,RP,Sterling Hitchcock,Lebowski,37964, , ,0,0,0,0,0,0,0,0,0,0,0,0,0,0,0,0,.000,.000,0,-0.0,0.0,0,0,-0.0,0.0,0.0,0.0,6,0,5.2,24,22,6,2,2,0,2,4,4,2,0,5,0,.267,0,0,0,0,6,0.86,14,88,6,5,0,0,7.56,0.0,-0.0,0.0,3.90,1,6,0,1,1,0,0,0,0,1.000,1.59,0.1,1.043,0,0,5.2,0,0,0.00,1,1,0,0,0,0,0,0,0,0,0,0.3,0.0
136,RP,Ken Holcombe,Baldivis,40104, , ,0,0,0,0,0,0,0,0,0,0,0,0,0,0,0,0,.000,.000,0,-0.0,0.0,0,0,-0.0,0.0,0.0,0.0,5,0,9.1,39,35,8,4,2,0,2,7,7,4,0,14,0,.316,0,0,0,1,5,0.62,29,146,10,3,2,0,4.74,-0.6,0.2,0.0,2.64,1,5,0,1,1,0,0,0,0,1.000,0.96,-0.6,1.043,2,0,9.1,0,0,0.00,1,1,0,0,0,0,0,0,0,0,0,-0.4,0.0
478,RP,Sam Howard,Free,34244, , ,0,0,0,0,0,0,0,0,0,0,0,0,0,0,0,0,.000,.000,0,-0.0,0.0,0,0,-0.0,0.0,0.0,0.0,2,0,2.0,11,10,4,4,0,0,0,3,3,0,0,2,1,.500,0,0,0,0,2,1.57,21,42,1,3,0,0,3.17,-0.3,0.1,-0.1,3.09,1,2,0,0,0,0,0,0,0,.000,0.00,-0.1,.000,0,0,2.0,0,0,0.00,0,0,1,0,0,0,0,0,0,0,0,-0.5,0.0
447,RP,Dusty Hughes,Rocky Top,35323, , ,0,0,0,0,0,0,0,0,0,0,0,0,0,0,0,0,.000,.000,0,-0.0,0.0,0,0,-0.0,0.0,0.0,0.0,2,0,3.0,14,12,4,4,0,0,0,1,1,2,0,3,0,.444,0,0,0,1,2,0.29,26,53,2,3,0,0,3.67,0.0,0.1,0.1,4.49,1,2,0,0,0,0,0,0,0,.000,0.00,0.0,.000,0,0,3.0,0,0,0.00,0,0,0,0,0,0,0,0,0,0,0,0.0,0.0
542,RP,Jay Jackson,Bern,40628, , ,0,0,0,0,0,0,0,0,0,0,0,0,0,0,0,0,.000,.000,0,-0.0,0.0,0,0,-0.0,0.0,0.0,0.0,2,0,3.1,19,16,6,2,1,0,3,7,7,3,0,5,0,.375,0,0,1,0,2,0.55,43,86,3,2,0,0,15.07,-0.0,-0.2,-0.3,4.03,1,2,0,0,0,0,0,0,0,.000,0.00,0.1,.000,0,0,3.1,0,0,0.00,0,0,0,0,0,0,0,0,0,0,0,0.0,0.0
193,RP,Jay Jackson,Lebowski,40628, , ,0,0,0,0,0,0,0,0,0,0,0,0,0,0,0,0,.000,.000,0,-0.0,0.0,0,0,-0.0,0.0,0.0,0.0,5,0,4.0,21,19,7,4,0,0,3,7,7,2,0,7,0,.444,0,0,0,0,5,0.64,18,91,1,4,0,0,11.42,0.1,-0.2,-0.3,2.14,1,5,0,0,0,0,0,0,0,.000,0.00,0.1,.000,0,0,4.0,0,0,0.00,0,0,0,0,0,0,0,0,0,0,0,-0.3,0.0
195,RP,Bill James,Lebowski,40073, , ,0,0,0,0,0,0,0,0,0,0,0,0,0,0,0,0,.000,.000,0,-0.0,0.0,0,0,-0.0,0.0,0.0,0.0,6,0,8.2,40,32,7,4,1,1,1,3,3,7,0,10,0,.273,0,1,1,0,6,0.66,24,148,7,9,0,0,5.29,-0.1,0.1,0.3,4.37,1,6,0,0,0,0,0,0,0,.000,0.00,0.1,.000,0,0,8.2,0,0,0.00,0,0,0,0,0,0,0,0,0,0,0,0.3,0.0
306,RP,Griffin Jax,Tokyo,40706, , ,0,0,0,0,0,0,0,0,0,0,0,0,0,0,0,0,.000,.000,0,-0.0,0.0,0,0,-0.0,0.0,0.0,0.0,2,0,3.0,16,15,5,4,0,0,1,3,2,1,0,7,0,.571,0,0,0,0,2,0.38,36,73,1,1,2,0,4.34,-0.0,0.1,-0.0,0.89,1,2,0,0,0,0,0,0,0,.000,0.00,-0.8,.000,2,0,3.0,0,0,0.00,0,0,0,0,0,0,0,0,0,0,0,0.0,0.0
113,RP,Griffin Jax,Auckland,40706, , ,0,0,0,0,0,0,0,0,0,0,0,0,0,0,0,0,.000,.000,0,-0.0,0.0,0,0,-0.0,0.0,0.0,0.0,10,0,15.1,72,60,20,14,0,0,6,13,13,10,0,12,1,.326,0,1,0,3,10,0.62,27,275,13,16,0,1,9.35,-0.2,-0.4,-0.1,5.14,1,10,0,1,0,1,0,0,0,1.000,0.59,-0.0,1.043,1,1,15.1,0,0,0.00,2,1,1,0,0,0,0,0,0,0,0,-0.3,0.0
744,RP,Damon Jones,Berlin,34397, , ,0,0,0,0,0,0,0,0,0,0,0,0,0,0,0,0,.000,.000,0,-0.0,0.0,0,0,-0.0,0.0,0.0,0.0,8,0,6.2,42,29,9,5,1,1,2,15,15,11,0,12,2,.467,0,0,3,0,8,1.35,23,190,4,4,0,0,9.82,-0.5,-0.2,-0.8,4.91,1,8,0,0,0,0,0,0,0,.000,0.00,0.1,.000,0,0,6.2,0,0,0.00,0,0,0,0,0,0,0,0,0,0,0,-0.3,0.0
26,RP,James Kaprielian,Appleton,34634, , ,0,0,0,0,0,0,0,0,0,0,0,0,0,0,0,0,.000,.000,0,-0.0,0.0,0,0,-0.0,0.0,0.0,0.0,4,0,4.0,24,21,11,7,1,0,3,7,7,3,0,4,0,.571,0,0,1,1,4,0.86,24,97,3,3,0,1,13.67,-0.2,-0.2,-0.3,4.96,1,3,0,0,0,0,0,0,0,.000,0.00,0.2,.000,1,1,4.0,0,0,0.00,0,0,0,0,0,0,0,0,0,0,0,-0.1,0.0
653,RP,Yusei Kikuchi,Sacramento,34857, , ,0,0,0,0,0,0,0,0,0,0,0,0,0,0,0,0,.000,.000,0,-0.0,0.0,0,0,-0.0,0.0,0.0,0.0,9,0,9.0,49,39,13,8,0,0,5,10,10,10,1,16,0,.444,0,0,0,1,9,0.73,22,198,5,5,1,0,10.34,-0.2,-0.3,-0.2,3.75,1,9,0,0,0,0,0,0,0,.000,0.00,-0.3,.000,1,0,9.0,0,0,0.00,0,0,0,0,0,0,0,0,0,0,0,0.1,0.0
258,RP,Yusei Kikuchi,Kennereigh,34857, , ,0,0,0,0,0,0,0,0,0,0,0,0,0,0,0,0,.000,.000,0,-0.0,0.0,0,0,-0.0,0.0,0.0,0.0,3,0,5.1,23,20,4,2,0,0,2,2,2,3,0,11,0,.286,0,0,0,0,3,0.85,30,90,3,2,0,0,6.11,0.1,0.0,0.2,1.38,1,3,0,1,1,0,0,0,0,1.000,1.69,0.1,1.043,0,0,5.1,0,0,0.00,1,1,0,0,0,0,0,0,0,0,0,-0.1,0.0
598,RP,Joey Krehbiel,Rosarito,35009, , ,0,0,0,0,0,0,0,0,0,0,0,0,0,0,0,0,.000,.000,0,-0.0,0.0,0,0,-0.0,0.0,0.0,0.0,2,0,2.2,10,8,0,0,0,0,0,0,0,1,0,5,1,.000,0,0,0,0,2,1.73,24,49,1,2,0,0,2.17,0.2,0.2,0.2,0.37,1,2,0,0,0,0,0,0,0,.000,0.00,0.0,.000,0,0,2.2,0,0,0.00,0,0,0,0,0,0,0,0,0,0,0,-0.5,0.0
457,RP,Joey Krehbiel,Rocky Top,35009, , ,0,0,0,0,0,0,0,0,0,0,0,0,0,0,0,0,.000,.000,0,-0.0,0.0,0,0,-0.0,0.0,0.0,0.0,3,0,4.1,21,18,5,5,0,0,0,0,0,2,0,5,1,.385,0,0,0,0,3,0.86,21,65,3,5,1,0,3.44,0.1,0.1,0.3,3.56,1,3,0,1,1,0,0,0,0,1.000,2.08,-0.3,1.043,1,0,4.1,0,0,0.00,1,1,0,0,0,0,0,0,0,0,0,-0.3,0.0
130,RP,Joey Krehbiel,Auckland,35009, , ,0,0,0,0,0,0,0,0,0,0,0,0,0,0,0,0,.000,.000,0,-0.0,0.0,0,0,-0.0,0.0,0.0,0.0,12,0,13.2,65,57,16,10,3,0,3,12,12,8,0,22,0,.406,0,0,1,1,12,0.91,23,281,9,9,0,0,5.06,0.3,0.2,-0.1,2.68,1,11,0,0,0,0,0,0,0,.000,0.00,0.2,.000,0,0,13.2,0,0,0.00,0,0,0,0,0,0,0,0,0,0,0,-0.8,0.0
18,RP,Joey Krehbiel,Appleton,35009, , ,0,0,0,0,0,0,0,0,0,0,0,0,0,0,0,0,.000,.000,0,-0.0,0.0,0,0,-0.0,0.0,0.0,0.0,3,0,4.2,21,21,7,4,3,0,0,2,2,0,0,7,0,.500,0,0,0,0,3,0.77,26,78,2,5,1,0,0.67,0.0,0.3,0.1,0.98,1,3,0,1,0,1,0,0,0,1.000,1.93,-0.3,.000,1,0,4.2,0,0,0.00,0,0,0,0,0,0,0,0,0,0,0,-0.0,0.0
662,RP,Jimmy Lambert,Sacramento,40805, , ,0,0,0,0,0,0,0,0,0,0,0,0,0,0,0,0,.000,.000,0,-0.0,0.0,0,0,-0.0,0.0,0.0,0.0,7,0,10.2,58,49,18,10,2,0,6,13,13,9,0,17,0,.462,0,0,1,1,7,0.50,32,227,8,6,0,0,10.33,-0.2,-0.3,-0.3,3.62,1,7,0,0,0,0,0,0,0,.000,0.00,0.2,.000,0,0,10.2,0,0,0.00,0,0,0,0,0,0,0,0,0,0,0,-0.4,0.0
788,RP,Gary Lucas,Montreal,39979, , ,0,0,0,0,0,0,0,0,0,0,0,0,0,0,0,0,.000,.000,0,-0.0,0.0,0,0,-0.0,0.0,0.0,0.0,8,0,9.2,36,35,9,8,0,1,0,4,4,1,0,7,0,.321,0,0,0,3,8,1.29,17,136,10,8,0,1,2.54,0.3,0.4,0.3,3.47,1,8,0,3,2,1,0,0,0,1.000,2.79,0.3,1.043,1,1,9.2,0,0,0.00,2,2,0,0,0,0,0,0,0,0,0,-0.1,0.0
683,RP,Lucas Luetge,Uxbridge,35812, , ,0,0,0,0,0,0,0,0,0,0,0,0,0,0,0,0,.000,.000,0,-0.0,0.0,0,0,-0.0,0.0,0.0,0.0,3,0,2.2,12,11,3,1,2,0,0,1,1,1,0,5,0,.500,0,0,0,0,3,0.68,18,55,1,2,0,0,1.05,0.1,0.1,0.1,1.14,1,3,0,0,0,0,0,0,0,.000,0.00,0.0,.000,0,0,2.2,0,0,0.00,0,0,0,0,0,0,0,0,0,0,0,0.0,0.0
418,RP,Lucas Luetge,Radium,35812, , ,0,0,0,0,0,0,0,0,0,0,0,0,0,0,0,0,.000,.000,0,-0.0,0.0,0,0,-0.0,0.0,0.0,0.0,3,0,3.1,14,13,3,1,2,0,0,3,3,1,0,2,0,.273,0,0,0,0,3,1.16,18,56,6,2,0,0,3.37,0.1,0.1,-0.0,5.01,1,3,0,0,0,0,0,0,0,.000,0.00,0.1,.000,0,0,3.1,0,0,0.00,0,0,0,0,0,0,0,0,0,0,0,0.0,0.0
500,RP,Andres Machado,Marble,34360, , ,0,0,0,0,0,0,0,0,0,0,0,0,0,0,0,0,.000,.000,0,-0.0,0.0,0,0,-0.0,0.0,0.0,0.0,4,0,3.2,25,16,6,5,1,0,0,5,5,9,0,3,0,.462,0,0,2,1,4,0.68,26,105,3,4,0,0,9.40,-0.5,-0.1,-0.2,8.42,1,3,0,1,1,0,0,0,0,1.000,2.45,0.1,1.043,0,0,3.2,0,0,0.00,1,1,0,0,0,0,0,0,0,0,0,0.0,0.0
593,RP,T.J. McFarland,Rosarito,34198, , ,0,0,0,0,0,0,0,0,0,0,0,0,0,0,0,0,.000,.000,0,-0.0,0.0,0,0,-0.0,0.0,0.0,0.0,3,0,2.1,9,9,3,3,0,0,0,0,0,0,0,2,0,.429,0,0,0,0,3,1.14,12,38,3,1,0,1,1.96,-0.0,0.1,0.2,3.16,1,3,0,0,0,0,0,0,0,.000,0.00,0.1,.000,1,1,2.1,0,0,0.00,0,0,0,0,0,0,0,0,0,0,0,-0.1,0.0
387,RP,Andy McGaffigan,Iron,37446, , ,0,0,0,0,0,0,0,0,0,0,0,0,0,0,0,0,.000,.000,0,-0.0,0.0,0,0,-0.0,0.0,0.0,0.0,5,0,8.1,34,29,6,6,0,0,0,1,1,2,0,8,2,.286,1,0,0,1,5,1.96,22,113,9,7,0,0,3.19,0.6,0.4,0.7,3.28,1,5,0,1,0,1,0,0,0,1.000,1.08,0.1,.000,0,0,8.1,0,0,0.00,0,0,0,0,0,0,0,0,0,0,0,-0.5,0.0
729,RP,Jake McGee,South Alberta,34039, , ,0,0,0,0,0,0,0,0,0,0,0,0,0,0,0,0,.000,.000,0,-0.0,0.0,0,0,-0.0,0.0,0.0,0.0,3,0,3.0,15,11,2,2,0,0,0,3,0,4,0,4,0,.286,0,0,0,0,3,1.30,25,75,2,2,1,1,5.01,-0.2,0.1,-0.1,5.21,1,3,0,1,1,0,0,0,0,1.000,3.00,-0.2,1.043,2,1,3.0,0,0,0.00,1,1,0,0,0,0,0,0,0,0,0,-0.0,0.0
294,RP,Jake McGee,Tokyo,34039, , ,0,0,0,0,0,0,0,0,0,0,0,0,0,0,0,0,.000,.000,0,-0.0,0.0,0,0,-0.0,0.0,0.0,0.0,3,0,2.1,15,12,6,3,0,0,3,8,8,3,0,3,0,.500,0,0,0,0,3,0.71,27,81,2,1,0,1,21.67,-0.2,-0.3,-0.4,5.31,1,2,0,0,0,0,0,0,0,.000,0.00,0.1,.000,1,1,2.1,0,0,0.00,0,0,0,0,0,0,0,0,0,0,0,0.3,0.0
693,RP,Tommy Milone,Dallas,40631, , ,0,0,0,0,0,0,0,0,0,0,0,0,0,0,0,0,.000,.000,0,-0.0,0.0,0,0,-0.0,0.0,0.0,0.0,3,0,4.2,23,20,5,5,0,0,0,3,3,3,0,7,0,.385,0,0,0,0,3,0.48,31,94,2,4,1,0,2.60,-0.0,0.2,0.1,3.08,1,3,0,2,1,1,0,0,0,1.000,3.86,-0.3,1.043,1,0,4.2,0,0,0.00,1,1,0,0,0,0,0,0,0,0,0,0.0,0.0
688,RP,Tommy Milone,Uxbridge,40631, , ,0,0,0,0,0,0,0,0,0,0,0,0,0,0,0,0,.000,.000,0,-0.0,0.0,0,0,-0.0,0.0,0.0,0.0,2,0,2.2,14,14,6,2,2,0,2,4,4,0,0,5,0,.571,0,0,0,0,2,1.00,28,57,1,2,0,0,9.67,0.1,-0.1,-0.1,0.90,1,2,0,0,0,0,0,0,0,.000,0.00,0.0,.000,0,0,2.2,0,0,0.00,0,0,0,0,0,0,0,0,0,0,0,-0.3,0.0
154,RP,Matt Moore,Baldivis,40786, , ,0,0,0,0,0,0,0,0,0,0,0,0,0,0,0,0,.000,.000,0,-0.0,0.0,0,0,-0.0,0.0,0.0,0.0,7,0,12.1,49,44,7,4,1,0,2,5,5,5,0,16,0,.192,0,0,0,0,7,0.67,28,196,10,10,0,1,4.40,0.1,0.3,0.4,2.58,1,7,0,2,2,0,0,0,0,1.000,1.46,0.3,1.043,1,1,12.1,0,0,0.00,1,1,0,0,0,0,0,0,0,0,0,-0.4,0.0
44,RP,Matt Moore,Phoenix,40786, , ,0,0,0,0,0,0,0,0,0,0,0,0,0,0,0,0,.000,.000,0,-0.0,0.0,0,0,-0.0,0.0,0.0,0.0,8,0,6.1,37,25,7,4,3,0,0,10,10,10,0,7,2,.389,0,0,0,1,8,0.96,18,149,8,3,0,0,7.15,0.0,-0.0,-0.4,6.24,1,8,0,2,0,2,0,0,0,1.000,2.84,0.1,1.043,0,0,6.1,0,0,0.00,1,1,0,0,0,0,0,0,0,0,0,-0.1,0.0
795,RP,Dauri Moreta,Montreal,34293, , ,0,0,0,0,0,0,0,0,0,0,0,0,0,0,0,0,.000,.000,0,-0.0,0.0,0,0,-0.0,0.0,0.0,0.0,11,0,11.2,43,41,6,3,0,0,3,4,4,2,0,18,0,.150,0,0,1,1,11,0.79,15,171,8,8,0,1,4.44,-0.1,0.2,0.4,0.91,1,11,0,0,0,0,0,0,0,.000,0.00,0.3,.000,1,1,11.2,0,0,0.00,0,0,0,0,0,0,0,0,0,0,0,0.4,0.0
454,RP,Dauri Moreta,Rocky Top,34293, , ,0,0,0,0,0,0,0,0,0,0,0,0,0,0,0,0,.000,.000,0,-0.0,0.0,0,0,-0.0,0.0,0.0,0.0,3,0,3.0,16,14,6,4,1,0,1,3,3,1,0,4,0,.500,0,1,0,0,3,1.16,16,50,3,2,0,0,6.34,-0.3,0.0,-0.0,3.14,1,3,0,0,0,0,0,0,0,.000,0.00,0.0,.000,0,0,3.0,0,0,0.00,0,0,0,0,0,0,0,0,0,0,0,0.0,0.0
482,RP,Kyle Nelson,Free,40822, , ,0,0,0,0,0,0,0,0,0,0,0,0,0,0,0,0,.000,.000,0,-0.0,0.0,0,0,-0.0,0.0,0.0,0.0,1,0,1.2,10,8,3,3,0,0,0,0,0,2,0,2,0,.500,0,0,0,0,1,0.42,29,29,1,2,0,0,4.87,0.0,0.0,0.1,5.36,1,1,0,0,0,0,0,0,0,.000,0.00,0.0,.000,0,0,1.2,0,0,0.00,0,0,0,0,0,0,0,0,0,0,0,-0.3,0.0
578,RP,Nick Nelson,Baseball,34396, , ,0,0,0,0,0,0,0,0,0,0,0,0,0,0,0,0,.000,.000,0,-0.0,0.0,0,0,-0.0,0.0,0.0,0.0,6,0,9.0,38,31,4,2,1,0,1,3,3,6,0,14,1,.188,0,0,0,0,6,0.47,23,143,7,6,0,0,4.34,0.1,0.2,0.3,2.76,1,6,0,2,2,0,0,0,0,1.000,2.00,0.3,1.043,0,0,9.0,0,0,0.00,1,1,0,0,1,1,0,0,0,0,0,-0.3,0.0
22,RP,Nick Nelson,Appleton,34396, , ,0,0,0,0,0,0,0,0,0,0,0,0,0,0,0,0,.000,.000,0,-0.0,0.0,0,0,-0.0,0.0,0.0,0.0,3,0,2.1,17,10,4,1,1,0,2,6,6,6,0,3,0,.400,1,0,0,0,3,1.51,22,68,3,1,0,0,19.96,-0.2,-0.3,-0.4,7.29,1,3,0,1,1,0,0,0,0,1.000,3.86,0.6,.000,0,0,2.1,0,0,0.00,0,0,0,0,0,0,0,0,0,0,0,-0.1,0.0
657,RP,Sean Newcomb,Sacramento,34505, , ,0,0,0,0,0,0,0,0,0,0,0,0,0,0,0,0,.000,.000,0,-0.0,0.0,0,0,-0.0,0.0,0.0,0.0,8,0,12.1,52,45,12,9,0,1,2,5,5,6,0,13,1,.333,0,0,0,3,8,0.54,25,200,11,9,0,1,5.38,0.3,0.1,0.4,3.71,1,8,0,0,0,0,0,0,0,.000,0.00,0.3,.000,1,1,12.1,0,0,0.00,0,0,0,0,0,0,0,0,0,0,0,-0.5,0.0
522,RP,Sean Newcomb,Strickland,34505, , ,0,0,0,0,0,0,0,0,0,0,0,0,0,0,0,0,.000,.000,0,-0.0,0.0,0,0,-0.0,0.0,0.0,0.0,5,0,6.0,26,23,6,2,2,0,2,5,5,3,0,8,0,.308,0,0,0,1,5,0.61,19,98,4,5,0,0,6.84,-0.1,-0.0,-0.0,2.93,1,5,0,0,0,0,0,0,0,.000,0.00,0.1,.000,0,0,6.0,0,0,0.00,0,0,0,0,0,0,0,0,0,0,0,-0.4,0.0
459,RP,Sean Newcomb,Rocky Top,34505, , ,0,0,0,0,0,0,0,0,0,0,0,0,0,0,0,0,.000,.000,0,-0.0,0.0,0,0,-0.0,0.0,0.0,0.0,3,0,4.0,17,15,4,2,2,0,0,1,1,2,1,6,0,.444,0,0,0,1,3,1.89,21,63,3,2,0,0,1.42,0.2,0.3,0.2,2.54,1,3,0,1,0,1,0,0,0,1.000,2.25,0.1,1.043,0,0,4.0,0,0,0.00,1,1,0,0,0,0,0,0,0,0,0,-0.1,0.0
8,RP,Sean Newcomb,Appleton,34505, , ,0,0,0,0,0,0,0,0,0,0,0,0,0,0,0,0,.000,.000,0,-0.0,0.0,0,0,-0.0,0.0,0.0,0.0,4,0,3.0,23,14,6,4,2,0,0,5,5,8,0,2,1,.500,0,0,1,1,4,1.41,24,98,3,3,0,0,11.34,-0.1,-0.2,-0.2,8.70,1,3,0,0,0,0,0,0,0,.000,0.00,-0.1,.000,0,0,3.0,0,0,0.00,0,0,1,0,0,0,0,0,0,0,0,-0.3,0.0
720,RP,George O'Donnell,South Alberta,39301, , ,0,0,0,0,0,0,0,0,0,0,0,0,0,0,0,0,.000,.000,0,-0.0,0.0,0,0,-0.0,0.0,0.0,0.0,3,0,5.2,25,21,5,4,1,0,0,2,0,4,0,0,0,.238,0,0,0,1,3,0.57,31,95,8,8,0,0,5.79,-0.1,0.0,0.2,7.97,1,3,0,1,1,0,0,0,0,1.000,1.59,0.1,1.043,0,0,5.2,0,0,0.00,0,0,0,0,0,0,0,0,0,0,0,0.1,0.0
415,RP,George O'Donnell,Radium,39301, , ,0,0,0,0,0,0,0,0,0,0,0,0,0,0,0,0,.000,.000,0,-0.0,0.0,0,0,-0.0,0.0,0.0,0.0,2,0,3.1,16,15,5,3,1,0,1,2,1,1,0,3,0,.364,0,0,0,0,2,0.89,35,70,1,6,0,0,6.67,-0.1,-0.0,0.1,3.38,1,2,0,0,0,0,0,0,0,.000,0.00,0.1,.000,0,0,3.1,0,0,0.00,0,0,0,0,0,0,0,0,0,0,0,0.0,0.0
558,RP,Oliver Ortega,Bern,34656, , ,0,0,0,0,0,0,0,0,0,0,0,0,0,0,0,0,.000,.000,0,-0.0,0.0,0,0,-0.0,0.0,0.0,0.0,2,0,2.0,8,8,2,2,0,0,0,0,0,0,0,5,0,.667,0,0,0,0,2,0.79,19,38,0,1,0,0,0.00,0.1,0.1,0.1,-2.15,1,2,0,0,0,0,0,0,0,.000,0.00,0.0,.000,0,0,2.0,0,0,0.00,0,0,0,0,0,0,0,0,0,0,0,-0.1,0.0
519,RP,Oliver Ortega,Strickland,34656, , ,0,0,0,0,0,0,0,0,0,0,0,0,0,0,0,0,.000,.000,0,-0.0,0.0,0,0,-0.0,0.0,0.0,0.0,3,0,5.2,31,25,9,7,0,0,2,7,5,6,0,3,0,.350,0,0,0,1,3,0.90,31,95,5,8,0,0,10.38,-0.1,-0.2,-0.2,6.91,1,3,0,1,1,0,0,0,0,1.000,1.59,0.1,1.043,0,0,5.2,0,0,0.00,0,0,0,0,0,0,0,0,0,0,0,0.0,0.0
36,RP,Oliver Ortega,Phoenix,34656, , ,0,0,0,0,0,0,0,0,0,0,0,0,0,0,0,0,.000,.000,0,-0.0,0.0,0,0,-0.0,0.0,0.0,0.0,6,0,5.2,36,30,13,10,2,0,1,7,7,5,0,9,0,.600,1,0,1,0,6,0.44,25,154,4,4,0,0,5.44,-0.0,0.1,-0.2,3.96,1,5,0,1,0,1,0,0,0,1.000,1.59,0.1,.000,0,0,5.2,0,0,0.00,0,0,0,0,0,0,0,0,0,0,0,-0.1,0.0
626,RP,Donn Pall,Metropolis,39839, , ,0,0,0,0,0,0,0,0,0,0,0,0,0,0,0,0,.000,.000,0,-0.0,0.0,0,0,-0.0,0.0,0.0,0.0,2,0,2.2,12,9,2,2,0,0,0,1,1,2,0,0,1,.222,0,0,0,1,2,0.73,28,56,4,3,1,0,7.05,0.1,-0.0,0.1,7.87,1,2,0,0,0,0,0,0,0,.000,0.00,-0.4,.000,1,0,2.2,0,0,0.00,0,0,0,0,0,0,0,0,0,0,0,-0.1,0.0
338,RP,Spencer Patton,brAin,40738, , ,0,0,0,0,0,0,0,0,0,0,0,0,0,0,0,0,.000,.000,0,-0.0,0.0,0,0,-0.0,0.0,0.0,0.0,3,0,2.2,13,9,2,0,0,0,2,3,3,4,0,2,0,.000,0,0,0,0,3,0.26,16,50,0,5,1,1,16.42,-0.0,-0.2,-0.1,6.98,1,3,0,0,0,0,0,0,0,.000,0.00,-0.3,.000,2,1,2.2,0,0,0.00,0,0,0,0,0,0,0,0,0,0,0,-0.1,0.0
636,RP,Evan Phillips,Metropolis,39445, , ,0,0,0,0,0,0,0,0,0,0,0,0,0,0,0,0,.000,.000,0,-0.0,0.0,0,0,-0.0,0.0,0.0,0.0,2,0,3.0,16,11,2,1,1,0,0,1,1,5,0,6,0,.400,0,0,0,0,2,0.34,29,59,2,1,1,0,4.67,-0.0,0.1,0.1,4.47,1,2,0,0,0,0,0,0,0,.000,0.00,-0.4,.000,1,0,3.0,0,0,0.00,0,0,0,0,0,0,0,0,0,0,0,-0.1,0.0
135,RP,Evan Phillips,Baldivis,39445, , ,0,0,0,0,0,0,0,0,0,0,0,0,0,0,0,0,.000,.000,0,-0.0,0.0,0,0,-0.0,0.0,0.0,0.0,5,0,5.0,21,17,2,2,0,0,0,0,0,4,0,12,0,.400,0,0,0,0,5,1.41,18,91,2,1,0,0,1.27,0.3,0.3,0.4,1.27,1,5,0,0,0,0,0,0,0,.000,0.00,0.1,.000,0,0,5.0,0,0,0.00,0,0,0,0,0,0,0,0,0,0,0,-0.1,0.0
353,RP,Doug Piatt,brAin,39200, , ,0,0,0,0,0,0,0,0,0,0,0,0,0,0,0,0,.000,.000,0,-0.0,0.0,0,0,-0.0,0.0,0.0,0.0,2,0,5.1,22,22,5,3,0,0,2,2,2,0,0,4,0,.188,0,0,0,0,2,0.74,35,70,8,4,1,0,7.05,0.1,-0.0,0.2,3.53,1,2,0,0,0,0,0,0,0,.000,0.00,-0.3,.000,1,0,5.1,0,0,0.00,0,0,0,0,0,0,0,0,0,0,0,-0.3,0.0
173,RP,Ted Power,Mighty,37065, , ,0,0,0,0,0,0,0,0,0,0,0,0,0,0,0,0,.000,.000,0,-0.0,0.0,0,0,-0.0,0.0,0.0,0.0,8,0,7.1,42,37,15,11,1,0,3,11,11,5,0,11,0,.522,0,0,0,1,8,2.05,20,162,5,5,1,0,8.04,-1.1,-0.1,-0.6,3.58,1,7,0,0,0,0,0,0,0,.000,0.00,-0.3,.000,1,0,7.1,0,0,0.00,0,0,0,0,0,0,0,0,0,0,0,0.0,0.0
435,RP,Cal Quantrill,Radium,34805, , ,0,0,0,0,0,0,0,0,0,0,0,0,0,0,0,0,.000,.000,0,-0.0,0.0,0,0,-0.0,0.0,0.0,0.0,3,0,3.1,19,14,5,2,1,0,2,6,5,4,0,4,0,.333,0,1,0,0,3,2.07,27,83,2,3,0,0,12.67,-1.1,-0.3,-0.4,5.34,1,3,0,1,1,0,0,0,0,1.000,2.70,0.1,1.043,0,0,3.1,0,0,0.00,1,1,0,0,0,0,0,0,0,0,0,-0.1,0.0
327,RP,Cal Quantrill,Stockholm,34805, , ,0,0,0,0,0,0,0,0,0,0,0,0,0,0,0,0,.000,.000,0,-0.0,0.0,0,0,-0.0,0.0,0.0,0.0,5,0,8.1,32,29,4,2,0,0,2,3,3,3,0,11,0,.125,0,0,0,0,5,1.01,25,127,8,6,1,0,5.23,0.6,0.1,0.3,2.38,1,5,0,0,0,0,0,0,0,.000,0.00,-0.3,.000,1,0,8.1,0,0,0.00,0,0,0,0,0,0,0,0,0,0,0,-0.3,0.0
604,RP,Scott Radinsky,Rosarito,37038, , ,0,0,0,0,0,0,0,0,0,0,0,0,0,0,0,0,.000,.000,0,-0.0,0.0,0,0,-0.0,0.0,0.0,0.0,2,0,3.1,15,13,3,2,1,0,0,1,1,1,0,4,1,.333,0,0,0,0,2,1.74,32,65,3,3,1,0,3.07,0.3,0.2,0.2,2.92,1,2,0,0,0,0,0,0,0,.000,0.00,-0.4,.000,1,0,3.1,0,0,0.00,0,0,0,0,0,0,0,0,0,0,0,0.0,0.0
691,RP,Tanner Rainey,Uxbridge,34358, , ,0,0,0,0,0,0,0,0,0,0,0,0,0,0,0,0,.000,.000,0,-0.0,0.0,0,0,-0.0,0.0,0.0,0.0,2,0,2.2,12,9,2,1,0,0,1,1,1,2,0,2,1,.167,0,0,0,0,2,0.38,26,53,2,3,0,1,10.42,-0.0,-0.1,0.1,5.47,1,2,0,0,0,0,0,0,0,.000,0.00,0.1,.000,1,1,2.2,0,0,0.00,0,0,0,0,0,0,0,0,0,0,0,-0.1,0.0
477,RP,Tanner Rainey,Free,34358, , ,0,0,0,0,0,0,0,0,0,0,0,0,0,0,0,0,.000,.000,0,-0.0,0.0,0,0,-0.0,0.0,0.0,0.0,3,0,3.0,13,10,2,1,0,0,1,3,3,3,0,5,0,.250,0,0,0,0,3,1.52,19,58,0,3,0,1,7.67,-0.3,-0.0,-0.1,2.83,1,3,0,0,0,0,0,0,0,.000,0.00,0.1,.000,1,1,3.0,0,0,0.00,0,0,0,0,0,0,0,0,0,0,0,0.1,0.0
262,RP,Tanner Rainey,Bellingham,34358, , ,0,0,0,0,0,0,0,0,0,0,0,0,0,0,0,0,.000,.000,0,-0.0,0.0,0,0,-0.0,0.0,0.0,0.0,1,0,2.1,10,9,2,2,0,0,0,0,0,1,0,4,0,.400,0,0,0,0,1,0.23,40,40,2,1,0,0,1.53,0.0,0.1,0.2,1.95,1,1,0,0,0,0,0,0,0,.000,0.00,0.0,.000,0,0,2.1,0,0,0.00,0,0,0,0,0,0,0,0,0,0,0,0.1,0.0
799,RP,Erasmo Ramirez,Montreal,40742, , ,0,0,0,0,0,0,0,0,0,0,0,0,0,0,0,0,.000,.000,0,-0.0,0.0,0,0,-0.0,0.0,0.0,0.0,5,0,11.2,52,49,18,10,3,1,4,8,6,2,0,15,0,.452,0,1,0,2,5,0.82,41,208,12,5,0,0,6.07,-0.2,0.1,0.1,2.56,1,5,0,0,0,0,0,0,0,.000,0.00,0.2,.000,0,0,11.2,0,0,0.00,0,0,0,0,0,0,0,0,0,0,0,-0.5,0.0
777,RP,Cody Reed,Sugar Land,40640, , ,0,0,0,0,0,0,0,0,0,0,0,0,0,0,0,0,.000,.000,0,-0.0,0.0,0,0,-0.0,0.0,0.0,0.0,3,0,3.1,14,14,3,1,1,1,0,2,0,0,0,7,0,.429,0,0,0,0,3,0.61,21,63,2,1,0,0,0.00,-0.2,0.2,0.1,-0.17,1,3,0,0,0,0,0,0,0,.000,0.00,0.1,.000,0,0,3.1,0,0,0.00,0,0,0,0,0,0,0,0,0,0,0,0.0,0.0
735,RP,Cody Reed,South Alberta,40640, , ,0,0,0,0,0,0,0,0,0,0,0,0,0,0,0,0,.000,.000,0,-0.0,0.0,0,0,-0.0,0.0,0.0,0.0,3,0,2.2,13,11,5,5,0,0,0,0,0,2,0,3,0,.625,0,0,0,1,3,1.22,17,53,2,1,0,1,3.67,0.0,0.1,0.2,4.41,1,3,0,0,0,0,0,0,0,.000,0.00,0.1,.000,1,1,2.2,0,0,0.00,0,0,0,0,0,0,0,0,0,0,0,-0.1,0.0
686,RP,Cody Reed,Uxbridge,40640, , ,0,0,0,0,0,0,0,0,0,0,0,0,0,0,0,0,.000,.000,0,-0.0,0.0,0,0,-0.0,0.0,0.0,0.0,3,0,2.1,12,10,2,1,0,0,1,4,3,2,0,4,0,.200,0,0,0,0,3,0.42,19,58,2,1,0,0,8.39,-0.0,-0.0,-0.2,3.34,1,3,0,0,0,0,0,0,0,.000,0.00,0.0,.000,0,0,2.1,0,0,0.00,0,0,0,0,0,0,0,0,0,0,0,0.3,0.0
561,RP,Cody Reed,Bern,40640, , ,0,0,0,0,0,0,0,0,0,0,0,0,0,0,0,0,.000,.000,0,-0.0,0.0,0,0,-0.0,0.0,0.0,0.0,3,0,3.2,17,14,4,3,1,0,0,1,1,2,0,6,0,.444,0,1,0,0,3,0.79,24,74,1,4,0,0,2.04,-0.1,0.2,0.2,2.05,1,3,0,0,0,0,0,0,0,.000,0.00,0.1,.000,0,0,3.2,0,0,0.00,0,0,0,0,0,0,0,0,0,0,0,0.1,0.0
527,RP,Cody Reed,Strickland,40640, , ,0,0,0,0,0,0,0,0,0,0,0,0,0,0,0,0,.000,.000,0,-0.0,0.0,0,0,-0.0,0.0,0.0,0.0,4,0,4.1,23,20,6,3,2,0,1,5,1,3,0,7,0,.417,0,0,0,1,4,0.86,21,85,4,1,0,0,5.52,-0.0,0.0,-0.1,3.36,1,4,0,1,0,1,0,0,0,1.000,2.08,0.1,.000,0,0,4.1,0,0,0.00,0,0,0,0,0,0,0,0,0,0,0,-0.1,0.0
496,RP,Cody Reed,Marble,40640, , ,0,0,0,0,0,0,0,0,0,0,0,0,0,0,0,0,.000,.000,0,-0.0,0.0,0,0,-0.0,0.0,0.0,0.0,4,0,3.2,25,19,10,5,2,0,3,9,9,5,0,2,0,.467,0,1,0,0,4,0.35,24,97,4,4,0,1,17.31,0.0,-0.3,-0.4,7.12,1,4,0,0,0,0,0,0,0,.000,0.00,0.1,.000,1,1,3.2,0,0,0.00,0,0,0,0,0,0,0,0,0,0,0,0.0,0.0
292,RP,Cody Reed,Tokyo,40640, , ,0,0,0,0,0,0,0,0,0,0,0,0,0,0,0,0,.000,.000,0,-0.0,0.0,0,0,-0.0,0.0,0.0,0.0,3,0,4.0,19,16,5,3,1,0,1,6,6,3,0,5,0,.400,0,0,0,1,3,1.57,23,70,6,0,0,0,6.67,0.2,-0.0,-0.3,4.67,1,3,0,1,1,0,0,0,0,1.000,2.25,0.1,1.043,0,0,4.0,0,0,0.00,0,0,0,0,0,0,0,0,0,0,0,0.0,0.0
145,RP,Cody Reed,Baldivis,40640, , ,0,0,0,0,0,0,0,0,0,0,0,0,0,0,0,0,.000,.000,0,-0.0,0.0,0,0,-0.0,0.0,0.0,0.0,8,0,7.1,37,31,10,6,0,0,4,10,10,5,0,9,1,.333,0,0,0,1,8,0.97,17,140,6,6,0,0,10.76,-0.0,-0.3,-0.3,4.01,1,8,0,0,0,0,0,0,0,.000,0.00,0.1,.000,0,0,7.1,0,0,0.00,0,0,0,0,0,0,0,0,0,0,0,0.3,0.0
120,RP,Cody Reed,Auckland,40640, , ,0,0,0,0,0,0,0,0,0,0,0,0,0,0,0,0,.000,.000,0,-0.0,0.0,0,0,-0.0,0.0,0.0,0.0,10,0,10.0,41,32,5,4,0,0,1,4,4,8,0,16,1,.267,0,0,0,1,10,1.12,17,178,8,3,0,1,4.47,-0.1,0.2,0.3,3.14,1,10,0,1,1,0,0,0,0,1.000,0.90,0.3,1.043,1,1,10.0,0,0,0.00,1,1,0,0,0,0,0,0,0,0,0,-0.1,0.0
783,RP,Alex Reyes,Sugar Land,34206, , ,0,0,0,0,0,0,0,0,0,0,0,0,0,0,0,0,.000,.000,0,-0.0,0.0,0,0,-0.0,0.0,0.0,0.0,3,0,1.2,13,8,3,1,0,0,2,6,6,5,0,0,0,.167,0,0,0,0,3,0.45,20,60,4,1,1,0,28.27,-0.4,-0.3,-0.3,10.01,1,3,0,0,0,0,0,0,0,.000,0.00,-0.4,.000,1,0,1.2,0,0,0.00,0,0,0,0,0,0,0,0,0,0,0,-0.1,0.0
666,RP,Alex Reyes,Sacramento,34206, , ,0,0,0,0,0,0,0,0,0,0,0,0,0,0,0,0,.000,.000,0,-0.0,0.0,0,0,-0.0,0.0,0.0,0.0,9,0,9.2,41,35,9,7,2,0,0,6,6,5,0,9,1,.346,0,0,1,2,9,0.67,18,162,7,10,0,0,3.67,0.3,0.3,0.1,4.16,1,9,0,1,1,0,0,0,0,1.000,0.93,0.1,.000,0,0,9.2,0,0,0.00,0,0,0,0,0,0,0,0,0,0,0,0.1,0.0
633,RP,Alex Reyes,Metropolis,34206, , ,0,0,0,0,0,0,0,0,0,0,0,0,0,0,0,0,.000,.000,0,-0.0,0.0,0,0,-0.0,0.0,0.0,0.0,2,0,2.0,11,8,3,2,1,0,0,2,2,2,1,3,0,.500,0,1,0,0,2,1.96,25,50,0,3,1,0,2.17,-0.4,0.1,-0.0,3.68,1,2,0,0,0,0,0,0,0,.000,0.00,-0.4,.000,1,0,2.0,0,0,0.00,0,0,0,0,0,0,0,0,0,0,0,-0.1,0.0
361,RP,Alex Reyes,brAin,34206, , ,0,0,0,0,0,0,0,0,0,0,0,0,0,0,0,0,.000,.000,0,-0.0,0.0,0,0,-0.0,0.0,0.0,0.0,3,0,4.0,13,12,2,1,0,0,1,1,1,1,0,3,0,.125,0,0,0,2,3,0.62,15,46,4,3,0,0,6.17,0.1,0.0,0.2,3.56,1,3,0,0,0,0,0,0,0,.000,0.00,0.1,.000,0,0,4.0,0,0,0.00,0,0,0,0,0,0,0,0,0,0,0,0.1,0.0
275,RP,Alex Reyes,Bellingham,34206, , ,0,0,0,0,0,0,0,0,0,0,0,0,0,0,0,0,.000,.000,0,-0.0,0.0,0,0,-0.0,0.0,0.0,0.0,1,0,2.2,10,9,1,1,0,0,0,0,0,1,0,4,0,.200,0,0,0,0,1,0.42,43,43,4,0,0,0,1.80,0.0,0.1,0.2,3.45,1,1,0,0,0,0,0,0,0,.000,0.00,0.0,.000,0,0,2.2,0,0,0.00,0,0,0,0,0,0,0,0,0,0,0,0.0,0.0
803,RP,Josh Rogers,Montreal,40753, , ,0,0,0,0,0,0,0,0,0,0,0,0,0,0,0,0,.000,.000,0,-0.0,0.0,0,0,-0.0,0.0,0.0,0.0,5,0,5.2,33,29,12,5,2,0,5,10,10,3,0,6,0,.368,0,1,0,0,5,0.52,25,127,6,5,0,0,14.61,-0.1,-0.4,-0.4,4.34,1,5,0,1,0,0,1,0,0,.000,0.00,-0.4,.000,0,0,5.2,0,0,0.00,1,0,0,0,0,0,0,0,0,0,0,-0.3,0.0
471,RP,Sergio Romo,Free,34587, , ,0,0,0,0,0,0,0,0,0,0,0,0,0,0,0,0,.000,.000,0,-0.0,0.0,0,0,-0.0,0.0,0.0,0.0,1,0,1.0,3,3,0,0,0,0,0,0,0,0,0,1,0,.000,0,0,0,0,1,0.27,14,14,1,1,0,0,1.67,0.0,0.0,0.1,1.33,1,1,0,0,0,0,0,0,0,.000,0.00,0.0,.000,0,0,1.0,0,0,0.00,0,0,0,0,0,0,0,0,0,0,0,0.0,0.0
138,RP,Leo Rosales,Baldivis,39460, , ,0,0,0,0,0,0,0,0,0,0,0,0,0,0,0,0,.000,.000,0,-0.0,0.0,0,0,-0.0,0.0,0.0,0.0,6,0,8.0,35,32,9,6,2,0,1,4,3,2,0,6,0,.308,0,1,0,0,6,0.30,20,120,5,12,0,1,4.55,-0.0,0.2,0.2,3.93,1,6,0,0,0,0,0,0,0,.000,0.00,0.2,.000,1,1,8.0,0,0,0.00,0,0,0,0,0,0,0,0,0,0,0,0.4,0.0
524,RP,Jose Ruiz,Strickland,34846, , ,0,0,0,0,0,0,0,0,0,0,0,0,0,0,0,0,.000,.000,0,-0.0,0.0,0,0,-0.0,0.0,0.0,0.0,5,0,5.2,27,21,5,2,2,0,1,5,5,6,0,7,0,.308,0,0,0,1,5,1.31,21,108,4,5,0,0,6.67,-0.1,-0.0,-0.0,4.80,1,5,0,1,0,1,0,0,0,1.000,1.59,0.1,.000,0,0,5.2,0,0,0.00,0,0,0,0,0,0,0,0,0,0,0,-0.1,0.0
337,RP,Jose Ruiz,Stockholm,34846, , ,0,0,0,0,0,0,0,0,0,0,0,0,0,0,0,0,.000,.000,0,-0.0,0.0,0,0,-0.0,0.0,0.0,0.0,4,0,8.0,34,33,8,4,2,0,2,5,2,1,0,8,0,.261,0,0,0,1,4,0.45,30,120,6,9,0,0,5.30,0.1,0.1,0.1,2.82,1,4,0,0,0,0,0,0,0,.000,0.00,0.1,.000,0,0,8.0,0,0,0.00,0,0,0,0,0,0,0,0,0,0,0,-0.3,0.0
35,RP,Jose Ruiz,Phoenix,34846, , ,0,0,0,0,0,0,0,0,0,0,0,0,0,0,0,0,.000,.000,0,-0.0,0.0,0,0,-0.0,0.0,0.0,0.0,5,0,5.1,29,23,8,4,1,0,3,7,7,5,0,9,0,.417,0,1,0,0,5,0.58,25,129,3,4,1,0,10.42,-0.4,-0.2,-0.2,3.56,1,5,0,0,0,0,0,0,0,.000,0.00,-0.3,.000,1,0,5.1,0,0,0.00,0,0,0,0,0,0,0,0,0,0,0,-0.5,0.0
537,RP,Eduardo Sanchez,Bern,39410, , ,0,0,0,0,0,0,0,0,0,0,0,0,0,0,0,0,.000,.000,0,-0.0,0.0,0,0,-0.0,0.0,0.0,0.0,3,0,7.1,35,24,4,2,1,1,0,6,6,9,0,6,0,.211,1,1,0,0,3,0.38,45,137,5,11,0,0,5.72,0.0,0.1,-0.0,6.45,1,3,0,0,0,0,0,0,0,.000,0.00,0.1,.000,0,0,7.1,0,0,0.00,0,0,0,0,0,0,0,0,0,0,0,-0.1,0.0
336,RP,Josh Sborz,Stockholm,34557, , ,0,0,0,0,0,0,0,0,0,0,0,0,0,0,0,0,.000,.000,0,-0.0,0.0,0,0,-0.0,0.0,0.0,0.0,4,0,4.2,28,23,9,6,0,0,3,8,5,5,0,4,0,.375,0,0,0,2,4,0.92,25,102,5,4,0,0,13.53,-0.4,-0.3,-0.3,5.88,1,4,0,0,0,0,0,0,0,.000,0.00,0.1,.000,0,0,4.2,0,0,0.00,0,0,0,0,0,0,0,0,0,0,0,-0.1,0.0
485,RP,JP Sears,Free,40798, , ,0,0,0,0,0,0,0,0,0,0,0,0,0,0,0,0,.000,.000,0,-0.0,0.0,0,0,-0.0,0.0,0.0,0.0,3,0,4.0,16,15,3,2,0,0,1,1,1,1,0,6,0,.250,0,0,0,0,3,1.29,21,63,2,4,0,0,4.67,0.1,0.1,0.2,1.26,1,3,0,0,0,0,0,0,0,.000,0.00,0.1,.000,0,0,4.0,0,0,0.00,0,0,0,0,0,0,0,0,0,0,0,0.1,0.0
179,RP,JP Sears,Mighty,40798, , ,0,0,0,0,0,0,0,0,0,0,0,0,0,0,0,0,.000,.000,0,-0.0,0.0,0,0,-0.0,0.0,0.0,0.0,9,0,14.0,56,49,8,5,3,0,0,2,2,7,0,19,0,.267,0,0,0,1,9,1.07,25,233,13,9,0,0,2.46,0.6,0.6,0.8,2.79,1,9,0,2,1,1,0,0,0,1.000,1.29,0.3,1.043,0,0,14.0,0,0,0.00,0,0,1,1,0,0,0,0,0,0,0,0.3,0.0
21,RP,JP Sears,Appleton,40798, , ,0,0,0,0,0,0,0,0,0,0,0,0,0,0,0,0,.000,.000,0,-0.0,0.0,0,0,-0.0,0.0,0.0,0.0,2,0,3.0,15,13,4,2,0,0,2,5,3,2,0,2,0,.222,0,0,0,0,2,0.75,34,69,3,4,0,0,13.01,-0.5,-0.2,-0.2,5.59,1,2,0,0,0,0,0,0,0,.000,0.00,0.0,.000,0,0,3.0,0,0,0.00,0,0,0,0,0,0,0,0,0,0,0,0.0,0.0
495,RP,Bryan Shaw,Marble,34786, , ,0,0,0,0,0,0,0,0,0,0,0,0,0,0,0,0,.000,.000,0,-0.0,0.0,0,0,-0.0,0.0,0.0,0.0,2,0,3.2,23,18,9,5,0,1,3,6,6,5,1,6,0,.667,0,0,0,0,2,1.54,45,90,2,1,0,0,14.31,-0.5,-0.3,-0.3,4.72,1,2,0,1,0,1,0,0,0,1.000,2.45,0.1,.000,0,0,3.2,0,0,0.00,0,0,0,0,0,0,0,0,0,0,0,0.0,0.0
421,RP,Bryan Shaw,Radium,34786, , ,0,0,0,0,0,0,0,0,0,0,0,0,0,0,0,0,.000,.000,0,-0.0,0.0,0,0,-0.0,0.0,0.0,0.0,2,0,2.1,13,10,5,5,0,0,0,1,1,3,0,3,0,.714,0,0,0,0,2,1.38,28,57,1,1,0,1,4.96,-0.2,0.0,0.1,5.27,1,2,0,0,0,0,0,0,0,.000,0.00,0.1,.000,1,1,2.1,0,0,0.00,0,0,0,0,0,0,0,0,0,0,0,0.1,0.0
580,RP,Ryan Sherriff,Baseball,34395, , ,0,0,0,0,0,0,0,0,0,0,0,0,0,0,0,0,.000,.000,0,-0.0,0.0,0,0,-0.0,0.0,0.0,0.0,4,0,4.1,20,13,2,1,1,0,0,1,1,6,0,4,0,.222,1,0,0,1,4,0.48,20,82,4,4,0,0,5.98,0.0,0.0,0.2,6.48,1,4,0,1,0,1,0,0,0,1.000,2.08,0.1,.000,0,0,4.1,0,0,0.00,0,0,0,0,0,0,0,0,0,0,0,0.0,0.0
184,RP,Ryan Sherriff,Lebowski,34395, , ,0,0,0,0,0,0,0,0,0,0,0,0,0,0,0,0,.000,.000,0,-0.0,0.0,0,0,-0.0,0.0,0.0,0.0,7,0,6.2,26,24,4,2,2,0,0,2,1,2,0,4,0,.200,0,0,0,1,7,0.78,15,105,7,8,0,0,3.37,0.1,0.2,0.3,4.61,1,7,0,0,0,0,0,0,0,.000,0.00,0.1,.000,0,0,6.2,0,0,0.00,0,0,0,0,0,0,0,0,0,0,0,0.0,0.0
14,RP,Jim Slaton,Appleton,36726, , ,0,0,0,0,0,0,0,0,0,0,0,0,0,0,0,0,.000,.000,0,-0.0,0.0,0,0,-0.0,0.0,0.0,0.0,3,0,3.2,23,19,8,4,3,0,1,9,9,4,0,6,0,.583,0,0,1,0,3,0.23,33,101,2,3,0,0,7.22,-0.0,-0.0,-0.4,4.22,1,3,0,0,0,0,0,0,0,.000,0.00,0.1,.000,0,0,3.2,0,0,0.00,0,0,0,0,0,0,0,0,0,0,0,-0.3,0.0
773,RP,Aaron Small,Sugar Land,39675, , ,0,0,0,0,0,0,0,0,0,0,0,0,0,0,0,0,.000,.000,0,-0.0,0.0,0,0,-0.0,0.0,0.0,0.0,3,0,3.1,15,14,4,3,0,0,1,1,1,1,0,5,0,.375,0,0,0,0,3,0.45,19,59,2,3,0,0,5.47,-0.0,0.0,0.1,1.99,1,3,0,0,0,0,0,0,0,.000,0.00,0.1,.000,0,0,3.1,0,0,0.00,0,0,0,0,0,0,0,0,0,0,0,-0.1,0.0
366,RP,Aaron Small,Iron,39675, , ,0,0,0,0,0,0,0,0,0,0,0,0,0,0,0,0,.000,.000,0,-0.0,0.0,0,0,-0.0,0.0,0.0,0.0,7,0,6.2,30,29,10,8,1,0,1,4,4,1,0,4,0,.375,0,0,0,1,7,1.17,16,113,5,10,0,0,4.87,-0.5,0.1,0.1,4.33,1,7,0,0,0,0,0,0,0,.000,0.00,0.1,.000,0,0,6.2,0,0,0.00,0,0,0,0,0,0,0,0,0,0,0,-0.3,0.0
160,RP,Zane Smith,Mighty,39665, , ,0,0,0,0,0,0,0,0,0,0,0,0,0,0,0,0,.000,.000,0,-0.0,0.0,0,0,-0.0,0.0,0.0,0.0,8,0,14.1,64,53,15,13,1,0,1,10,9,11,0,11,0,.341,0,0,0,5,8,0.86,30,241,19,7,4,0,5.35,0.0,0.2,0.1,5.46,1,8,0,0,0,0,0,0,0,.000,0.00,-1.6,.000,4,0,14.1,0,0,0.00,0,0,1,0,0,0,0,0,0,0,0,-0.3,0.0
628,RP,Bob Spade,Metropolis,39659, , ,0,0,0,0,0,0,0,0,0,0,0,0,0,0,0,0,.000,.000,0,-0.0,0.0,0,0,-0.0,0.0,0.0,0.0,2,0,6.2,28,28,9,6,2,0,1,3,3,0,0,4,0,.348,0,0,0,1,2,1.09,49,99,9,6,1,0,4.42,-0.1,0.1,0.2,3.91,1,2,0,0,0,0,0,0,0,.000,0.00,-0.3,.000,1,0,6.2,0,0,0.00,0,0,0,0,0,0,0,0,0,0,0,0.4,0.0
656,RP,Ryne Stanek,Sacramento,34541, , ,0,0,0,0,0,0,0,0,0,0,0,0,0,0,0,0,.000,.000,0,-0.0,0.0,0,0,-0.0,0.0,0.0,0.0,7,0,10.2,43,32,3,0,1,0,2,5,5,9,0,13,1,.056,0,1,0,1,7,0.62,27,194,7,10,0,0,6.49,0.2,0.0,0.3,4.06,1,7,0,0,0,0,0,0,0,.000,0.00,0.2,.000,0,0,10.2,0,0,0.00,0,0,0,0,0,0,0,0,0,0,0,-0.3,0.0
630,RP,Ryne Stanek,Metropolis,34541, , ,0,0,0,0,0,0,0,0,0,0,0,0,0,0,0,0,.000,.000,0,-0.0,0.0,0,0,-0.0,0.0,0.0,0.0,3,0,3.0,9,9,1,0,0,0,1,1,1,0,0,4,0,.000,0,0,0,0,3,0.80,13,40,2,2,0,0,5.34,0.2,0.0,0.1,0.11,1,3,0,0,0,0,0,0,0,.000,0.00,0.0,.000,0,0,3.0,0,0,0.00,0,0,0,0,0,0,0,0,0,0,0,-0.1,0.0
481,RP,Ryne Stanek,Free,34541, , ,0,0,0,0,0,0,0,0,0,0,0,0,0,0,0,0,.000,.000,0,-0.0,0.0,0,0,-0.0,0.0,0.0,0.0,2,0,3.0,14,12,2,0,2,0,0,2,0,2,0,6,0,.333,0,0,0,0,2,2.81,28,56,2,1,0,0,1.67,-0.1,0.3,0.1,2.06,1,2,0,0,0,0,0,0,0,.000,0.00,0.0,.000,0,0,3.0,0,0,0.00,0,0,0,0,0,0,0,0,0,0,0,-0.1,0.0
712,RP,Hunter Strickland,South Alberta,40549, , ,0,0,0,0,0,0,0,0,0,0,0,0,0,0,0,0,.000,.000,0,-0.0,0.0,0,0,-0.0,0.0,0.0,0.0,4,0,5.2,29,27,11,8,0,0,3,5,4,2,0,6,0,.444,0,0,0,0,4,0.49,27,110,6,4,2,0,9.50,0.0,-0.1,-0.0,3.77,1,4,0,0,0,0,0,0,0,.000,0.00,-0.7,.000,2,0,5.2,0,0,0.00,0,0,0,0,0,0,0,0,0,0,0,0.3,0.0
608,RP,Brent Strom,Rosarito,39644, , ,0,0,0,0,0,0,0,0,0,0,0,0,0,0,0,0,.000,.000,0,-0.0,0.0,0,0,-0.0,0.0,0.0,0.0,5,0,5.1,26,23,8,6,0,0,2,4,4,1,0,7,1,.429,1,0,0,0,5,0.68,17,88,4,5,0,0,7.05,0.1,-0.0,0.0,2.53,1,5,0,1,1,0,0,0,0,1.000,1.69,0.1,1.043,0,0,5.1,0,0,0.00,0,0,0,0,0,0,0,0,0,0,0,-0.3,0.0
810,RP,Brent Suter,Montreal,34276, , ,0,0,0,0,0,0,0,0,0,0,0,0,0,0,0,0,.000,.000,0,-0.0,0.0,0,0,-0.0,0.0,0.0,0.0,5,0,5.0,21,19,6,3,2,0,1,2,2,1,0,5,0,.385,1,0,0,0,5,0.91,17,86,4,5,0,1,4.87,0.1,0.1,0.2,3.05,1,5,0,1,1,0,0,0,0,1.000,1.80,0.2,1.043,1,1,5.0,0,0,0.00,0,0,0,0,0,0,0,0,0,0,0,0.1,0.0
507,RP,Brent Suter,Marble,34276, , ,0,0,0,0,0,0,0,0,0,0,0,0,0,0,0,0,.000,.000,0,-0.0,0.0,0,0,-0.0,0.0,0.0,0.0,4,0,5.1,23,18,1,1,0,0,0,4,3,4,0,5,0,.077,1,0,0,0,4,0.50,26,107,6,5,0,0,4.05,0.1,0.1,0.0,4.79,1,4,0,0,0,0,0,0,0,.000,0.00,0.1,.000,0,0,5.1,0,0,0.00,0,0,0,0,0,0,0,0,0,0,0,0.1,0.0
484,RP,Brent Suter,Free,34276, , ,0,0,0,0,0,0,0,0,0,0,0,0,0,0,0,0,.000,.000,0,-0.0,0.0,0,0,-0.0,0.0,0.0,0.0,3,0,4.0,17,15,5,2,1,0,2,4,4,1,0,5,0,.333,0,1,0,1,3,0.98,20,60,4,2,0,0,8.42,-0.4,-0.1,-0.1,2.67,1,3,0,0,0,0,0,0,0,.000,0.00,0.1,.000,0,0,4.0,0,0,0.00,0,0,0,0,0,0,0,0,0,0,0,-0.0,0.0
379,RP,Brent Suter,Iron,34276, , ,0,0,0,0,0,0,0,0,0,0,0,0,0,0,0,0,.000,.000,0,-0.0,0.0,0,0,-0.0,0.0,0.0,0.0,5,0,6.1,35,30,10,8,2,0,0,1,1,5,0,7,0,.435,0,0,0,0,5,0.93,28,140,2,10,0,0,3.83,-0.0,0.2,0.3,4.47,1,5,0,0,0,0,0,0,0,.000,0.00,0.1,.000,0,0,6.1,0,0,0.00,0,0,0,0,0,0,0,0,0,0,0,-0.0,0.0
95,RP,Brent Suter,GKT,34276, , ,0,0,0,0,0,0,0,0,0,0,0,0,0,0,0,0,.000,.000,0,-0.0,0.0,0,0,-0.0,0.0,0.0,0.0,3,0,3.2,15,12,1,0,0,0,1,3,3,3,0,8,0,.000,0,0,0,0,3,0.75,25,76,3,0,0,0,5.31,-0.0,0.0,-0.0,2.32,1,3,0,0,0,0,0,0,0,.000,0.00,0.1,.000,0,0,3.2,0,0,0.00,0,0,0,0,0,0,0,0,0,0,0,-0.1,0.0
33,RP,Brent Suter,Phoenix,34276, , ,0,0,0,0,0,0,0,0,0,0,0,0,0,0,0,0,.000,.000,0,-0.0,0.0,0,0,-0.0,0.0,0.0,0.0,7,0,6.2,30,26,7,6,1,0,0,5,5,3,0,7,0,.350,0,1,2,1,7,0.93,18,126,3,9,0,0,2.92,0.1,0.2,0.0,3.48,1,7,0,0,0,0,0,0,0,.000,0.00,0.1,.000,0,0,6.2,0,0,0.00,0,0,0,0,0,0,0,0,0,0,0,0.3,0.0
411,RP,Blake Taylor,Winterfell,34547, , ,0,0,0,0,0,0,0,0,0,0,0,0,0,0,0,0,.000,.000,0,-0.0,0.0,0,0,-0.0,0.0,0.0,0.0,2,0,2.1,13,11,6,4,0,0,2,5,5,2,0,1,0,.500,0,0,0,2,2,0.14,20,41,3,1,0,0,16.53,-0.0,-0.2,-0.2,6.51,1,2,0,0,0,0,0,0,0,.000,0.00,0.0,.000,0,0,2.1,0,0,0.00,0,0,0,0,0,0,0,0,0,0,0,-0.1,0.0
802,RP,Trent Thornton,Montreal,34858, , ,0,0,0,0,0,0,0,0,0,0,0,0,0,0,0,0,.000,.000,0,-0.0,0.0,0,0,-0.0,0.0,0.0,0.0,9,0,8.1,36,34,6,4,0,0,2,2,2,2,0,11,0,.190,0,0,0,0,9,1.09,16,146,8,6,0,0,4.87,0.2,0.1,0.4,2.38,1,9,0,2,2,0,0,0,0,1.000,2.16,0.3,1.043,0,0,8.1,0,0,0.00,1,1,0,0,1,1,0,0,0,0,0,-0.5,0.0
642,RP,Trent Thornton,Sacramento,34858, , ,0,0,0,0,0,0,0,0,0,0,0,0,0,0,0,0,.000,.000,0,-0.0,0.0,0,0,-0.0,0.0,0.0,0.0,7,0,12.1,54,47,12,10,2,0,0,2,2,6,0,14,0,.353,0,1,0,1,7,0.77,28,201,8,14,0,0,2.86,-0.0,0.4,0.6,3.42,1,7,0,1,1,0,0,0,0,1.000,0.73,0.2,1.043,0,0,12.1,0,0,0.00,0,0,1,0,1,1,0,0,0,0,0,0.1,0.0
259,RP,Trent Thornton,Kennereigh,34858, , ,0,0,0,0,0,0,0,0,0,0,0,0,0,0,0,0,.000,.000,0,-0.0,0.0,0,0,-0.0,0.0,0.0,0.0,3,0,8.0,33,30,6,4,0,0,2,3,3,3,0,10,0,.222,0,0,0,0,3,0.72,44,133,7,7,0,0,5.55,0.1,0.1,0.3,2.74,1,3,0,0,0,0,0,0,0,.000,0.00,0.1,.000,0,0,8.0,0,0,0.00,0,0,0,0,0,0,0,0,0,0,0,0.0,0.0
103,RP,Trent Thornton,GKT,34858, , ,0,0,0,0,0,0,0,0,0,0,0,0,0,0,0,0,.000,.000,0,-0.0,0.0,0,0,-0.0,0.0,0.0,0.0,3,0,5.1,21,20,5,3,1,0,1,3,3,1,0,7,0,.333,0,0,0,0,3,0.61,24,74,2,6,0,0,4.05,-0.1,0.1,0.1,1.39,1,3,0,0,0,0,0,0,0,.000,0.00,-0.2,.000,0,0,5.1,0,0,0.00,1,0,0,0,0,0,0,0,0,0,0,-0.1,0.0
350,RP,Justin Topa,brAin,34280, , ,0,0,0,0,0,0,0,0,0,0,0,0,0,0,0,0,.000,.000,0,-0.0,0.0,0,0,-0.0,0.0,0.0,0.0,4,0,4.0,24,21,10,5,4,0,1,7,7,3,0,6,0,.643,0,0,0,0,4,1.68,22,90,3,2,0,0,6.17,-0.6,0.0,-0.4,3.82,1,4,0,0,0,0,0,0,0,.000,0.00,0.1,.000,0,0,4.0,0,0,0.00,0,0,0,0,0,0,0,0,0,0,0,-0.0,0.0
716,RP,Elam Vangilder,South Alberta,39255, , ,0,0,0,0,0,0,0,0,0,0,0,0,0,0,0,0,.000,.000,0,-0.0,0.0,0,0,-0.0,0.0,0.0,0.0,4,0,6.0,24,22,3,3,0,0,0,0,0,2,0,5,0,.176,0,0,0,0,4,0.55,23,93,7,6,0,0,3.01,0.1,0.2,0.4,3.90,1,4,0,1,1,0,0,0,0,1.000,1.50,0.1,1.043,0,0,6.0,0,0,0.00,0,0,0,0,0,0,0,0,0,0,0,0.0,0.0
721,RP,Andrew Vasquez,South Alberta,40833, , ,0,0,0,0,0,0,0,0,0,0,0,0,0,0,0,0,.000,.000,0,-0.0,0.0,0,0,-0.0,0.0,0.0,0.0,3,0,5.0,18,16,0,0,0,0,0,0,0,2,0,11,0,.000,0,0,0,0,3,0.54,30,90,0,4,0,0,0.47,0.1,0.3,0.3,-1.27,1,3,0,0,0,0,0,0,0,.000,0.00,0.1,.000,0,0,5.0,0,0,0.00,0,0,0,0,0,0,0,0,0,0,0,0.0,0.0
261,RP,Vince Velasquez,Bellingham,34820, , ,0,0,0,0,0,0,0,0,0,0,0,0,0,0,0,0,.000,.000,0,-0.0,0.0,0,0,-0.0,0.0,0.0,0.0,2,0,0.1,5,3,2,0,0,0,2,3,3,2,0,0,0,.000,0,0,0,0,2,0.30,14,29,0,1,0,0,99.20,-0.0,-0.3,-0.2,11.24,1,1,0,0,0,0,0,0,0,.000,0.00,0.0,.000,0,0,0.1,0,0,0.00,0,0,0,0,0,0,0,0,0,0,0,-0.3,0.0
64,RP,Alexander Wells,BZH,40828, , ,0,0,0,0,0,0,0,0,0,0,0,0,0,0,0,0,.000,.000,0,-0.0,0.0,0,0,-0.0,0.0,0.0,0.0,13,0,14.2,66,61,18,10,4,0,4,14,12,4,0,18,0,.359,1,0,0,0,13,0.89,21,279,17,8,1,1,5.58,-0.6,0.1,-0.2,2.98,1,13,0,3,3,0,0,0,0,1.000,1.84,0.1,1.043,2,1,14.2,0,0,0.00,2,2,0,0,1,1,0,0,0,0,0,0.1,0.0
694,RP,Brad Wieck,Dallas,40618, , ,0,0,0,0,0,0,0,0,0,0,0,0,0,0,0,0,.000,.000,0,-0.0,0.0,0,0,-0.0,0.0,0.0,0.0,2,0,2.0,11,11,5,4,0,0,1,2,2,0,0,0,0,.400,0,0,0,0,2,0.75,21,42,3,3,0,0,10.17,-0.0,-0.1,-0.0,6.14,1,2,0,1,1,0,0,0,0,1.000,4.50,0.1,1.043,0,0,2.0,0,0,0.00,1,1,0,0,0,0,0,0,0,0,0,0.0,0.0
458,RP,Brad Wieck,Rocky Top,40618, , ,0,0,0,0,0,0,0,0,0,0,0,0,0,0,0,0,.000,.000,0,-0.0,0.0,0,0,-0.0,0.0,0.0,0.0,3,0,3.0,15,10,2,0,0,0,2,4,4,5,0,4,0,.000,0,0,0,1,3,0.77,20,62,1,3,0,0,14.67,-0.0,-0.2,-0.1,5.97,1,3,0,0,0,0,0,0,0,.000,0.00,0.0,.000,0,0,3.0,0,0,0.00,0,0,0,0,0,0,0,0,0,0,0,0.0,0.0
323,RP,Brad Wieck,Stockholm,40618, , ,0,0,0,0,0,0,0,0,0,0,0,0,0,0,0,0,.000,.000,0,-0.0,0.0,0,0,-0.0,0.0,0.0,0.0,5,0,5.2,30,25,9,6,1,0,2,5,3,5,0,10,0,.538,0,0,0,1,5,1.06,23,119,4,2,0,0,7.38,0.1,-0.0,-0.0,3.31,1,5,0,0,0,0,0,0,0,.000,0.00,0.1,.000,0,0,5.2,0,0,0.00,0,0,0,0,0,0,0,0,0,0,0,-0.1,0.0
109,RP,Brad Wieck,Auckland,40618, , ,0,0,0,0,0,0,0,0,0,0,0,0,0,0,0,0,.000,.000,0,-0.0,0.0,0,0,-0.0,0.0,0.0,0.0,11,0,11.0,49,38,9,6,3,0,0,3,3,11,0,14,0,.375,0,0,0,2,11,1.82,19,216,7,7,0,1,4.13,0.3,0.4,0.6,4.48,1,11,0,1,0,0,1,0,0,.000,0.00,-0.3,.000,1,1,11.0,0,0,0.00,0,0,1,0,1,0,0,0,0,0,0,-0.7,0.0
85,RP,Josh Winder,GKT,40759, , ,0,0,0,0,0,0,0,0,0,0,0,0,0,0,0,0,.000,.000,0,-0.0,0.0,0,0,-0.0,0.0,0.0,0.0,3,0,5.1,22,19,3,1,2,0,0,0,0,3,0,5,0,.214,0,0,0,0,3,0.93,30,91,4,7,0,0,3.49,0.2,0.2,0.3,4.15,1,3,0,2,2,0,0,0,0,1.000,3.38,0.1,1.043,0,0,5.1,0,0,0.00,2,2,0,0,0,0,0,0,0,0,0,-0.7,0.0
240,RP,Jake Woodford,Kennereigh,34188, , ,0,0,0,0,0,0,0,0,0,0,0,0,0,0,0,0,.000,.000,0,-0.0,0.0,0,0,-0.0,0.0,0.0,0.0,4,0,8.0,37,30,7,2,4,0,1,4,4,7,0,9,0,.300,0,0,0,1,4,0.64,46,184,5,9,0,0,5.67,-0.0,0.1,0.2,4.59,1,4,0,2,1,1,0,0,0,1.000,2.25,0.1,1.043,0,0,8.0,0,0,0.00,1,1,0,0,0,0,0,0,0,0,0,0.1,0.0
82,RP,Jake Woodford,GKT,34188, , ,0,0,0,0,0,0,0,0,0,0,0,0,0,0,0,0,.000,.000,0,-0.0,0.0,0,0,-0.0,0.0,0.0,0.0,4,0,4.2,21,19,5,3,1,0,1,5,5,1,0,6,1,.333,0,0,1,0,4,1.00,20,80,3,5,1,0,5.17,-0.5,0.1,-0.1,2.33,1,4,0,0,0,0,0,0,0,.000,0.00,-0.3,.000,1,0,4.2,0,0,0.00,0,0,0,0,0,0,0,0,0,0,0,-0.1,0.0
765,RP,Miguel Yajure,Sugar Land,34220, , ,0,0,0,0,0,0,0,0,0,0,0,0,0,0,0,0,.000,.000,0,-0.0,0.0,0,0,-0.0,0.0,0.0,0.0,3,0,6.1,34,30,12,5,0,1,6,9,9,4,0,4,0,.300,0,0,0,1,3,0.51,38,116,5,8,0,1,16.62,-0.1,-0.5,-0.3,5.66,1,3,0,0,0,0,0,0,0,.000,0.00,0.2,.000,1,1,6.1,0,0,0.00,0,0,0,0,0,0,0,0,0,0,0,-0.1,0.0
339,RP,Tyler Zuber,brAin,40637, , ,0,0,0,0,0,0,0,0,0,0,0,0,0,0,0,0,.000,.000,0,-0.0,0.0,0,0,-0.0,0.0,0.0,0.0,3,0,2.1,13,10,3,1,0,1,1,4,4,3,0,4,0,.400,0,0,0,0,3,0.78,18,55,1,2,0,0,9.67,0.0,-0.1,-0.2,4.24,1,3,0,0,0,0,0,0,0,.000,0.00,0.0,.000,0,0,2.1,0,0,0.00,0,0,0,0,0,0,0,0,0,0,0,0.1,0.0
406,CL,Jason Adam,Winterfell,34889, , ,0,0,0,0,0,0,0,0,0,0,0,0,0,0,0,0,.000,.000,0,-0.0,0.0,0,0,-0.0,0.0,0.0,0.0,3,0,3.1,14,11,1,0,0,0,1,1,1,3,0,5,0,.000,0,0,0,0,3,0.38,19,58,2,3,0,0,7.27,-0.0,-0.0,0.1,3.42,1,3,0,0,0,0,0,0,0,.000,0.00,0.1,.000,0,0,3.1,0,0,0.00,0,0,0,0,0,0,0,0,0,0,0,-0.1,0.0
166,CL,Kolby Allard,Mighty,34581, , ,0,0,0,0,0,0,0,0,0,0,0,0,0,0,0,0,.000,.000,0,-0.0,0.0,0,0,-0.0,0.0,0.0,0.0,7,0,8.1,31,29,5,4,0,0,1,1,1,2,0,9,0,.211,0,0,0,1,7,1.91,19,137,10,5,0,0,3.79,0.9,0.3,0.6,2.89,1,7,0,2,2,0,0,0,0,1.000,2.16,0.2,1.043,0,0,8.1,0,0,0.00,2,2,0,0,0,0,0,0,0,0,0,0.0,0.0
438,CL,Bill Bailey,Radium,40481, , ,0,0,0,0,0,0,0,0,0,0,0,0,0,0,0,0,.000,.000,0,-0.0,0.0,0,0,-0.0,0.0,0.0,0.0,4,0,5.0,22,18,3,2,0,0,1,1,1,3,0,7,0,.200,1,0,0,0,4,0.56,19,79,3,5,0,0,5.27,0.1,0.1,0.2,2.96,1,4,0,1,1,0,0,0,0,1.000,1.80,0.1,1.043,0,0,5.0,0,0,0.00,0,0,0,0,0,0,0,0,0,0,0,0.3,0.0
575,CL,Tanner Banks,Baseball,40688, , ,0,0,0,0,0,0,0,0,0,0,0,0,0,0,0,0,.000,.000,0,-0.0,0.0,0,0,-0.0,0.0,0.0,0.0,5,0,9.2,44,39,15,12,2,0,1,7,7,4,0,9,0,.467,0,1,0,3,5,0.87,36,184,8,8,0,1,4.40,-0.6,0.2,0.1,4.03,1,5,0,1,1,0,0,0,0,1.000,0.93,0.2,.000,1,1,9.2,0,0,0.00,0,0,0,0,0,0,0,0,0,0,0,-0.3,0.0
378,CL,Tanner Banks,Iron,40688, , ,0,0,0,0,0,0,0,0,0,0,0,0,0,0,0,0,.000,.000,0,-0.0,0.0,0,0,-0.0,0.0,0.0,0.0,6,0,5.2,29,26,11,6,1,0,4,8,7,2,0,6,0,.412,0,1,0,2,6,2.24,20,120,5,4,0,0,11.79,-2.5,-0.4,-0.4,3.75,1,6,0,0,0,0,0,0,0,.000,0.00,0.1,.000,0,0,5.2,0,0,0.00,0,0,0,0,0,0,0,0,0,0,0,-0.4,0.0
83,CL,JT Brubaker,GKT,34243, , ,0,0,0,0,0,0,0,0,0,0,0,0,0,0,0,0,.000,.000,0,-0.0,0.0,0,0,-0.0,0.0,0.0,0.0,2,0,2.0,8,6,0,0,0,0,0,0,0,2,0,4,0,.000,0,0,0,0,2,0.25,22,45,1,1,0,0,2.67,0.0,0.1,0.1,2.42,1,2,0,1,1,0,0,0,0,1.000,4.50,0.1,1.043,0,0,2.0,0,0,0.00,1,1,0,0,0,0,0,0,0,0,0,0.1,0.0
45,CL,JT Brubaker,Phoenix,34243, , ,0,0,0,0,0,0,0,0,0,0,0,0,0,0,0,0,.000,.000,0,-0.0,0.0,0,0,-0.0,0.0,0.0,0.0,4,0,7.1,30,25,4,4,0,0,0,1,1,5,0,9,0,.250,0,0,0,1,4,1.34,31,126,7,5,0,0,3.26,0.2,0.3,0.5,3.69,1,4,0,1,1,0,0,0,0,1.000,1.23,0.1,1.043,0,0,7.1,0,0,0.00,1,1,0,0,0,0,0,0,0,0,0,-0.5,0.0
640,CL,Tim Byrdak,Metropolis,40404, , ,0,0,0,0,0,0,0,0,0,0,0,0,0,0,0,0,.000,.000,0,-0.0,0.0,0,0,-0.0,0.0,0.0,0.0,2,0,3.0,12,11,2,2,0,0,0,1,0,1,0,6,0,.400,0,0,0,0,2,0.27,23,46,3,0,0,0,0.67,0.0,0.2,0.1,1.63,1,2,0,0,0,0,0,0,0,.000,0.00,0.0,.000,0,0,3.0,0,0,0.00,0,0,0,0,0,0,0,0,0,0,0,0.1,0.0
349,CL,Matt Capps,brAin,39495, , ,0,0,0,0,0,0,0,0,0,0,0,0,0,0,0,0,.000,.000,0,-0.0,0.0,0,0,-0.0,0.0,0.0,0.0,3,0,3.2,15,14,3,0,1,0,2,2,2,1,0,2,0,.100,0,0,0,0,3,2.15,18,54,3,6,0,0,10.49,0.0,-0.2,0.1,4.68,1,3,0,0,0,0,0,0,0,.000,0.00,0.1,.000,0,0,3.2,0,0,0.00,0,0,0,0,0,0,0,0,0,0,0,-0.1,0.0
757,CL,Miguel Castro,Berlin,34439, , ,0,0,0,0,0,0,0,0,0,0,0,0,0,0,0,0,.000,.000,0,-0.0,0.0,0,0,-0.0,0.0,0.0,0.0,6,0,6.0,36,29,12,10,0,0,2,15,15,7,0,9,0,.556,0,0,0,0,6,1.04,26,156,5,3,0,0,8.51,0.3,-0.1,-0.7,4.60,1,6,0,3,3,0,0,0,0,1.000,4.50,0.1,1.043,0,0,6.0,0,0,0.00,1,1,0,0,0,0,0,0,0,0,0,-0.3,0.0
762,CL,Jesse Chavez,Sugar Land,34317, , ,0,0,0,0,0,0,0,0,0,0,0,0,0,0,0,0,.000,.000,0,-0.0,0.0,0,0,-0.0,0.0,0.0,0.0,3,0,4.2,23,19,6,4,0,0,2,5,5,3,0,3,1,.286,0,0,0,1,3,1.19,31,93,4,6,0,0,10.53,0.2,-0.2,-0.1,5.61,1,3,0,0,0,0,0,0,0,.000,0.00,0.1,.000,0,0,4.2,0,0,0.00,0,0,0,0,0,0,0,0,0,0,0,-0.1,0.0
515,CL,Jesse Chavez,Strickland,34317, , ,0,0,0,0,0,0,0,0,0,0,0,0,0,0,0,0,.000,.000,0,-0.0,0.0,0,0,-0.0,0.0,0.0,0.0,5,0,5.0,22,21,5,4,0,0,1,2,2,1,0,3,0,.235,0,0,0,0,5,2.31,14,74,5,7,1,0,5.67,-0.4,0.1,0.3,4.50,1,5,0,0,0,0,0,0,0,.000,0.00,-0.3,.000,1,0,5.0,0,0,0.00,0,0,0,0,0,0,0,0,0,0,0,0.4,0.0
194,CL,Jose Cisnero,Lebowski,34777, , ,0,0,0,0,0,0,0,0,0,0,0,0,0,0,0,0,.000,.000,0,-0.0,0.0,0,0,-0.0,0.0,0.0,0.0,5,0,5.0,19,18,3,1,1,0,1,3,3,1,0,7,0,.200,0,0,0,0,5,0.77,14,73,3,5,0,0,4.07,0.1,0.1,0.1,1.29,1,5,0,0,0,0,0,0,0,.000,0.00,0.1,.000,0,0,5.0,0,0,0.00,0,0,0,0,0,0,0,0,0,0,0,-0.1,0.0
222,CL,Alex Colome,Muktown,35811, , ,0,0,0,0,0,0,0,0,0,0,0,0,0,0,0,0,.000,.000,0,-0.0,0.0,0,0,-0.0,0.0,0.0,0.0,10,0,8.2,49,37,12,9,3,0,0,10,9,10,0,10,0,.414,0,2,1,0,10,1.22,19,199,8,8,0,0,4.83,-0.0,0.2,-0.3,5.33,1,10,0,2,1,1,0,0,0,1.000,2.08,0.2,1.043,0,0,8.2,0,0,0.00,0,0,0,0,0,0,0,0,0,0,0,-0.1,0.0
613,CL,Paul Fry,Rosarito,35002, , ,0,0,0,0,0,0,0,0,0,0,0,0,0,0,0,0,.000,.000,0,-0.0,0.0,0,0,-0.0,0.0,0.0,0.0,3,0,3.2,15,14,3,1,0,0,2,2,2,1,0,6,0,.167,0,0,0,0,3,0.70,20,62,4,1,0,0,8.31,-0.2,-0.1,0.1,1.97,1,3,0,0,0,0,0,0,0,.000,0.00,0.1,.000,0,0,3.2,0,0,0.00,0,0,0,0,0,0,0,0,0,0,0,0.0,0.0
150,CL,Paul Fry,Baldivis,35002, , ,0,0,0,0,0,0,0,0,0,0,0,0,0,0,0,0,.000,.000,0,-0.0,0.0,0,0,-0.0,0.0,0.0,0.0,6,0,11.2,46,39,7,4,1,0,2,4,4,7,0,11,0,.192,0,0,0,1,6,0.33,29,175,15,6,1,1,5.82,-0.1,0.1,0.4,4.47,1,6,0,2,1,1,0,0,0,1.000,1.54,-0.1,1.043,2,1,11.2,0,0,0.00,1,1,0,0,0,0,0,0,0,0,0,-0.0,0.0
124,CL,Deolis Guerra,Auckland,34631, , ,0,0,0,0,0,0,0,0,0,0,0,0,0,0,0,0,.000,.000,0,-0.0,0.0,0,0,-0.0,0.0,0.0,0.0,8,0,9.1,41,34,10,6,1,0,3,6,6,6,0,11,1,.350,0,0,0,4,8,2.17,20,164,7,6,0,0,7.74,-0.6,-0.2,0.2,3.82,1,8,0,0,0,0,0,0,0,.000,0.00,0.1,.000,0,0,9.1,0,0,0.00,0,0,0,0,0,0,0,0,0,0,0,0.3,0.0
216,CL,Marcel Lachemann,Muktown,39205, , ,0,0,0,0,0,0,0,0,0,0,0,0,0,0,0,0,.000,.000,0,-0.0,0.0,0,0,-0.0,0.0,0.0,0.0,9,0,10.0,51,43,14,9,2,0,3,9,6,8,1,8,0,.344,0,0,1,1,9,1.99,21,195,14,6,0,1,8.07,-0.1,-0.2,-0.1,5.46,1,9,0,1,0,1,0,0,0,1.000,0.90,0.2,.000,1,1,10.0,0,0,0.00,0,0,0,0,0,0,0,0,0,0,0,-0.1,0.0
62,CL,Andres Machado,BZH,34360, , ,0,0,0,0,0,0,0,0,0,0,0,0,0,0,0,0,.000,.000,0,-0.0,0.0,0,0,-0.0,0.0,0.0,0.0,9,0,11.0,47,41,8,6,1,1,0,2,2,6,0,12,0,.276,0,0,0,1,9,1.60,22,199,6,14,0,0,3.13,0.6,0.5,0.7,3.56,1,9,0,2,1,1,0,0,0,1.000,1.64,0.2,1.043,0,0,11.0,0,0,0.00,2,2,0,0,0,0,0,0,0,0,0,-0.1,0.0
244,CL,Mike Minor,Kennereigh,34292, , ,0,0,0,0,0,0,0,0,0,0,0,0,0,0,0,0,.000,.000,0,-0.0,0.0,0,0,-0.0,0.0,0.0,0.0,4,0,6.2,29,24,6,3,1,0,2,5,5,3,0,9,1,.308,1,0,0,0,4,1.92,30,121,3,7,0,1,6.67,0.2,-0.0,0.0,2.56,1,4,0,1,1,0,0,0,0,1.000,1.35,0.2,1.043,1,1,6.2,0,0,0.00,0,0,0,0,0,0,0,0,0,0,0,-0.4,0.0
553,CL,Cal Quantrill,Bern,34805, , ,0,0,0,0,0,0,0,0,0,0,0,0,0,0,0,0,.000,.000,0,-0.0,0.0,0,0,-0.0,0.0,0.0,0.0,2,0,3.2,16,13,2,1,1,0,0,0,0,3,2,5,0,.250,0,0,0,0,2,2.42,24,48,4,2,0,0,1.76,0.4,0.3,0.4,3.87,1,2,0,2,1,1,0,0,0,1.000,4.91,0.1,1.043,0,0,3.2,0,0,0.00,1,1,0,0,0,0,0,0,0,0,0,0.0,0.0
724,CL,Jose Ruiz,South Alberta,34846, , ,0,0,0,0,0,0,0,0,0,0,0,0,0,0,0,0,.000,.000,0,-0.0,0.0,0,0,-0.0,0.0,0.0,0.0,3,0,2.2,11,10,3,3,0,0,0,0,0,1,0,2,0,.375,0,0,0,1,3,2.51,17,51,2,3,0,0,3.30,0.1,0.1,0.3,4.34,1,3,0,0,0,0,0,0,0,.000,0.00,0.0,.000,0,0,2.2,0,0,0.00,0,0,0,0,0,0,0,0,0,0,0,0.0,0.0
697,CL,Jose Ruiz,Dallas,34846, , ,0,0,0,0,0,0,0,0,0,0,0,0,0,0,0,0,.000,.000,0,-0.0,0.0,0,0,-0.0,0.0,0.0,0.0,2,0,2.0,7,6,0,0,0,0,0,0,0,1,0,2,0,.000,0,0,0,0,2,1.39,11,23,3,1,0,0,3.17,0.2,0.1,0.2,4.18,1,2,0,0,0,0,0,0,0,.000,0.00,0.0,.000,0,0,2.0,0,0,0.00,0,0,0,0,0,0,0,0,0,0,0,0.0,0.0
793,CL,Aaron Small,Montreal,39675, , ,0,0,0,0,0,0,0,0,0,0,0,0,0,0,0,0,.000,.000,0,-0.0,0.0,0,0,-0.0,0.0,0.0,0.0,9,0,8.2,38,34,9,3,3,0,3,7,6,4,0,7,0,.250,0,0,0,0,9,1.36,13,122,9,9,0,1,7.94,-0.5,-0.1,-0.0,4.48,1,9,0,0,0,0,0,0,0,.000,0.00,0.2,.000,1,1,8.2,0,0,0.00,0,0,0,0,0,0,0,0,0,0,0,0.3,0.0
678,CL,Aaron Small,Uxbridge,39675, , ,0,0,0,0,0,0,0,0,0,0,0,0,0,0,0,0,.000,.000,0,-0.0,0.0,0,0,-0.0,0.0,0.0,0.0,3,0,1.2,9,9,4,1,1,0,2,4,4,0,0,0,0,.286,0,0,0,0,3,0.34,6,20,3,2,0,0,19.27,-0.4,-0.2,-0.2,6.02,1,2,0,0,0,0,0,0,0,.000,0.00,0.0,.000,0,0,1.2,0,0,0.00,0,0,0,0,0,0,0,0,0,0,0,0.0,0.0
509,CL,Jesse Tannehill,Marble,36585, , ,0,0,0,0,0,0,0,0,0,0,0,0,0,0,0,0,.000,.000,0,-0.0,0.0,0,0,-0.0,0.0,0.0,0.0,4,0,3.1,18,15,6,4,2,0,0,3,2,3,0,6,0,.667,0,0,0,1,4,1.34,16,64,1,1,0,0,2.77,0.0,0.1,-0.0,3.24,1,4,0,0,0,0,0,0,0,.000,0.00,0.1,.000,0,0,3.1,0,0,0.00,0,0,0,0,0,0,0,0,0,0,0,0.1,0.0
315,CL,Jesse Tannehill,Stockholm,36585, , ,0,0,0,0,0,0,0,0,0,0,0,0,0,0,0,0,.000,.000,0,-0.0,0.0,0,0,-0.0,0.0,0.0,0.0,6,0,8.1,34,34,11,6,2,0,3,7,7,0,0,8,0,.348,0,0,0,1,6,1.45,18,111,8,7,0,0,6.43,-0.4,0.0,-0.0,2.59,1,6,0,1,1,0,0,0,0,1.000,1.08,0.2,1.043,0,0,8.1,0,0,0.00,1,1,0,0,0,0,0,0,0,0,0,0.4,0.0
2,CL,Trent Thornton,Appleton,34858, , ,0,0,0,0,0,0,0,0,0,0,0,0,0,0,0,0,.000,.000,0,-0.0,0.0,0,0,-0.0,0.0,0.0,0.0,2,0,4.0,17,12,1,1,0,0,0,0,0,3,1,4,1,.125,1,0,0,0,2,2.31,27,54,3,5,0,0,3.92,0.5,0.2,0.4,4.54,1,2,0,0,0,0,0,0,0,.000,0.00,0.1,.000,0,0,4.0,0,0,0.00,0,0,0,0,0,0,0,0,0,0,0,0.0,0.0
